vehicle,motor_model,prop_diameter_in,battery,battery_capacity_mah,cells_s,total_mass_g,airframe_mass_g,propulsion_mass_g,total_cost_usd,hover_time_min,mission_feasible,mission_total_time_s,mission_total_energy_mah,mission_energy_remaining_mah,throttle_takeoff1,throttle_cruise1,throttle_takeoff2,throttle_cruise2,throttle_takeoff3,throttle_cruise3
Hexacopter,HOBBYWING_H13MD_coaxial_axis,54.0,YANGDA_XTurbo_24S_44Ah,44000,24,58860.0,28810.0,30050.0,7800.0,21.2641284761639,False,1070.9079709864639,54622.014742588464,-10622.014742588464,40.0,40.0,62.0,53.5,40.0,40.0
Hexacopter,HOBBYWING_H13MD_coaxial_axis,54.0,TATTU_NEO_24S_30Ah,30000,24,63030.0,28810.0,34220.0,5668.98,14.498269415566295,False,1072.0067950904672,56211.057619295396,-26211.057619295396,40.0,40.0,62.5,54.0,40.0,40.0
Hexacopter,HOBBYWING_H13MD_coaxial_axis,54.0,MAD_24S_55Ah_solid_state,55000,24,62698.0,28810.0,33888.0,9372.0,26.580160595204873,False,1071.7100768256819,56194.538716146075,-1194.5387161460749,40.0,40.0,62.5,54.0,40.0,40.0
Hexacopter,HOBBYWING_H13MD_coaxial_axis,54.0,MAD_24S_100Ah_solid_state,100000,24,76335.0,28810.0,47525.0,17040.0,48.327564718554314,True,1076.048291951836,61653.8217708968,38346.1782291032,41.0,40.0,65.0,55.5,41.0,40.0
Hexacopter,HOBBYWING_H13MD_coaxial_axis,54.0,12Sx2_series_24S_66Ah,66000,24,67430.0,28810.0,38620.0,11853.6,31.89619271424585,True,1073.2655893955175,57923.874305096004,8076.125694903996,40.0,40.0,63.5,54.5,40.0,40.0
Hexacopter,HOBBYWING_H13MD_coaxial_axis,54.0,12Sx4_2P2S_24S_132Ah,132000,24,88830.0,28810.0,60020.0,23707.2,63.7923854284917,True,1076.8642026709524,67631.6667758988,64368.333224101196,47.0,40.0,67.0,57.0,47.0,40.0
Hexacopter,HOBBYWING_H13MD_coaxial_axis,54.0,Farasis_24S1P_53Ah,53000,24,67731.0,28810.0,38921.0,864.0,25.613609300833787,False,1073.6522049050425,57946.232603467375,-4946.232603467375,40.0,40.0,63.5,54.5,40.0,40.0
Hexacopter,HOBBYWING_H13MD_coaxial_axis,54.0,Farasis_24S2P_106Ah,106000,24,89432.0,28810.0,60622.0,1728.0,51.22721860166757,True,1078.0088480203317,67718.01360375005,38281.98639624995,47.5,40.0,67.0,57.0,47.5,40.0
Hexacopter,HOBBYWING_H13MD_coaxial_axis,54.0,ZYE_UltraHV_24S_66Ah,66000,24,67030.0,28810.0,38220.0,2498.0,31.89619271424585,True,1072.8184686331176,57898.13554571149,8101.864454288509,40.0,40.0,63.5,54.5,40.0,40.0
Hexacopter,HOBBYWING_H13MD_coaxial_axis,54.0,Grepow_TARBG_24S_30Ah,30000,24,55375.0,28810.0,26565.0,5302.78,14.498269415566295,False,1070.373364627855,53179.51246013072,-23179.512460130718,40.0,40.0,61.0,53.0,40.0,40.0
Hexacopter,HOBBYWING_H13MD_coaxial_axis,54.0,Amprius_SA08_24S1P_11Ah,11050,24,48730.0,28810.0,19920.0,4640.0,5.340195901400252,False,1070.6400243468142,49799.62814202295,-38749.62814202295,40.0,40.0,60.0,51.5,40.0,40.0
Hexacopter,HOBBYWING_H13MD_coaxial_axis,54.0,Amprius_SA08_24S2P_22Ah,22100,24,51430.0,28810.0,22620.0,9280.0,10.680391802800504,False,1071.2529011734086,50813.68118840654,-28713.68118840654,40.0,40.0,60.5,52.0,40.0,40.0
Hexacopter,HOBBYWING_H13MD_coaxial_axis,54.0,Amprius_SA88_24S1P_10Ah,10500,24,48477.0,28810.0,19667.0,1944.0,5.0743942954482035,False,1070.3613370431196,49785.774088112186,-39285.774088112186,40.0,40.0,60.0,51.5,40.0,40.0
Hexacopter,HOBBYWING_H13MD_coaxial_axis,54.0,Amprius_SA88_24S2P_21Ah,21000,24,50923.0,28810.0,22113.0,3888.0,10.148788590896407,False,1070.6595028530576,50783.55484086994,-29783.55484086994,40.0,40.0,60.5,52.0,40.0,40.0
Hexacopter,HOBBYWING_H13MD_coaxial_axis,54.0,Grepow_NMC811_24S1P_87Ah,87000,24,68451.0,28810.0,39641.0,15378.12,42.04498130514226,True,1074.882350172375,58017.93327971577,28982.06672028423,40.0,40.0,63.5,54.5,40.0,40.0
Hexacopter,HOBBYWING_H13MD_coaxial_axis,54.0,Grepow_NMC811_24S2P_24Ah,24000,24,52562.0,28810.0,23752.0,4242.24,11.598615532453035,False,1091.2641437406699,51840.03186798818,-27840.031867988182,40.0,40.0,60.5,52.0,40.0,40.0
Hexacopter,HOBBYWING_H13MD_coaxial_axis,54.0,Amprius_SA88_24S4P_42Ah,42000,24,55818.0,28810.0,27008.0,7776.0,20.297577181792814,False,1070.624618673097,53197.44911937128,-11197.449119371282,40.0,40.0,61.5,53.0,40.0,40.0
Hexacopter,HOBBYWING_H13MD_coaxial_axis,54.0,Amprius_SA88_24S6P_63Ah,63000,24,60712.0,28810.0,31902.0,11664.0,30.44636577268922,True,1072.8484826351037,54727.815127460344,8272.184872539656,40.0,40.0,62.0,53.5,40.0,40.0
Hexacopter,HOBBYWING_H13MD_coaxial_axis,54.0,Grepow_NMC811_small_24S4P_48Ah,48000,24,59094.0,28810.0,30284.0,8484.48,23.19723106490607,False,1071.094164614075,54632.08867496002,-6632.088674960018,40.0,40.0,62.0,53.5,40.0,40.0
Hexacopter,HOBBYWING_H15MD_PLUS_coaxial_axis,73.0,YANGDA_XTurbo_24S_44Ah,44000,24,74467.5,29237.5,45230.0,7800.0,13.047023632260634,False,1065.6713769645874,59493.668352341534,-15493.668352341534,40.0,40.0,45.0,40.0,40.0,40.0
Hexacopter,HOBBYWING_H15MD_PLUS_coaxial_axis,73.0,TATTU_NEO_24S_30Ah,30000,24,78637.5,29237.5,49400.0,5668.98,8.895697931086795,False,1066.2076671787197,59533.33935005405,-29533.339350054048,40.0,40.0,45.5,40.0,40.0,40.0
Hexacopter,HOBBYWING_H15MD_PLUS_coaxial_axis,73.0,MAD_24S_55Ah_solid_state,55000,24,78305.5,29237.5,49068.0,9372.0,16.30877954032579,False,1066.2713413096326,59530.02202916378,-4530.022029163782,40.0,40.0,45.0,40.0,40.0,40.0
Hexacopter,HOBBYWING_H15MD_PLUS_coaxial_axis,73.0,MAD_24S_100Ah_solid_state,100000,24,91942.5,29237.5,62705.0,17040.0,29.652326436955985,True,1069.0702927473992,59718.06777420116,40281.93222579884,40.0,40.0,46.5,40.0,40.0,40.0
Hexacopter,HOBBYWING_H15MD_PLUS_coaxial_axis,73.0,12Sx2_series_24S_66Ah,66000,24,83037.5,29237.5,53800.0,11853.6,19.570535448390952,True,1066.8800837865926,59581.00231067596,6418.997689324038,40.0,40.0,46.0,40.0,40.0,40.0
Hexacopter,HOBBYWING_H15MD_PLUS_coaxial_axis,73.0,12Sx4_2P2S_24S_132Ah,132000,24,104437.5,29237.5,75200.0,23707.2,39.141070896781905,True,1070.3142439173093,63598.93867750389,68401.06132249611,40.0,40.0,48.0,41.0,40.0,40.0
Hexacopter,HOBBYWING_H15MD_PLUS_coaxial_axis,73.0,Farasis_24S1P_53Ah,53000,24,83338.5,29237.5,54101.0,864.0,15.715733011586673,False,1066.93893000375,59584.54600260395,-6584.546002603951,40.0,40.0,46.0,40.0,40.0,40.0
Hexacopter,HOBBYWING_H15MD_PLUS_coaxial_axis,73.0,Farasis_24S2P_106Ah,106000,24,105039.5,29237.5,75802.0,1728.0,31.431466023173346,True,1070.5827813944106,63615.61955264841,42384.38044735159,40.0,40.0,48.0,41.0,40.0,40.0
Hexacopter,HOBBYWING_H15MD_PLUS_coaxial_axis,73.0,ZYE_UltraHV_24S_66Ah,66000,24,82637.5,29237.5,53400.0,2498.0,19.570535448390952,True,1066.9196124714144,59576.334247792714,6423.665752207286,40.0,40.0,45.5,40.0,40.0,40.0
Hexacopter,HOBBYWING_H15MD_PLUS_coaxial_axis,73.0,Grepow_TARBG_24S_30Ah,30000,24,70982.5,29237.5,41745.0,5302.78,8.895697931086795,False,1065.290235503849,59463.3224366406,-29463.3224366406,40.0,40.0,44.5,40.0,40.0,40.0
Hexacopter,HOBBYWING_H15MD_PLUS_coaxial_axis,73.0,Amprius_SA08_24S1P_11Ah,11050,24,64337.5,29237.5,35100.0,4640.0,3.2765820712836367,False,1064.659219782061,59410.53296853816,-48360.53296853816,40.0,40.0,43.5,40.0,40.0,40.0
Hexacopter,HOBBYWING_H15MD_PLUS_coaxial_axis,73.0,Amprius_SA08_24S2P_22Ah,22100,24,67037.5,29237.5,37800.0,9280.0,6.553164142567273,False,1064.8814439483067,59431.297392886576,-37331.297392886576,40.0,40.0,44.0,40.0,40.0,40.0
Hexacopter,HOBBYWING_H15MD_PLUS_coaxial_axis,73.0,Amprius_SA88_24S1P_10Ah,10500,24,64084.5,29237.5,34847.0,1944.0,3.1134942758803787,False,1064.6272921716825,59408.61151493368,-48908.61151493368,40.0,40.0,43.5,40.0,40.0,40.0
Hexacopter,HOBBYWING_H15MD_PLUS_coaxial_axis,73.0,Amprius_SA88_24S2P_21Ah,21000,24,66530.5,29237.5,37293.0,3888.0,6.2269885517607575,False,1064.8158250806675,59427.328623835085,-38427.328623835085,40.0,40.0,44.0,40.0,40.0,40.0
Hexacopter,HOBBYWING_H15MD_PLUS_coaxial_axis,73.0,Grepow_NMC811_24S1P_87Ah,87000,24,84058.5,29237.5,54821.0,15378.12,25.797524000151707,True,1067.0831745567696,59593.22197895185,27406.77802104815,40.0,40.0,46.0,40.0,40.0,40.0
Hexacopter,HOBBYWING_H15MD_PLUS_coaxial_axis,73.0,Grepow_NMC811_24S2P_24Ah,24000,24,68169.5,29237.5,38932.0,4242.24,7.1165583448694365,False,1065.0302105695282,59440.292714317766,-35440.292714317766,40.0,40.0,44.0,40.0,40.0,40.0
Hexacopter,HOBBYWING_H15MD_PLUS_coaxial_axis,73.0,Amprius_SA88_24S4P_42Ah,42000,24,71425.5,29237.5,42188.0,7776.0,12.453977103521515,False,1065.3518096845048,59467.05651524365,-17467.056515243647,40.0,40.0,44.5,40.0,40.0,40.0
Hexacopter,HOBBYWING_H15MD_PLUS_coaxial_axis,73.0,Amprius_SA88_24S6P_63Ah,63000,24,76319.5,29237.5,47082.0,11664.0,18.68096565528227,True,1065.952503650564,59510.722506340564,3489.277493659436,40.0,40.0,45.0,40.0,40.0,40.0
Hexacopter,HOBBYWING_H15MD_PLUS_coaxial_axis,73.0,Grepow_NMC811_small_24S4P_48Ah,48000,24,74701.5,29237.5,45464.0,8484.48,14.233116689738873,False,1065.706120606822,59495.77780266279,-11495.777802662793,40.0,40.0,45.0,40.0,40.0,40.0
Hexacopter,HOBBYWING_H15MD_coaxial_axis,64.0,YANGDA_XTurbo_24S_44Ah,44000,24,64869.0,29035.0,35834.0,7800.0,15.606547404361498,False,1093.7739200392366,51101.773054856254,-7101.773054856254,40.0,40.0,47.0,40.0,40.0,40.0
Hexacopter,HOBBYWING_H15MD_coaxial_axis,64.0,TATTU_NEO_24S_30Ah,30000,24,69039.0,29035.0,40004.0,5668.98,10.640827775701021,False,1071.5546426445455,51704.806504210304,-21704.806504210304,40.0,40.0,47.5,40.5,40.0,40.0
Hexacopter,HOBBYWING_H15MD_coaxial_axis,64.0,MAD_24S_55Ah_solid_state,55000,24,68707.0,29035.0,39672.0,9372.0,19.508184255451873,True,1071.0758186772007,51681.07424223563,3318.925757764373,40.0,40.0,47.5,40.5,40.0,40.0
Hexacopter,HOBBYWING_H15MD_coaxial_axis,64.0,MAD_24S_100Ah_solid_state,100000,24,82344.0,29035.0,53309.0,17040.0,35.469425919003406,True,1071.3054025477277,56875.367604026884,43124.632395973116,40.0,40.0,49.0,42.0,40.0,40.0
Hexacopter,HOBBYWING_H15MD_coaxial_axis,64.0,12Sx2_series_24S_66Ah,66000,24,73439.0,29035.0,44404.0,11853.6,23.409821106542246,True,1071.3395015707467,53386.24270036305,12613.757299636949,40.0,40.0,48.0,41.0,40.0,40.0
Hexacopter,HOBBYWING_H15MD_coaxial_axis,64.0,12Sx4_2P2S_24S_132Ah,132000,24,94839.0,29035.0,65804.0,23707.2,46.81964221308449,True,1080.7456507800598,61196.522926545586,70803.47707345441,40.0,40.0,50.5,43.0,40.0,40.0
Hexacopter,HOBBYWING_H15MD_coaxial_axis,64.0,Farasis_24S1P_53Ah,53000,24,73740.0,29035.0,44705.0,864.0,18.798795737071803,False,1071.7302285458666,53406.38174120772,-406.38174120771873,40.0,40.0,48.0,41.0,40.0,40.0
Hexacopter,HOBBYWING_H15MD_coaxial_axis,64.0,Farasis_24S2P_106Ah,106000,24,95441.0,29035.0,66406.0,1728.0,37.597591474143606,True,1071.4074988682755,62620.16329756573,43379.83670243427,40.0,40.0,50.5,43.5,40.0,40.0
Hexacopter,HOBBYWING_H15MD_coaxial_axis,64.0,ZYE_UltraHV_24S_66Ah,66000,24,73039.0,29035.0,44004.0,2498.0,23.409821106542246,True,1070.8994356507765,53363.51803942339,12636.48196057661,40.0,40.0,48.0,41.0,40.0,40.0
Hexacopter,HOBBYWING_H15MD_coaxial_axis,64.0,Grepow_TARBG_24S_30Ah,30000,24,61384.0,29035.0,32349.0,5302.78,10.640827775701021,False,1068.6503918553901,49912.00877345545,-19912.008773455447,40.0,40.0,46.5,40.0,40.0,40.0
Hexacopter,HOBBYWING_H15MD_coaxial_axis,64.0,Amprius_SA08_24S1P_11Ah,11050,24,54739.0,29035.0,25704.0,4640.0,3.919371564049876,False,1066.4068915301207,49788.82514101335,-38738.82514101335,40.0,40.0,45.5,40.0,40.0,40.0
Hexacopter,HOBBYWING_H15MD_coaxial_axis,64.0,Amprius_SA08_24S2P_22Ah,22100,24,57439.0,29035.0,28404.0,9280.0,7.838743128099752,False,1067.0764691318393,49828.54666875814,-27728.546668758143,40.0,40.0,46.0,40.0,40.0,40.0
Hexacopter,HOBBYWING_H15MD_coaxial_axis,64.0,Amprius_SA88_24S1P_10Ah,10500,24,54486.0,29035.0,25451.0,1944.0,3.7242897214953574,False,1066.3401976687094,49785.47797267322,-39285.47797267322,40.0,40.0,45.5,40.0,40.0,40.0
Hexacopter,HOBBYWING_H15MD_coaxial_axis,64.0,Amprius_SA88_24S2P_21Ah,21000,24,56932.0,29035.0,27897.0,3888.0,7.448579442990715,False,1066.9124018037512,49820.38577946667,-28820.38577946667,40.0,40.0,46.0,40.0,40.0,40.0
Hexacopter,HOBBYWING_H15MD_coaxial_axis,64.0,Grepow_NMC811_24S1P_87Ah,87000,24,74460.0,29035.0,45425.0,15378.12,30.858400549532963,True,1073.1426061389348,53478.91658393777,33521.08341606223,40.0,40.0,48.0,41.0,40.0,40.0
Hexacopter,HOBBYWING_H15MD_coaxial_axis,64.0,Grepow_NMC811_24S2P_24Ah,24000,24,58571.0,29035.0,29536.0,4242.24,8.512662220560816,False,1067.476038504923,49848.343492716085,-25848.343492716085,40.0,40.0,46.0,40.0,40.0,40.0
Hexacopter,HOBBYWING_H15MD_coaxial_axis,64.0,Amprius_SA88_24S4P_42Ah,42000,24,61827.0,29035.0,32792.0,7776.0,14.89715888598143,False,1068.9216067894329,49925.17908387773,-7925.179083877731,40.0,40.0,46.5,40.0,40.0,40.0
Hexacopter,HOBBYWING_H15MD_coaxial_axis,64.0,Amprius_SA88_24S6P_63Ah,63000,24,66721.0,29035.0,37686.0,11664.0,22.345738328972143,True,1069.4088962433718,51591.76613875768,11408.23386124232,40.0,40.0,47.0,40.5,40.0,40.0
Hexacopter,HOBBYWING_H15MD_coaxial_axis,64.0,Grepow_NMC811_small_24S4P_48Ah,48000,24,65103.0,29035.0,36068.0,8484.48,17.025324441121633,False,1068.5036306070722,51546.10499454023,-3546.1049945402265,40.0,40.0,47.0,40.5,40.0,40.0
Hexacopter,M50C35_PRO_EEE_34kv,30.0,YANGDA_XTurbo_24S_44Ah,44000,24,51900.0,28270.0,23630.0,11200.0,18.77746249135392,False,1073.6877489379906,46408.50156907288,-2408.5015690728833,40.0,40.0,52.0,42.0,40.0,40.0
Hexacopter,M50C35_PRO_EEE_34kv,30.0,TATTU_NEO_24S_30Ah,30000,24,56070.0,28270.0,27800.0,9068.98,12.802815335014037,False,1069.8481869175366,48681.7549600261,-18681.754960026097,40.0,40.0,52.5,43.0,40.0,40.0
Hexacopter,M50C35_PRO_EEE_34kv,30.0,MAD_24S_55Ah_solid_state,55000,24,55738.0,28270.0,27468.0,12772.0,23.4718281141924,True,1069.5767466910336,48668.74798612223,6331.252013877769,40.0,40.0,52.5,43.0,40.0,40.0
Hexacopter,M50C35_PRO_EEE_34kv,30.0,MAD_24S_100Ah_solid_state,100000,24,69375.0,28270.0,41105.0,20440.0,42.67605111671345,True,1075.982199318903,52797.006879079956,47202.993120920044,40.0,40.0,55.0,44.5,40.0,40.0
Hexacopter,M50C35_PRO_EEE_34kv,30.0,12Sx2_series_24S_66Ah,66000,24,60470.0,28270.0,32200.0,15253.6,28.16619373703088,True,1071.075127575077,49994.44981401367,16005.550185986329,40.0,40.0,53.5,43.5,40.0,40.0
Hexacopter,M50C35_PRO_EEE_34kv,30.0,12Sx4_2P2S_24S_132Ah,132000,24,81870.0,28270.0,53600.0,27107.2,56.33238747406176,True,1073.8708377825628,57933.985918608094,74066.01408139191,40.0,40.0,56.5,46.5,40.0,40.0
Hexacopter,M50C35_PRO_EEE_34kv,30.0,Farasis_24S1P_53Ah,53000,24,60771.0,28270.0,32501.0,4264.0,22.61830709185813,True,1071.4503056397575,50012.90910439884,2987.0908956011626,40.0,40.0,53.5,43.5,40.0,40.0
Hexacopter,M50C35_PRO_EEE_34kv,30.0,Farasis_24S2P_106Ah,106000,24,82472.0,28270.0,54202.0,5128.0,45.23661418371626,True,1074.647540927041,57983.447184563774,48016.552815436226,40.0,40.0,57.0,46.5,40.0,40.0
Hexacopter,M50C35_PRO_EEE_34kv,30.0,ZYE_UltraHV_24S_66Ah,66000,24,60070.0,28270.0,31800.0,5898.0,28.16619373703088,True,1070.6398239385373,49973.02751811524,16026.97248188476,40.0,40.0,53.5,43.5,40.0,40.0
Hexacopter,M50C35_PRO_EEE_34kv,30.0,Grepow_TARBG_24S_30Ah,30000,24,48415.0,28270.0,20145.0,8702.779999999999,12.802815335014037,False,1072.9503024104165,45170.84554240252,-15170.845542402523,40.0,40.0,51.5,41.5,40.0,40.0
Hexacopter,M50C35_PRO_EEE_34kv,30.0,Amprius_SA08_24S1P_11Ah,11050,24,41770.0,28270.0,13500.0,8040.0,4.715703648396837,False,1075.2084003426046,42905.84505812968,-31855.84505812968,40.0,40.0,50.5,40.5,40.0,40.0
Hexacopter,M50C35_PRO_EEE_34kv,30.0,Amprius_SA08_24S2P_22Ah,22100,24,44470.0,28270.0,16200.0,12680.0,9.431407296793674,False,1070.9391891644286,43899.05490997186,-21799.054909971863,40.0,40.0,51.0,41.0,40.0,40.0
Hexacopter,M50C35_PRO_EEE_34kv,30.0,Amprius_SA88_24S1P_10Ah,10500,24,41517.0,28270.0,13247.0,5344.0,4.480985367254913,False,1071.6163896948217,42760.41323935253,-32260.41323935253,40.0,40.0,50.5,40.5,40.0,40.0
Hexacopter,M50C35_PRO_EEE_34kv,30.0,Amprius_SA88_24S2P_21Ah,21000,24,43963.0,28270.0,15693.0,7288.0,8.961970734509826,False,1070.0251414435243,43860.440731349445,-22860.440731349445,40.0,40.0,51.0,41.0,40.0,40.0
Hexacopter,M50C35_PRO_EEE_34kv,30.0,Grepow_NMC811_24S1P_87Ah,87000,24,61491.0,28270.0,33221.0,18778.120000000003,37.12816447154071,True,1072.6036878521095,50069.63684460708,36930.36315539292,40.0,40.0,53.5,43.5,40.0,40.0
Hexacopter,M50C35_PRO_EEE_34kv,30.0,Grepow_NMC811_24S2P_24Ah,24000,24,45602.0,28270.0,17332.0,7642.24,10.24225226801123,False,1068.5834150844894,44976.65730223511,-20976.657302235108,40.0,40.0,51.0,41.5,40.0,40.0
Hexacopter,M50C35_PRO_EEE_34kv,30.0,Amprius_SA88_24S4P_42Ah,42000,24,48858.0,28270.0,20588.0,11176.0,17.923941469019653,False,1068.8311488822674,46186.19611743157,-4186.196117431573,40.0,40.0,51.5,42.0,40.0,40.0
Hexacopter,M50C35_PRO_EEE_34kv,30.0,Amprius_SA88_24S6P_63Ah,63000,24,53752.0,28270.0,25482.0,15064.0,26.885912203529475,True,1070.5531735261986,47485.670521190266,15514.329478809734,40.0,40.0,52.5,42.5,40.0,40.0
Hexacopter,M50C35_PRO_EEE_34kv,30.0,Grepow_NMC811_small_24S4P_48Ah,48000,24,52134.0,28270.0,23864.0,11884.48,20.48450453602246,True,1069.08449635657,47413.39074356741,586.6092564325882,40.0,40.0,52.0,42.5,40.0,40.0
Hexacopter,TMOTOR_U15L_KV43,47.0,YANGDA_XTurbo_24S_44Ah,44000,24,65002.5,28652.5,36350.0,25087.0,26.315789473684212,False,1076.0629935598793,62157.9566250655,-18157.956625065497,42.0,40.0,67.5,54.5,42.0,40.0
Hexacopter,TMOTOR_U15L_KV43,47.0,TATTU_NEO_24S_30Ah,30000,24,69172.5,28652.5,40520.0,22955.98,17.942583732057418,False,1076.8554422573245,64044.43949313998,-34044.43949313998,43.0,40.0,71.5,55.5,43.0,40.0
Hexacopter,TMOTOR_U15L_KV43,47.0,MAD_24S_55Ah_solid_state,55000,24,68840.5,28652.5,40188.0,26659.0,32.89473684210527,False,1076.2684985725596,64006.89317146732,-9006.893171467324,43.0,40.0,71.5,55.5,43.0,40.0
Hexacopter,TMOTOR_U15L_KV43,47.0,MAD_24S_100Ah_solid_state,100000,24,82477.5,28652.5,53825.0,34327.0,59.80861244019139,True,1081.0043070298996,70771.09984829804,29228.900151701964,46.0,40.0,73.5,59.5,46.0,40.0
Hexacopter,TMOTOR_U15L_KV43,47.0,12Sx2_series_24S_66Ah,66000,24,73572.5,28652.5,44920.0,29140.6,39.473684210526315,False,1076.9522234889105,66387.41598355626,-387.41598355626047,44.0,40.0,72.5,57.0,44.0,40.0
Hexacopter,TMOTOR_U15L_KV43,47.0,12Sx4_2P2S_24S_132Ah,132000,24,94972.5,28652.5,66320.0,40994.2,73.21014777167144,True,1085.6561270909233,79252.88308066255,52747.11691933745,49.0,41.5,75.0,62.0,49.0,41.5
Hexacopter,TMOTOR_U15L_KV43,47.0,Farasis_24S1P_53Ah,53000,24,73873.5,28652.5,45221.0,18151.0,31.698564593301437,False,1077.4703149442832,66421.11477946343,-13421.11477946343,44.0,40.0,72.5,57.0,44.0,40.0
Hexacopter,TMOTOR_U15L_KV43,47.0,Farasis_24S2P_106Ah,106000,24,95574.5,28652.5,66922.0,19015.0,58.29474880551614,True,1081.465301089063,79433.82345687086,26566.176543129142,49.0,42.0,75.0,62.0,49.0,42.0
Hexacopter,TMOTOR_U15L_KV43,47.0,ZYE_UltraHV_24S_66Ah,66000,24,73172.5,28652.5,44520.0,19785.0,39.473684210526315,True,1081.4221669211381,65960.98333460932,39.0166653906781,44.0,40.0,72.5,56.5,44.0,40.0
Hexacopter,TMOTOR_U15L_KV43,47.0,Grepow_TARBG_24S_30Ah,30000,24,61517.5,28652.5,32865.0,22589.78,17.942583732057418,False,1076.5071382603987,60278.56209651866,-30278.56209651866,41.0,40.0,66.5,53.5,41.0,40.0
Hexacopter,TMOTOR_U15L_KV43,47.0,Amprius_SA08_24S1P_11Ah,11050,24,54872.5,28652.5,26220.0,21927.0,6.608851674641149,False,1074.958196498832,57216.02279129951,-46166.02279129951,40.0,40.0,65.0,52.0,40.0,40.0
Hexacopter,TMOTOR_U15L_KV43,47.0,Amprius_SA08_24S2P_22Ah,22100,24,57572.5,28652.5,28920.0,26567.0,13.217703349282298,False,1076.6993776190257,58317.284074786745,-36217.284074786745,40.0,40.0,65.5,52.5,40.0,40.0
Hexacopter,TMOTOR_U15L_KV43,47.0,Amprius_SA88_24S1P_10Ah,10500,24,54619.5,28652.5,25967.0,19231.0,6.2799043062200965,False,1074.5048153250543,57189.88863475954,-46689.88863475954,40.0,40.0,65.0,52.0,40.0,40.0
Hexacopter,TMOTOR_U15L_KV43,47.0,Amprius_SA88_24S2P_21Ah,21000,24,57065.5,28652.5,28413.0,21175.0,12.559808612440193,False,1075.5136135723637,58244.27298075052,-37244.27298075052,40.0,40.0,65.0,52.5,40.0,40.0
Hexacopter,TMOTOR_U15L_KV43,47.0,Grepow_NMC811_24S1P_87Ah,87000,24,74593.5,28652.5,45941.0,32665.120000000003,52.03349282296651,True,1079.2283712622598,66538.46742162073,20461.532578379265,44.0,40.0,72.5,57.0,44.0,40.0
Hexacopter,TMOTOR_U15L_KV43,47.0,Grepow_NMC811_24S2P_24Ah,24000,24,58704.5,28652.5,30052.0,21529.239999999998,14.354066985645934,False,1074.9737848330667,59206.71326595697,-35206.71326595697,40.5,40.0,65.5,53.0,40.5,40.0
Hexacopter,TMOTOR_U15L_KV43,47.0,Amprius_SA88_24S4P_42Ah,42000,24,61960.5,28652.5,33308.0,25063.0,25.119617224880386,False,1077.7967683351335,60358.32999286957,-18358.32999286957,41.0,40.0,66.5,53.5,41.0,40.0
Hexacopter,TMOTOR_U15L_KV43,47.0,Amprius_SA88_24S6P_63Ah,63000,24,66854.5,28652.5,38202.0,28951.0,37.67942583732058,False,1075.7421223742958,63094.52807305956,-94.5280730595623,42.5,40.0,71.5,55.0,42.5,40.0
Hexacopter,TMOTOR_U15L_KV43,47.0,Grepow_NMC811_small_24S4P_48Ah,48000,24,65236.5,28652.5,36584.0,25771.48,28.70813397129187,False,1076.4534475524588,62182.20685836267,-14182.206858362668,42.0,40.0,67.5,54.5,42.0,40.0
Hexacopter,TMOTOR_U15XL_KV38,52.0,YANGDA_XTurbo_24S_44Ah,44000,24,70623.0,28765.0,41858.0,32887.0,21.76063303659743,False,1075.5456502486202,61684.74062758028,-17684.74062758028,40.5,40.0,61.0,49.0,40.5,40.0
Hexacopter,TMOTOR_U15XL_KV38,52.0,TATTU_NEO_24S_30Ah,30000,24,74793.0,28765.0,46028.0,30755.98,14.83679525222552,False,1075.7226044278032,63621.77119113039,-33621.77119113039,41.5,40.0,62.0,49.5,41.5,40.0
Hexacopter,TMOTOR_U15XL_KV38,52.0,MAD_24S_55Ah_solid_state,55000,24,74461.0,28765.0,45696.0,34459.0,27.200791295746786,False,1075.2164384752443,63589.58785381759,-8589.58785381759,41.5,40.0,62.0,49.5,41.5,40.0
Hexacopter,TMOTOR_U15XL_KV38,52.0,MAD_24S_100Ah_solid_state,100000,24,88098.0,28765.0,59333.0,42127.0,49.45598417408507,True,1099.549735157186,70861.91654106701,29138.08345893299,44.5,40.0,66.5,51.0,44.5,40.0
Hexacopter,TMOTOR_U15XL_KV38,52.0,12Sx2_series_24S_66Ah,66000,24,79193.0,28765.0,50428.0,36940.6,32.640949554896146,True,1076.5984172814128,65530.19605632101,469.80394367899135,42.5,40.0,63.5,50.0,42.5,40.0
Hexacopter,TMOTOR_U15XL_KV38,52.0,12Sx4_2P2S_24S_132Ah,132000,24,100593.0,28765.0,71828.0,48794.2,65.28189910979229,True,1079.556443313303,76570.07971685905,55429.92028314095,46.5,40.0,68.5,53.0,46.5,40.0
Hexacopter,TMOTOR_U15XL_KV38,52.0,Farasis_24S1P_53Ah,53000,24,79494.0,28765.0,50729.0,25951.0,26.211671612265086,False,1076.9923690241515,65573.30336756614,-12573.303367566143,43.0,40.0,64.0,50.0,43.0,40.0
Hexacopter,TMOTOR_U15XL_KV38,52.0,Farasis_24S2P_106Ah,106000,24,101195.0,28765.0,72430.0,26815.0,52.42334322453017,True,1080.357610088981,76620.50696604663,29379.493033953375,46.5,40.0,69.0,53.0,46.5,40.0
Hexacopter,TMOTOR_U15XL_KV38,52.0,ZYE_UltraHV_24S_66Ah,66000,24,78793.0,28765.0,50028.0,27585.0,32.640949554896146,True,1075.9170072663428,65485.366716766745,514.6332832332555,42.5,40.0,63.5,50.0,42.5,40.0
Hexacopter,TMOTOR_U15XL_KV38,52.0,Grepow_TARBG_24S_30Ah,30000,24,67138.0,28765.0,38373.0,30389.78,14.83679525222552,False,1072.2610869835635,61469.87550876085,-31469.87550876085,40.0,40.0,60.0,49.0,40.0,40.0
Hexacopter,TMOTOR_U15XL_KV38,52.0,Amprius_SA08_24S1P_11Ah,11050,24,60493.0,28765.0,31728.0,29727.0,5.4648862512364,False,1072.5554574902724,57571.93163637093,-46521.93163637093,40.0,40.0,58.5,48.0,40.0,40.0
Hexacopter,TMOTOR_U15XL_KV38,52.0,Amprius_SA08_24S2P_22Ah,22100,24,63193.0,28765.0,34428.0,34367.0,10.9297725024728,False,1071.7375850981236,59494.26127187246,-37394.26127187246,40.0,40.0,59.5,48.5,40.0,40.0
Hexacopter,TMOTOR_U15XL_KV38,52.0,Amprius_SA88_24S1P_10Ah,10500,24,60240.0,28765.0,31475.0,27031.0,5.192878338278932,False,1072.2853985182826,57556.503439213375,-47056.503439213375,40.0,40.0,58.5,48.0,40.0,40.0
Hexacopter,TMOTOR_U15XL_KV38,52.0,Amprius_SA88_24S2P_21Ah,21000,24,62686.0,28765.0,33921.0,28975.0,10.385756676557865,False,1071.4481846950264,59475.00470656156,-38475.00470656156,40.0,40.0,59.0,48.5,40.0,40.0
Hexacopter,TMOTOR_U15XL_KV38,52.0,Grepow_NMC811_24S1P_87Ah,87000,24,80214.0,28765.0,51449.0,40465.12,43.02670623145401,True,1073.9681953824745,67156.62629767804,19843.37370232196,43.0,40.0,64.0,50.5,43.0,40.0
Hexacopter,TMOTOR_U15XL_KV38,52.0,Grepow_NMC811_24S2P_24Ah,24000,24,64325.0,28765.0,35560.0,29329.239999999998,11.869436201780417,False,1072.6293945132302,59545.75495354134,-35545.75495354134,40.0,40.0,59.5,48.5,40.0,40.0
Hexacopter,TMOTOR_U15XL_KV38,52.0,Amprius_SA88_24S4P_42Ah,42000,24,67581.0,28765.0,38816.0,32863.0,20.77151335311573,False,1072.5148364927702,61487.298228425105,-19487.298228425105,40.0,40.0,60.5,49.0,40.0,40.0
Hexacopter,TMOTOR_U15XL_KV38,52.0,Amprius_SA88_24S6P_63Ah,63000,24,72475.0,28765.0,43710.0,36751.0,31.157270029673594,False,1073.4188357471617,63462.77044208755,-462.7704420875525,41.0,40.0,61.5,49.5,41.0,40.0
Hexacopter,TMOTOR_U15XL_KV38,52.0,Grepow_NMC811_small_24S4P_48Ah,48000,24,70857.0,28765.0,42092.0,33571.479999999996,23.738872403560833,False,1076.027326534639,61714.72054054646,-13714.720540546463,40.5,40.0,61.0,49.0,40.5,40.0
Hexacopter,TMOTOR_U15XXL_KV29,62.0,YANGDA_XTurbo_24S_44Ah,44000,24,78120.0,28990.0,49130.0,37387.0,18.8275566966196,False,1074.8610701715788,55304.483391681606,-11304.483391681606,40.0,40.0,57.0,47.5,40.0,40.0
Hexacopter,TMOTOR_U15XXL_KV29,62.0,TATTU_NEO_24S_30Ah,30000,24,82290.0,28990.0,53300.0,35255.979999999996,12.836970474967908,False,1072.4503121432094,57682.36590399003,-27682.36590399003,40.0,40.0,57.5,48.5,40.0,40.0
Hexacopter,TMOTOR_U15XXL_KV29,62.0,MAD_24S_55Ah_solid_state,55000,24,81958.0,28990.0,52968.0,38959.0,23.534445870774498,False,1072.2038623355072,57668.41779756416,-2668.417797564158,40.0,40.0,57.5,48.5,40.0,40.0
Hexacopter,TMOTOR_U15XXL_KV29,62.0,MAD_24S_100Ah_solid_state,100000,24,95595.0,28990.0,66605.0,46627.0,42.78990158322636,True,1076.8122242974766,62069.36833129361,37930.63166870639,41.0,40.0,60.0,50.0,41.0,40.0
Hexacopter,TMOTOR_U15XXL_KV29,62.0,12Sx2_series_24S_66Ah,66000,24,86690.0,28990.0,57700.0,41440.6,28.241335044929397,True,1073.63998601325,59079.44434973246,6920.555650267539,40.0,40.0,58.5,49.0,40.0,40.0
Hexacopter,TMOTOR_U15XXL_KV29,62.0,12Sx4_2P2S_24S_132Ah,132000,24,108090.0,28990.0,79100.0,53294.2,56.48267008985879,True,1094.0199353891715,68026.96545902216,63973.03454097784,44.5,40.0,63.5,51.5,44.5,40.0
Hexacopter,TMOTOR_U15XXL_KV29,62.0,Farasis_24S1P_53Ah,53000,24,86991.0,28990.0,58001.0,30451.0,22.67864783910997,False,1073.9558733663177,59097.86074700619,-6097.860747006191,40.0,40.0,58.5,49.0,40.0,40.0
Hexacopter,TMOTOR_U15XXL_KV29,62.0,Farasis_24S2P_106Ah,106000,24,108692.0,28990.0,79702.0,31315.0,45.35729567821994,True,1074.909543611557,68429.37069378243,37570.62930621757,44.5,40.0,63.5,52.0,44.5,40.0
Hexacopter,TMOTOR_U15XXL_KV29,62.0,ZYE_UltraHV_24S_66Ah,66000,24,86290.0,28990.0,57300.0,32085.0,28.241335044929397,True,1073.351553340903,59057.59280898535,6942.407191014652,40.0,40.0,58.0,49.0,40.0,40.0
Hexacopter,TMOTOR_U15XXL_KV29,62.0,Grepow_TARBG_24S_30Ah,30000,24,74635.0,28990.0,45645.0,34889.78,12.836970474967908,False,1073.8170752433548,54055.080617280546,-24055.080617280546,40.0,40.0,56.5,47.0,40.0,40.0
Hexacopter,TMOTOR_U15XXL_KV29,62.0,Amprius_SA08_24S1P_11Ah,11050,24,67990.0,28990.0,39000.0,34227.0,4.728284124946513,False,1072.3023525748577,51732.97383787344,-40682.97383787344,40.0,40.0,55.5,46.0,40.0,40.0
Hexacopter,TMOTOR_U15XXL_KV29,62.0,Amprius_SA08_24S2P_22Ah,22100,24,70690.0,28990.0,41700.0,38867.0,9.456568249893026,False,1072.1725471147342,52823.16564837833,-30723.16564837833,40.0,40.0,56.0,46.5,40.0,40.0
Hexacopter,TMOTOR_U15XXL_KV29,62.0,Amprius_SA88_24S1P_10Ah,10500,24,67737.0,28990.0,38747.0,31531.0,4.492939666238768,False,1071.9508340264354,51715.02538767088,-41215.02538767088,40.0,40.0,55.5,46.0,40.0,40.0
Hexacopter,TMOTOR_U15XXL_KV29,62.0,Amprius_SA88_24S2P_21Ah,21000,24,70183.0,28990.0,41193.0,33475.0,8.985879332477536,False,1071.608664284964,52793.73154299283,-31793.731542992828,40.0,40.0,56.0,46.5,40.0,40.0
Hexacopter,TMOTOR_U15XXL_KV29,62.0,Grepow_NMC811_24S1P_87Ah,87000,24,87711.0,28990.0,58721.0,44965.12,37.22721437740693,True,1074.8866136831232,59152.38532914212,27847.61467085788,40.0,40.0,58.5,49.0,40.0,40.0
Hexacopter,TMOTOR_U15XXL_KV29,62.0,Grepow_NMC811_24S2P_24Ah,24000,24,71822.0,28990.0,42832.0,33829.24,10.269576379974326,False,1086.4696687878425,53572.96974637689,-29572.96974637689,40.0,40.0,56.0,46.5,40.0,40.0
Hexacopter,TMOTOR_U15XXL_KV29,62.0,Amprius_SA88_24S4P_42Ah,42000,24,75078.0,28990.0,46088.0,37363.0,17.971758664955072,False,1071.246860922246,55101.484292176894,-13101.484292176894,40.0,40.0,56.5,47.5,40.0,40.0
Hexacopter,TMOTOR_U15XXL_KV29,62.0,Amprius_SA88_24S6P_63Ah,63000,24,79972.0,28990.0,50982.0,41251.0,26.957637997432606,True,1072.97986162812,56432.041358043476,6567.958641956524,40.0,40.0,57.0,48.0,40.0,40.0
Hexacopter,TMOTOR_U15XXL_KV29,62.0,Grepow_NMC811_small_24S4P_48Ah,48000,24,78354.0,28990.0,49364.0,38071.479999999996,20.539152759948653,False,1071.6258179741674,56356.76123597206,-8356.761235972059,40.0,40.0,57.0,48.0,40.0,40.0
Quadcopter,HOBBYWING_H13MD_coaxial_axis,54.0,YANGDA_XTurbo_24S_44Ah,44000,24,47120.0,22810.0,24310.0,7800.0,31.89619271424585,False,1072.882375604214,55991.100015768345,-11991.100015768345,40.0,40.0,72.0,61.0,40.0,40.0
Quadcopter,HOBBYWING_H13MD_coaxial_axis,54.0,TATTU_NEO_24S_30Ah,30000,24,51290.0,22810.0,28480.0,5668.98,21.747404123349444,False,1075.2460659643627,57449.17830326294,-27449.17830326294,41.5,40.0,73.0,61.5,41.5,40.0
Quadcopter,HOBBYWING_H13MD_coaxial_axis,54.0,MAD_24S_55Ah_solid_state,55000,24,50958.0,22810.0,28148.0,9372.0,39.87024089280731,False,1074.794726213344,57418.8411718095,-2418.8411718095012,41.0,40.0,73.0,61.5,41.0,40.0
Quadcopter,HOBBYWING_H13MD_coaxial_axis,54.0,MAD_24S_100Ah_solid_state,100000,24,64595.0,22810.0,41785.0,17040.0,72.49134707783148,True,1077.140866682661,64422.944497092234,35577.055502907766,50.5,40.0,75.5,64.0,50.5,40.0
Quadcopter,HOBBYWING_H13MD_coaxial_axis,54.0,12Sx2_series_24S_66Ah,66000,24,55690.0,22810.0,32880.0,11853.6,47.84428907136877,True,1074.759664888534,60112.98714368542,5887.012856314577,45.0,40.0,73.5,62.5,45.0,40.0
Quadcopter,HOBBYWING_H13MD_coaxial_axis,54.0,12Sx4_2P2S_24S_132Ah,132000,24,77090.0,22810.0,54280.0,23707.2,95.68857814273754,True,1086.8313782008356,70945.61376843907,61054.38623156093,54.0,42.0,77.5,66.0,54.0,42.0
Quadcopter,HOBBYWING_H13MD_coaxial_axis,54.0,Farasis_24S1P_53Ah,53000,24,55991.0,22810.0,33181.0,864.0,38.42041395125068,False,1075.0591672724704,60134.437729603895,-7134.437729603895,45.0,40.0,74.0,62.5,45.0,40.0
Quadcopter,HOBBYWING_H13MD_coaxial_axis,54.0,Farasis_24S2P_106Ah,106000,24,77692.0,22810.0,54882.0,1728.0,76.33718755979193,True,1085.9969973394063,72289.60259590267,33710.397404097326,54.0,42.0,77.5,66.5,54.0,42.0
Quadcopter,HOBBYWING_H13MD_coaxial_axis,54.0,ZYE_UltraHV_24S_66Ah,66000,24,55290.0,22810.0,32480.0,2498.0,47.84428907136877,True,1074.41722630651,60087.53042350668,5912.46957649332,44.5,40.0,73.5,62.5,44.5,40.0
Quadcopter,HOBBYWING_H13MD_coaxial_axis,54.0,Grepow_TARBG_24S_30Ah,30000,24,43635.0,22810.0,20825.0,5302.78,21.747404123349444,False,1074.7520413215539,53416.418358069765,-23416.418358069765,40.0,40.0,71.0,60.0,40.0,40.0
Quadcopter,HOBBYWING_H13MD_coaxial_axis,54.0,Amprius_SA08_24S1P_11Ah,11050,24,36990.0,22810.0,14180.0,4640.0,8.010293852100379,False,1071.9093623509038,50497.11871685019,-39447.11871685019,40.0,40.0,69.5,59.0,40.0,40.0
Quadcopter,HOBBYWING_H13MD_coaxial_axis,54.0,Amprius_SA08_24S2P_22Ah,22100,24,39690.0,22810.0,16880.0,9280.0,16.020587704200757,False,1072.108532340304,51899.399992244136,-29799.399992244136,40.0,40.0,70.5,59.5,40.0,40.0
Quadcopter,HOBBYWING_H13MD_coaxial_axis,54.0,Amprius_SA88_24S1P_10Ah,10500,24,36737.0,22810.0,13927.0,1944.0,7.611591443172305,False,1071.5441051760022,50478.40762505759,-39978.40762505759,40.0,40.0,69.5,59.0,40.0,40.0
Quadcopter,HOBBYWING_H13MD_coaxial_axis,54.0,Amprius_SA88_24S2P_21Ah,21000,24,39183.0,22810.0,16373.0,3888.0,15.22318288634461,False,1071.551324934927,51866.38243886761,-30866.382438867608,40.0,40.0,70.0,59.5,40.0,40.0
Quadcopter,HOBBYWING_H13MD_coaxial_axis,54.0,Grepow_NMC811_24S1P_87Ah,87000,24,56711.0,22810.0,33901.0,15378.12,63.06747195771338,True,1076.0213372658848,60197.34467180822,26802.65532819178,45.5,40.0,74.0,62.5,45.5,40.0
Quadcopter,HOBBYWING_H13MD_coaxial_axis,54.0,Grepow_NMC811_24S2P_24Ah,24000,24,40822.0,22810.0,18012.0,4242.24,17.397923298679554,False,1074.3294244277881,52017.69127871807,-28017.69127871807,40.0,40.0,70.5,59.5,40.0,40.0
Quadcopter,HOBBYWING_H13MD_coaxial_axis,54.0,Amprius_SA88_24S4P_42Ah,42000,24,44078.0,22810.0,21268.0,7776.0,30.44636577268922,False,1071.916620310623,54616.29341564649,-12616.29341564649,40.0,40.0,71.5,60.5,40.0,40.0
Quadcopter,HOBBYWING_H13MD_coaxial_axis,54.0,Amprius_SA88_24S6P_63Ah,63000,24,48972.0,22810.0,26162.0,11664.0,45.66954865903383,True,1075.4792559198345,56138.58483697533,6861.415163024671,40.0,40.0,72.5,61.0,40.0,40.0
Quadcopter,HOBBYWING_H13MD_coaxial_axis,54.0,Grepow_NMC811_small_24S4P_48Ah,48000,24,47354.0,22810.0,24544.0,8484.48,34.79584659735911,False,1073.129102116383,56004.28600584975,-8004.286005849754,40.0,40.0,72.0,61.0,40.0,40.0
Quadcopter,HOBBYWING_H15MD_PLUS_coaxial_axis,73.0,YANGDA_XTurbo_24S_44Ah,44000,24,57667.5,23237.5,34430.0,7800.0,19.570535448390952,False,1070.2779780457731,49292.03299476693,-5292.032994766931,40.0,40.0,51.0,43.5,40.0,40.0
Quadcopter,HOBBYWING_H15MD_PLUS_coaxial_axis,73.0,TATTU_NEO_24S_30Ah,30000,24,61837.5,23237.5,38600.0,5668.98,13.343546896630194,False,1070.6405716359047,50811.797585826585,-20811.797585826585,40.0,40.0,52.0,44.0,40.0,40.0
Quadcopter,HOBBYWING_H15MD_PLUS_coaxial_axis,73.0,MAD_24S_55Ah_solid_state,55000,24,61505.5,23237.5,38268.0,9372.0,24.463169310488688,True,1070.4692902142215,50797.90513020833,4202.094869791668,40.0,40.0,51.5,44.0,40.0,40.0
Quadcopter,HOBBYWING_H15MD_PLUS_coaxial_axis,73.0,MAD_24S_100Ah_solid_state,100000,24,75142.5,23237.5,51905.0,17040.0,44.47848965543398,True,1072.6808537615045,55641.512829485895,44358.487170514105,40.0,40.0,53.5,45.5,40.0,40.0
Quadcopter,HOBBYWING_H15MD_PLUS_coaxial_axis,73.0,12Sx2_series_24S_66Ah,66000,24,66237.5,23237.5,43000.0,11853.6,29.355803172586427,True,1071.2986971261507,52377.61676645596,13622.383233544038,40.0,40.0,52.5,44.5,40.0,40.0
Quadcopter,HOBBYWING_H15MD_PLUS_coaxial_axis,73.0,12Sx4_2P2S_24S_132Ah,132000,24,87637.5,23237.5,64400.0,23707.2,58.711606345172854,True,1073.8545288753423,60790.29567889204,71209.70432110796,40.0,40.0,55.5,47.0,40.0,40.0
Quadcopter,HOBBYWING_H15MD_PLUS_coaxial_axis,73.0,Farasis_24S1P_53Ah,53000,24,66538.5,23237.5,43301.0,864.0,23.57359951738001,True,1071.589436154938,52392.70130246411,607.2986975358872,40.0,40.0,52.5,44.5,40.0,40.0
Quadcopter,HOBBYWING_H15MD_PLUS_coaxial_axis,73.0,Farasis_24S2P_106Ah,106000,24,88239.5,23237.5,65002.0,1728.0,47.14719903476002,True,1074.39282877837,60822.19031678206,45177.80968321794,40.0,40.0,55.5,47.0,40.0,40.0
Quadcopter,HOBBYWING_H15MD_PLUS_coaxial_axis,73.0,ZYE_UltraHV_24S_66Ah,66000,24,65837.5,23237.5,42600.0,2498.0,29.355803172586427,True,1070.951586931611,52359.62682412527,13640.37317587473,40.0,40.0,52.5,44.5,40.0,40.0
Quadcopter,HOBBYWING_H15MD_PLUS_coaxial_axis,73.0,Grepow_TARBG_24S_30Ah,30000,24,54182.5,23237.5,30945.0,5302.78,13.343546896630194,False,1070.457620080098,47837.46974869387,-17837.469748693868,40.0,40.0,50.5,43.0,40.0,40.0
Quadcopter,HOBBYWING_H15MD_PLUS_coaxial_axis,73.0,Amprius_SA08_24S1P_11Ah,11050,24,47537.5,23237.5,24300.0,4640.0,4.914873106925454,False,1072.0135429507118,45129.14765681765,-34079.14765681765,40.0,40.0,50.0,42.0,40.0,40.0
Quadcopter,HOBBYWING_H15MD_PLUS_coaxial_axis,73.0,Amprius_SA08_24S2P_22Ah,22100,24,50237.5,23237.5,27000.0,9280.0,9.829746213850909,False,1070.1613229503594,46405.29481954565,-24305.29481954565,40.0,40.0,50.0,42.5,40.0,40.0
Quadcopter,HOBBYWING_H15MD_PLUS_coaxial_axis,73.0,Amprius_SA88_24S1P_10Ah,10500,24,47284.5,23237.5,24047.0,1944.0,4.670241413820568,False,1071.2743680000478,45096.74759676072,-34596.74759676072,40.0,40.0,50.0,42.0,40.0,40.0
Quadcopter,HOBBYWING_H15MD_PLUS_coaxial_axis,73.0,Amprius_SA88_24S2P_21Ah,21000,24,49730.5,23237.5,26493.0,3888.0,9.340482827641136,False,1069.627483987801,46380.94944671929,-25380.949446719293,40.0,40.0,50.0,42.5,40.0,40.0
Quadcopter,HOBBYWING_H15MD_PLUS_coaxial_axis,73.0,Grepow_NMC811_24S1P_87Ah,87000,24,67258.5,23237.5,44021.0,15378.12,38.69628600022756,True,1072.4315254611895,52436.46482527797,34563.53517472203,40.0,40.0,52.5,44.5,40.0,40.0
Quadcopter,HOBBYWING_H15MD_PLUS_coaxial_axis,73.0,Grepow_NMC811_24S2P_24Ah,24000,24,51369.5,23237.5,28132.0,4242.24,10.674837517304155,False,1071.917612111038,46490.10305161124,-22490.103051611237,40.0,40.0,50.5,42.5,40.0,40.0
Quadcopter,HOBBYWING_H15MD_PLUS_coaxial_axis,73.0,Amprius_SA88_24S4P_42Ah,42000,24,54625.5,23237.5,31388.0,7776.0,18.68096565528227,False,1070.9940450937527,47862.75291701893,-5862.75291701893,40.0,40.0,50.5,43.0,40.0,40.0
Quadcopter,HOBBYWING_H15MD_PLUS_coaxial_axis,73.0,Amprius_SA88_24S6P_63Ah,63000,24,59519.5,23237.5,36282.0,11664.0,28.021448482923407,True,1072.6102000276226,49410.91197258914,13589.088027410857,40.0,40.0,51.5,43.5,40.0,40.0
Quadcopter,HOBBYWING_H15MD_PLUS_coaxial_axis,73.0,Grepow_NMC811_small_24S4P_48Ah,48000,24,57901.5,23237.5,34664.0,8484.48,21.34967503460831,False,1070.4904968402861,49302.387074429666,-1302.3870744296655,40.0,40.0,51.0,43.5,40.0,40.0
Quadcopter,HOBBYWING_H15MD_coaxial_axis,64.0,YANGDA_XTurbo_24S_44Ah,44000,24,51201.0,23035.0,28166.0,7800.0,23.409821106542246,False,1072.6838431698802,48956.79141533537,-4956.79141533537,40.0,40.0,54.0,46.0,40.0,40.0
Quadcopter,HOBBYWING_H15MD_coaxial_axis,64.0,TATTU_NEO_24S_30Ah,30000,24,55371.0,23035.0,32336.0,5668.98,15.961241663551531,False,1074.0712642471042,50558.582741595295,-20558.582741595295,40.0,40.0,54.5,46.5,40.0,40.0
Quadcopter,HOBBYWING_H15MD_coaxial_axis,64.0,MAD_24S_55Ah_solid_state,55000,24,55039.0,23035.0,32004.0,9372.0,29.26227638317781,True,1073.2320544008153,50515.61925613354,4484.380743866459,40.0,40.0,54.5,46.5,40.0,40.0
Quadcopter,HOBBYWING_H15MD_coaxial_axis,64.0,MAD_24S_100Ah_solid_state,100000,24,68676.0,23035.0,45641.0,17040.0,53.204138878505105,True,1072.991928818969,57041.50858393905,42958.49141606095,40.0,40.0,56.5,48.5,40.0,40.0
Quadcopter,HOBBYWING_H15MD_coaxial_axis,64.0,12Sx2_series_24S_66Ah,66000,24,59771.0,23035.0,36736.0,11853.6,35.11473165981337,True,1071.0788426689955,53580.109224443724,12419.890775556276,40.0,40.0,55.0,47.5,40.0,40.0
Quadcopter,HOBBYWING_H15MD_coaxial_axis,64.0,12Sx4_2P2S_24S_132Ah,132000,24,81171.0,23035.0,58136.0,23707.2,70.22946331962675,True,1074.8102581539645,62563.2964785989,69436.7035214011,41.5,40.0,58.0,50.0,41.5,40.0
Quadcopter,HOBBYWING_H15MD_coaxial_axis,64.0,Farasis_24S1P_53Ah,53000,24,60072.0,23035.0,37037.0,864.0,28.198193605607706,False,1071.2921375333437,53591.3194599225,-591.3194599225026,40.0,40.0,55.0,47.5,40.0,40.0
Quadcopter,HOBBYWING_H15MD_coaxial_axis,64.0,Farasis_24S2P_106Ah,106000,24,81773.0,23035.0,58738.0,1728.0,56.39638721121541,True,1075.3934240714752,62598.55686679588,43401.44313320412,41.5,40.0,58.0,50.0,41.5,40.0
Quadcopter,HOBBYWING_H15MD_coaxial_axis,64.0,ZYE_UltraHV_24S_66Ah,66000,24,59371.0,23035.0,36336.0,2498.0,35.11473165981337,True,1074.9988838231202,52181.08276912417,13818.917230875828,40.0,40.0,55.0,47.0,40.0,40.0
Quadcopter,HOBBYWING_H15MD_coaxial_axis,64.0,Grepow_TARBG_24S_30Ah,30000,24,47716.0,23035.0,24681.0,5302.78,15.961241663551531,False,1072.925345629074,47476.518840714256,-17476.518840714256,40.0,40.0,53.5,45.5,40.0,40.0
Quadcopter,HOBBYWING_H15MD_coaxial_axis,64.0,Amprius_SA08_24S1P_11Ah,11050,24,41071.0,23035.0,18036.0,4640.0,5.879057346074815,False,1068.7449938294883,45824.00216567732,-34774.00216567732,40.0,40.0,52.5,45.0,40.0,40.0
Quadcopter,HOBBYWING_H15MD_coaxial_axis,64.0,Amprius_SA08_24S2P_22Ah,22100,24,43771.0,23035.0,20736.0,9280.0,11.75811469214963,False,1071.9770918603526,45972.588047083555,-23872.588047083555,40.0,40.0,52.5,45.0,40.0,40.0
Quadcopter,HOBBYWING_H15MD_coaxial_axis,64.0,Amprius_SA88_24S1P_10Ah,10500,24,40818.0,23035.0,17783.0,1944.0,5.586434582243036,False,1068.5686671574113,45815.94609990542,-35315.94609990542,40.0,40.0,52.5,45.0,40.0,40.0
Quadcopter,HOBBYWING_H15MD_coaxial_axis,64.0,Amprius_SA88_24S2P_21Ah,21000,24,43264.0,23035.0,20229.0,3888.0,11.172869164486071,False,1071.0073392398863,45927.86548648554,-24927.86548648554,40.0,40.0,52.5,45.0,40.0,40.0
Quadcopter,HOBBYWING_H15MD_coaxial_axis,64.0,Grepow_NMC811_24S1P_87Ah,87000,24,60792.0,23035.0,37757.0,15378.12,46.28760082429944,True,1071.8643801205944,53621.56450051058,33378.43549948942,40.0,40.0,55.0,47.5,40.0,40.0
Quadcopter,HOBBYWING_H15MD_coaxial_axis,64.0,Grepow_NMC811_24S2P_24Ah,24000,24,44903.0,23035.0,21868.0,4242.24,12.768993330841225,False,1069.3015968713767,47298.90076582991,-23298.90076582991,40.0,40.0,53.0,45.5,40.0,40.0
Quadcopter,HOBBYWING_H15MD_coaxial_axis,64.0,Amprius_SA88_24S4P_42Ah,42000,24,48159.0,23035.0,25124.0,7776.0,22.345738328972143,False,1069.434899953033,48792.22305702318,-6792.223057023177,40.0,40.0,53.5,46.0,40.0,40.0
Quadcopter,HOBBYWING_H15MD_coaxial_axis,64.0,Amprius_SA88_24S6P_63Ah,63000,24,53053.0,23035.0,30018.0,11664.0,33.51860749345822,True,1070.769552495222,50385.20077387297,12614.799226127026,40.0,40.0,54.0,46.5,40.0,40.0
Quadcopter,HOBBYWING_H15MD_coaxial_axis,64.0,Grepow_NMC811_small_24S4P_48Ah,48000,24,51435.0,23035.0,28400.0,8484.48,25.53798666168245,False,1073.2461239334498,48984.60955357669,-984.6095535766872,40.0,40.0,54.0,46.0,40.0,40.0
Quadcopter,M50C35_PRO_EEE_34kv,30.0,YANGDA_XTurbo_24S_44Ah,44000,24,42300.0,22270.0,20030.0,11200.0,28.16619373703088,False,1070.9675416626928,46912.950064566176,-2912.9500645661756,40.0,40.0,61.5,51.0,40.0,40.0
Quadcopter,M50C35_PRO_EEE_34kv,30.0,TATTU_NEO_24S_30Ah,30000,24,46470.0,22270.0,24200.0,9068.98,19.204223002521054,False,1073.8012922082355,48078.42109237506,-18078.421092375058,40.0,40.0,62.5,51.5,40.0,40.0
Quadcopter,M50C35_PRO_EEE_34kv,30.0,MAD_24S_55Ah_solid_state,55000,24,46138.0,22270.0,23868.0,12772.0,35.2077421712886,True,1073.1698505947643,48043.766217778684,6956.233782221316,40.0,40.0,62.0,51.5,40.0,40.0
Quadcopter,M50C35_PRO_EEE_34kv,30.0,MAD_24S_100Ah_solid_state,100000,24,59775.0,22270.0,37505.0,20440.0,64.01407667507019,True,1075.7327445007147,53774.05292870301,46225.94707129699,40.0,40.0,65.0,54.0,40.0,40.0
Quadcopter,M50C35_PRO_EEE_34kv,30.0,12Sx2_series_24S_66Ah,66000,24,50870.0,22270.0,28600.0,15253.6,42.24929060554632,True,1073.1142982617403,50190.763539006686,15809.236460993314,40.0,40.0,63.0,52.5,40.0,40.0
Quadcopter,M50C35_PRO_EEE_34kv,30.0,12Sx4_2P2S_24S_132Ah,132000,24,72270.0,22270.0,50000.0,27107.2,84.49858121109264,True,1080.0104612727114,59024.25671899386,72975.74328100614,43.0,40.0,68.0,56.0,43.0,40.0
Quadcopter,M50C35_PRO_EEE_34kv,30.0,Farasis_24S1P_53Ah,53000,24,51171.0,22270.0,28901.0,4264.0,33.9274606377872,True,1073.4915015137099,50213.616732735696,2786.383267264304,40.0,40.0,63.5,52.5,40.0,40.0
Quadcopter,M50C35_PRO_EEE_34kv,30.0,Farasis_24S2P_106Ah,106000,24,72872.0,22270.0,50602.0,5128.0,67.8549212755744,True,1076.3682374132525,60078.673626330085,45921.326373669915,43.0,40.0,68.0,56.5,43.0,40.0
Quadcopter,M50C35_PRO_EEE_34kv,30.0,ZYE_UltraHV_24S_66Ah,66000,24,50470.0,22270.0,28200.0,5898.0,42.24929060554632,True,1072.5944611942832,50164.577715991545,15835.422284008455,40.0,40.0,63.0,52.5,40.0,40.0
Quadcopter,M50C35_PRO_EEE_34kv,30.0,Grepow_TARBG_24S_30Ah,30000,24,38815.0,22270.0,16545.0,8702.779999999999,19.204223002521054,False,1072.7121561692009,45053.08961183633,-15053.08961183633,40.0,40.0,60.5,50.0,40.0,40.0
Quadcopter,M50C35_PRO_EEE_34kv,30.0,Amprius_SA08_24S1P_11Ah,11050,24,32170.0,22270.0,9900.0,8040.0,7.073555472595255,False,1069.3637733939681,43044.385444811,-31994.385444811,40.0,40.0,59.0,49.0,40.0,40.0
Quadcopter,M50C35_PRO_EEE_34kv,30.0,Amprius_SA08_24S2P_22Ah,22100,24,34870.0,22270.0,12600.0,12680.0,14.14711094519051,False,1069.9128232578284,43996.223554759155,-21896.223554759155,40.0,40.0,60.0,49.5,40.0,40.0
Quadcopter,M50C35_PRO_EEE_34kv,30.0,Amprius_SA88_24S1P_10Ah,10500,24,31917.0,22270.0,9647.0,5344.0,6.721478050882369,False,1073.323387777273,42298.26768047196,-31798.26768047196,40.0,40.0,59.0,48.5,40.0,40.0
Quadcopter,M50C35_PRO_EEE_34kv,30.0,Amprius_SA88_24S2P_21Ah,21000,24,34363.0,22270.0,12093.0,7288.0,13.442956101764738,False,1073.6058321743171,43233.839454166475,-22233.839454166475,40.0,40.0,59.5,49.0,40.0,40.0
Quadcopter,M50C35_PRO_EEE_34kv,30.0,Grepow_NMC811_24S1P_87Ah,87000,24,51891.0,22270.0,29621.0,18778.120000000003,55.69224670731106,True,1074.9040999790448,50285.89570754798,36714.10429245202,40.0,40.0,63.5,52.5,40.0,40.0
Quadcopter,M50C35_PRO_EEE_34kv,30.0,Grepow_NMC811_24S2P_24Ah,24000,24,36002.0,22270.0,13732.0,7642.24,15.363378402016844,False,1071.58969076716,44071.109236895565,-20071.109236895565,40.0,40.0,60.0,49.5,40.0,40.0
Quadcopter,M50C35_PRO_EEE_34kv,30.0,Amprius_SA88_24S4P_42Ah,42000,24,39258.0,22270.0,16988.0,11176.0,26.885912203529475,False,1074.0222695251666,45117.04662296486,-3117.046622964859,40.0,40.0,61.0,50.0,40.0,40.0
Quadcopter,M50C35_PRO_EEE_34kv,30.0,Amprius_SA88_24S6P_63Ah,63000,24,44152.0,22270.0,21882.0,15064.0,40.328868305294215,True,1074.1684257010384,47069.647820182894,15930.352179817106,40.0,40.0,62.0,51.0,40.0,40.0
Quadcopter,M50C35_PRO_EEE_34kv,30.0,Grepow_NMC811_small_24S4P_48Ah,48000,24,42534.0,22270.0,20264.0,11884.48,30.726756804033688,True,1071.23817757661,46925.73711601281,1074.2628839871904,40.0,40.0,61.5,51.0,40.0,40.0
Quadcopter,TMOTOR_U15L_KV43,47.0,YANGDA_XTurbo_24S_44Ah,44000,24,51162.5,22652.5,28510.0,25087.0,39.473684210526315,False,1079.5006076410475,63464.567009470906,-19464.567009470906,44.5,40.0,88.5,69.0,44.5,40.0
Quadcopter,TMOTOR_U15L_KV43,47.0,TATTU_NEO_24S_30Ah,30000,24,55332.5,22652.5,32680.0,22955.98,26.913875598086126,False,1081.9404869122106,66212.8342840606,-36212.834284060606,46.0,40.0,90.0,70.5,46.0,40.0
Quadcopter,TMOTOR_U15L_KV43,47.0,MAD_24S_55Ah_solid_state,55000,24,55000.5,22652.5,32348.0,26659.0,49.3421052631579,False,1080.9159205076742,66155.75231551492,-11155.752315514925,46.0,40.0,89.5,70.5,46.0,40.0
Quadcopter,TMOTOR_U15L_KV43,47.0,MAD_24S_100Ah_solid_state,100000,24,68637.5,22652.5,45985.0,34327.0,74.64442868486476,True,1083.004175361668,76472.45777407046,23527.542225929545,51.5,43.0,93.0,72.5,51.5,43.0
Quadcopter,TMOTOR_U15L_KV43,47.0,12Sx2_series_24S_66Ah,66000,24,59732.5,22652.5,37080.0,29140.6,59.21052631578948,False,1080.85856629302,70387.08955714894,-4387.089557148938,47.5,41.0,90.5,71.5,47.5,41.0
Quadcopter,TMOTOR_U15L_KV43,47.0,12Sx4_2P2S_24S_132Ah,132000,24,81132.5,22652.5,58480.0,40994.2,78.5497909489216,True,1084.4542816520914,85397.82586910305,46602.17413089695,58.0,46.0,100.0,74.0,58.0,46.0
Quadcopter,TMOTOR_U15L_KV43,47.0,Farasis_24S1P_53Ah,53000,24,60033.5,22652.5,37381.0,18151.0,47.32545928161136,False,1081.6711644086968,70417.67251375107,-17417.672513751066,47.5,41.0,90.5,71.5,47.5,41.0
Quadcopter,TMOTOR_U15L_KV43,47.0,Farasis_24S2P_106Ah,106000,24,81734.5,22652.5,59082.0,19015.0,62.43779092473896,True,1087.5706492802944,85519.45231565551,20480.547684344492,58.0,46.0,100.0,74.0,58.0,46.0
Quadcopter,TMOTOR_U15L_KV43,47.0,ZYE_UltraHV_24S_66Ah,66000,24,59332.5,22652.5,36680.0,19785.0,59.21052631578948,False,1087.2190805844111,70326.13613939927,-4326.13613939927,47.5,40.5,90.5,71.5,47.5,40.5
Quadcopter,TMOTOR_U15L_KV43,47.0,Grepow_TARBG_24S_30Ah,30000,24,47677.5,22652.5,25025.0,22589.78,26.913875598086126,False,1078.6193505709875,61083.47577610407,-31083.475776104067,43.5,40.0,87.5,66.5,43.5,40.0
Quadcopter,TMOTOR_U15L_KV43,47.0,Amprius_SA08_24S1P_11Ah,11050,24,41032.5,22652.5,18380.0,21927.0,9.913277511961724,False,1076.2777339236643,57277.29093390321,-46227.29093390321,41.0,40.0,81.5,64.0,41.0,40.0
Quadcopter,TMOTOR_U15L_KV43,47.0,Amprius_SA08_24S2P_22Ah,22100,24,43732.5,22652.5,21080.0,26567.0,19.826555023923447,False,1075.642419227025,59137.841647246685,-37037.841647246685,42.0,40.0,84.0,65.0,42.0,40.0
Quadcopter,TMOTOR_U15L_KV43,47.0,Amprius_SA88_24S1P_10Ah,10500,24,40779.5,22652.5,18127.0,19231.0,9.419856459330145,False,1075.6984257964864,57244.137886404715,-46744.137886404715,41.0,40.0,81.5,64.0,41.0,40.0
Quadcopter,TMOTOR_U15L_KV43,47.0,Amprius_SA88_24S2P_21Ah,21000,24,43225.5,22652.5,20573.0,21175.0,18.83971291866029,False,1077.3000667735348,58395.05319823135,-37395.05319823135,42.0,40.0,83.5,64.5,42.0,40.0
Quadcopter,TMOTOR_U15L_KV43,47.0,Grepow_NMC811_24S1P_87Ah,87000,24,60753.5,22652.5,38101.0,32665.120000000003,76.47153742162514,True,1084.0281134103684,70509.91607279931,16490.083927200685,48.0,41.0,91.0,71.5,48.0,41.0
Quadcopter,TMOTOR_U15L_KV43,47.0,Grepow_NMC811_24S2P_24Ah,24000,24,44864.5,22652.5,22212.0,21529.239999999998,21.5311004784689,False,1078.1539007341748,59306.09153307367,-35306.09153307367,42.5,40.0,85.0,65.0,42.5,40.0
Quadcopter,TMOTOR_U15L_KV43,47.0,Amprius_SA88_24S4P_42Ah,42000,24,48120.5,22652.5,25468.0,25063.0,37.67942583732058,False,1078.094463718166,61486.102396952614,-19486.102396952614,43.5,40.0,88.0,67.0,43.5,40.0
Quadcopter,TMOTOR_U15L_KV43,47.0,Amprius_SA88_24S6P_63Ah,63000,24,53014.5,22652.5,30362.0,28951.0,56.51913875598086,False,1079.5202577095347,64896.99564716651,-1896.9956471665064,45.0,40.0,89.0,70.0,45.0,40.0
Quadcopter,TMOTOR_U15L_KV43,47.0,Grepow_NMC811_small_24S4P_48Ah,48000,24,51396.5,22652.5,28744.0,25771.48,43.0622009569378,False,1080.3624515516165,63520.89799560794,-15520.897995607942,44.5,40.0,89.0,69.0,44.5,40.0
Quadcopter,TMOTOR_U15XL_KV38,52.0,YANGDA_XTurbo_24S_44Ah,44000,24,54947.0,22765.0,32182.0,32887.0,32.640949554896146,False,1076.029603602617,60782.70408458907,-16782.704084589073,43.5,40.0,75.0,58.0,43.5,40.0
Quadcopter,TMOTOR_U15XL_KV38,52.0,TATTU_NEO_24S_30Ah,30000,24,59117.0,22765.0,36352.0,30755.98,22.25519287833828,False,1078.5379806060084,62583.17146005074,-32583.17146005074,44.5,40.0,77.5,59.0,44.5,40.0
Quadcopter,TMOTOR_U15XL_KV38,52.0,MAD_24S_55Ah_solid_state,55000,24,58785.0,22765.0,36020.0,34459.0,40.80118694362018,False,1077.7489817780145,62531.789574128954,-7531.789574128954,44.5,40.0,77.0,59.0,44.5,40.0
Quadcopter,TMOTOR_U15XL_KV38,52.0,MAD_24S_100Ah_solid_state,100000,24,72422.0,22765.0,49657.0,42127.0,73.83174955172707,True,1085.8681998909592,70079.21321120279,29920.78678879721,48.0,41.0,80.5,63.5,48.0,41.0
Quadcopter,TMOTOR_U15XL_KV38,52.0,12Sx2_series_24S_66Ah,66000,24,63517.0,22765.0,40752.0,36940.6,48.961424332344215,True,1079.4426147023578,65040.781941405236,959.2180585947644,45.5,40.0,79.0,60.5,45.5,40.0
Quadcopter,TMOTOR_U15XL_KV38,52.0,12Sx4_2P2S_24S_132Ah,132000,24,84917.0,22765.0,62152.0,48794.2,79.14156702316649,True,1084.9595175413424,78870.20995918619,53129.79004081381,51.0,44.0,82.5,67.0,51.0,44.0
Quadcopter,TMOTOR_U15XL_KV38,52.0,Farasis_24S1P_53Ah,53000,24,63818.0,22765.0,41053.0,25951.0,39.317507418397625,False,1080.2118095111177,65087.74394211239,-12087.743942112393,45.5,40.0,79.0,60.5,45.5,40.0
Quadcopter,TMOTOR_U15XL_KV38,52.0,Farasis_24S2P_106Ah,106000,24,85519.0,22765.0,62754.0,26815.0,62.96227981098375,True,1087.6682954062508,78994.82513154043,27005.174868459566,51.5,44.0,82.5,67.0,51.5,44.0
Quadcopter,TMOTOR_U15XL_KV38,52.0,ZYE_UltraHV_24S_66Ah,66000,24,63117.0,22765.0,40352.0,27585.0,48.961424332344215,True,1078.638520266482,64990.303002923676,1009.6969970763239,45.5,40.0,78.5,60.5,45.5,40.0
Quadcopter,TMOTOR_U15XL_KV38,52.0,Grepow_TARBG_24S_30Ah,30000,24,51462.0,22765.0,28697.0,30389.78,22.25519287833828,False,1075.322707653138,59048.486597819734,-29048.486597819734,42.5,40.0,73.5,57.0,42.5,40.0
Quadcopter,TMOTOR_U15XL_KV38,52.0,Amprius_SA08_24S1P_11Ah,11050,24,44817.0,22765.0,22052.0,29727.0,8.1973293768546,False,1076.307876707919,55407.223275729884,-44357.223275729884,40.0,40.0,71.0,55.0,40.0,40.0
Quadcopter,TMOTOR_U15XL_KV38,52.0,Amprius_SA08_24S2P_22Ah,22100,24,47517.0,22765.0,24752.0,34367.0,16.3946587537092,False,1074.6484732857314,57207.08697540363,-35107.08697540363,40.5,40.0,72.0,56.0,40.5,40.0
Quadcopter,TMOTOR_U15XL_KV38,52.0,Amprius_SA88_24S1P_10Ah,10500,24,44564.0,22765.0,21799.0,27031.0,7.7893175074183985,False,1075.5704602249507,55365.18855283554,-44865.18855283554,40.0,40.0,71.0,55.0,40.0,40.0
Quadcopter,TMOTOR_U15XL_KV38,52.0,Amprius_SA88_24S2P_21Ah,21000,24,47010.0,22765.0,24245.0,28975.0,15.578635014836797,False,1077.2776433663503,56438.63807114545,-35438.63807114545,40.5,40.0,72.0,55.5,40.5,40.0
Quadcopter,TMOTOR_U15XL_KV38,52.0,Grepow_NMC811_24S1P_87Ah,87000,24,64538.0,22765.0,41773.0,40465.12,64.54005934718101,True,1079.2205205674318,65770.85552774741,21229.144472252592,46.0,40.0,79.0,61.0,46.0,40.0
Quadcopter,TMOTOR_U15XL_KV38,52.0,Grepow_NMC811_24S2P_24Ah,24000,24,48649.0,22765.0,25884.0,29329.239999999998,17.804154302670625,False,1076.588100505343,57332.70964362678,-33332.70964362678,41.0,40.0,72.5,56.0,41.0,40.0
Quadcopter,TMOTOR_U15XL_KV38,52.0,Amprius_SA88_24S4P_42Ah,42000,24,51905.0,22765.0,29140.0,32863.0,31.157270029673594,False,1076.1160891555653,59095.0647186845,-17095.0647186845,42.5,40.0,73.5,57.0,42.5,40.0
Quadcopter,TMOTOR_U15XL_KV38,52.0,Amprius_SA88_24S6P_63Ah,63000,24,56799.0,22765.0,34034.0,36751.0,46.73590504451039,True,1076.6440984786122,61648.23930887249,1351.760691127507,44.0,40.0,76.5,58.5,44.0,40.0
Quadcopter,TMOTOR_U15XL_KV38,52.0,Grepow_NMC811_small_24S4P_48Ah,48000,24,55181.0,22765.0,32416.0,33571.479999999996,35.60830860534125,False,1076.3941447908874,60807.01077055928,-12807.010770559282,43.5,40.0,75.5,58.0,43.5,40.0
Quadcopter,TMOTOR_U15XXL_KV29,62.0,YANGDA_XTurbo_24S_44Ah,44000,24,60020.0,22990.0,37030.0,37387.0,28.241335044929397,False,1073.6150473405942,54362.54651032078,-10362.546510320783,40.0,40.0,66.5,55.5,40.0,40.0
Quadcopter,TMOTOR_U15XXL_KV29,62.0,TATTU_NEO_24S_30Ah,30000,24,64190.0,22990.0,41200.0,35255.979999999996,19.25545571245186,False,1074.9401913240586,55838.38607243817,-25838.386072438167,41.5,40.0,67.0,56.0,41.5,40.0
Quadcopter,TMOTOR_U15XXL_KV29,62.0,MAD_24S_55Ah_solid_state,55000,24,63858.0,22990.0,40868.0,38959.0,35.30166880616174,False,1074.6869380560684,55816.77960245843,-816.7796024584313,41.0,40.0,67.0,56.0,41.0,40.0
Quadcopter,TMOTOR_U15XXL_KV29,62.0,MAD_24S_100Ah_solid_state,100000,24,77495.0,22990.0,54505.0,46627.0,64.18485237483954,True,1077.298919185795,61852.90829899592,38147.09170100408,46.0,40.0,68.5,58.0,46.0,40.0
Quadcopter,TMOTOR_U15XXL_KV29,62.0,12Sx2_series_24S_66Ah,66000,24,68590.0,22990.0,45600.0,41440.6,42.36200256739409,True,1077.0723929190913,57416.58431824472,8583.41568175528,43.0,40.0,67.5,56.5,43.0,40.0
Quadcopter,TMOTOR_U15XXL_KV29,62.0,12Sx4_2P2S_24S_132Ah,132000,24,89990.0,22990.0,67000.0,53294.2,84.72400513478819,True,1084.827785931578,67473.76113723277,64526.23886276723,50.0,40.0,73.5,60.0,50.0,40.0
Quadcopter,TMOTOR_U15XXL_KV29,62.0,Farasis_24S1P_53Ah,53000,24,68891.0,22990.0,45901.0,30451.0,34.017971758664956,False,1077.6600976066743,57459.508455851246,-4459.508455851246,43.5,40.0,67.5,56.5,43.5,40.0
Quadcopter,TMOTOR_U15XXL_KV29,62.0,Farasis_24S2P_106Ah,106000,24,90592.0,22990.0,67602.0,31315.0,68.03594351732991,True,1087.1541688514483,67602.65707698168,38397.342923018325,50.5,40.0,74.0,60.0,50.5,40.0
Quadcopter,TMOTOR_U15XXL_KV29,62.0,ZYE_UltraHV_24S_66Ah,66000,24,68190.0,22990.0,45200.0,32085.0,42.36200256739409,True,1076.3095735641348,57372.518932473766,8627.481067526234,43.0,40.0,67.5,56.5,43.0,40.0
Quadcopter,TMOTOR_U15XXL_KV29,62.0,Grepow_TARBG_24S_30Ah,30000,24,56535.0,22990.0,33545.0,34889.78,19.25545571245186,False,1080.258244637694,52151.88878267059,-22151.88878267059,40.0,40.0,66.0,54.5,40.0,40.0
Quadcopter,TMOTOR_U15XXL_KV29,62.0,Amprius_SA08_24S1P_11Ah,11050,24,49890.0,22990.0,26900.0,34227.0,7.092426187419768,False,1073.8065482399352,49284.47421291199,-38234.47421291199,40.0,40.0,65.5,53.5,40.0,40.0
Quadcopter,TMOTOR_U15XXL_KV29,62.0,Amprius_SA08_24S2P_22Ah,22100,24,52590.0,22990.0,29600.0,38867.0,14.184852374839537,False,1073.7918339787605,50536.33516388333,-28436.335163883326,40.0,40.0,65.5,54.0,40.0,40.0
Quadcopter,TMOTOR_U15XXL_KV29,62.0,Amprius_SA88_24S1P_10Ah,10500,24,49637.0,22990.0,26647.0,31531.0,6.7394094993581515,False,1073.3035147912306,49259.19551711465,-38759.19551711465,40.0,40.0,65.5,53.5,40.0,40.0
Quadcopter,TMOTOR_U15XXL_KV29,62.0,Amprius_SA88_24S2P_21Ah,21000,24,52083.0,22990.0,29093.0,33475.0,13.478818998716303,False,1073.0281428720884,50497.41921674923,-29497.41921674923,40.0,40.0,65.5,54.0,40.0,40.0
Quadcopter,TMOTOR_U15XXL_KV29,62.0,Grepow_NMC811_24S1P_87Ah,87000,24,69611.0,22990.0,46621.0,44965.12,55.84082156611039,True,1074.7976664211228,58747.75364043575,28252.246359564248,43.5,40.0,67.5,57.0,43.5,40.0
Quadcopter,TMOTOR_U15XXL_KV29,62.0,Grepow_NMC811_24S2P_24Ah,24000,24,53722.0,22990.0,30732.0,33829.24,15.404364569961489,False,1072.2234410513772,51716.08966464408,-27716.08966464408,40.0,40.0,65.5,54.5,40.0,40.0
Quadcopter,TMOTOR_U15XXL_KV29,62.0,Amprius_SA88_24S4P_42Ah,42000,24,56978.0,22990.0,33988.0,37363.0,26.957637997432606,False,1073.0199965565612,53022.93527537264,-11022.935275372642,40.0,40.0,66.0,55.0,40.0,40.0
Quadcopter,TMOTOR_U15XXL_KV29,62.0,Amprius_SA88_24S6P_63Ah,63000,24,61872.0,22990.0,38882.0,41251.0,40.436456996148905,True,1076.0140239829425,54490.71019407471,8509.289805925291,40.0,40.0,66.5,55.5,40.0,40.0
Quadcopter,TMOTOR_U15XXL_KV29,62.0,Grepow_NMC811_small_24S4P_48Ah,48000,24,60254.0,22990.0,37264.0,38071.479999999996,30.808729139922978,False,1073.8434577142657,54374.45865939166,-6374.458659391661,40.0,40.0,66.5,55.5,40.0,40.0
x_8,HOBBYWING_H13MD_coaxial_axis,54.0,YANGDA_XTurbo_24S_44Ah,44000,24,70600.0,34810.0,35790.0,7800.0,15.948096357122925,False,1083.2282895132369,56279.3413136076,-12279.341313607598,40.0,40.0,56.0,45.5,40.0,40.0
x_8,HOBBYWING_H13MD_coaxial_axis,54.0,TATTU_NEO_24S_30Ah,30000,24,74770.0,34810.0,39960.0,5668.98,10.873702061674722,False,1072.7787064388076,57302.03601886216,-27302.036018862163,40.0,40.0,57.0,46.5,40.0,40.0
x_8,HOBBYWING_H13MD_coaxial_axis,54.0,MAD_24S_55Ah_solid_state,55000,24,74438.0,34810.0,39628.0,9372.0,19.935120446403655,False,1072.354584817111,57271.490602767684,-2271.4906027676843,40.0,40.0,56.5,46.5,40.0,40.0
x_8,HOBBYWING_H13MD_coaxial_axis,54.0,MAD_24S_100Ah_solid_state,100000,24,88075.0,34810.0,53265.0,17040.0,36.24567353891574,True,1072.8828469194013,62547.57190462309,37452.42809537691,40.0,40.0,58.5,49.5,40.0,40.0
x_8,HOBBYWING_H13MD_coaxial_axis,54.0,12Sx2_series_24S_66Ah,66000,24,79170.0,34810.0,44360.0,11853.6,23.922144535684385,True,1072.822286359916,58973.77828909927,7026.221710900732,40.0,40.0,57.5,47.5,40.0,40.0
x_8,HOBBYWING_H13MD_coaxial_axis,54.0,12Sx4_2P2S_24S_132Ah,132000,24,100570.0,34810.0,65760.0,23707.2,47.84428907136877,True,1073.619383595127,67837.3098334426,64162.6901665574,40.0,40.0,60.5,52.0,40.0,40.0
x_8,HOBBYWING_H13MD_coaxial_axis,54.0,Farasis_24S1P_53Ah,53000,24,79471.0,34810.0,44661.0,864.0,19.21020697562534,False,1073.3258268201234,59002.915233310014,-6002.915233310014,40.0,40.0,57.5,47.5,40.0,40.0
x_8,HOBBYWING_H13MD_coaxial_axis,54.0,Farasis_24S2P_106Ah,106000,24,101172.0,34810.0,66362.0,1728.0,38.42041395125068,True,1074.0044252619075,67867.68155492422,38132.31844507578,40.5,40.0,60.5,52.0,40.5,40.0
x_8,HOBBYWING_H13MD_coaxial_axis,54.0,ZYE_UltraHV_24S_66Ah,66000,24,78770.0,34810.0,43960.0,2498.0,23.922144535684385,True,1072.2936069488974,58943.1848434304,7056.815156569603,40.0,40.0,57.5,47.5,40.0,40.0
x_8,HOBBYWING_H13MD_coaxial_axis,54.0,Grepow_TARBG_24S_30Ah,30000,24,67115.0,34810.0,32305.0,5302.78,10.873702061674722,False,1070.8856006686956,54857.47487837892,-24857.47487837892,40.0,40.0,55.5,45.0,40.0,40.0
x_8,HOBBYWING_H13MD_coaxial_axis,54.0,Amprius_SA08_24S1P_11Ah,11050,24,60470.0,34810.0,25660.0,4640.0,4.005146926050189,False,1080.471682352388,52595.90518038045,-41545.90518038045,40.0,40.0,54.5,43.0,40.0,40.0
x_8,HOBBYWING_H13MD_coaxial_axis,54.0,Amprius_SA08_24S2P_22Ah,22100,24,63170.0,34810.0,28360.0,9280.0,8.010293852100379,False,1070.6382401188011,53419.12251653176,-31319.12251653176,40.0,40.0,55.0,44.0,40.0,40.0
x_8,HOBBYWING_H13MD_coaxial_axis,54.0,Amprius_SA88_24S1P_10Ah,10500,24,60217.0,34810.0,25407.0,1944.0,3.8057957215861524,False,1071.4689492307593,52147.552762763924,-41647.552762763924,40.0,40.0,54.5,43.0,40.0,40.0
x_8,HOBBYWING_H13MD_coaxial_axis,54.0,Amprius_SA88_24S2P_21Ah,21000,24,62663.0,34810.0,27853.0,3888.0,7.611591443172305,False,1070.143956048018,53393.42666948903,-32393.426669489032,40.0,40.0,55.0,44.0,40.0,40.0
x_8,HOBBYWING_H13MD_coaxial_axis,54.0,Grepow_NMC811_24S1P_87Ah,87000,24,80191.0,34810.0,45381.0,15378.12,31.53373597885669,True,1071.6554662945346,59767.02927904831,27232.970720951693,40.0,40.0,57.5,48.0,40.0,40.0
x_8,HOBBYWING_H13MD_coaxial_axis,54.0,Grepow_NMC811_24S2P_24Ah,24000,24,64302.0,34810.0,29492.0,4242.24,8.698961649339777,False,1080.9556994323002,53955.99901614752,-29955.99901614752,40.0,40.0,55.5,44.0,40.0,40.0
x_8,HOBBYWING_H13MD_coaxial_axis,54.0,Amprius_SA88_24S4P_42Ah,42000,24,67558.0,34810.0,32748.0,7776.0,15.22318288634461,False,1071.2575167066561,54883.98571625403,-12883.985716254028,40.0,40.0,56.0,45.0,40.0,40.0
x_8,HOBBYWING_H13MD_coaxial_axis,54.0,Amprius_SA88_24S6P_63Ah,63000,24,72452.0,34810.0,37642.0,11664.0,22.834774329516915,True,1072.500714279315,56481.67165358446,6518.328346415539,40.0,40.0,56.5,46.0,40.0,40.0
x_8,HOBBYWING_H13MD_coaxial_axis,54.0,Grepow_NMC811_small_24S4P_48Ah,48000,24,70834.0,34810.0,36024.0,8484.48,17.397923298679554,False,1070.755162757494,56378.57608370079,-8378.576083700791,40.0,40.0,56.0,46.0,40.0,40.0
x_8,HOBBYWING_H15MD_PLUS_coaxial_axis,73.0,YANGDA_XTurbo_24S_44Ah,44000,24,91267.5,35237.5,56030.0,7800.0,9.785267724195476,False,1064.109137939602,79126.13809312007,-35126.13809312007,40.0,40.0,41.5,40.0,40.0,40.0
x_8,HOBBYWING_H15MD_PLUS_coaxial_axis,73.0,TATTU_NEO_24S_30Ah,30000,24,95437.5,35237.5,60200.0,5668.98,6.671773448315097,False,1064.4608670041152,79153.40685328202,-49153.406853282024,40.0,40.0,41.5,40.0,40.0,40.0
x_8,HOBBYWING_H15MD_PLUS_coaxial_axis,73.0,MAD_24S_55Ah_solid_state,55000,24,95105.5,35237.5,59868.0,9372.0,12.231584655244344,False,1064.432398110718,79151.19928435296,-24151.19928435296,40.0,40.0,41.5,40.0,40.0,40.0
x_8,HOBBYWING_H15MD_PLUS_coaxial_axis,73.0,MAD_24S_100Ah_solid_state,100000,24,108742.5,35237.5,73505.0,17040.0,22.23924482771699,True,1065.264685976398,79245.47625364427,20754.523746355728,40.0,40.0,43.0,40.0,40.0,40.0
x_8,HOBBYWING_H15MD_PLUS_coaxial_axis,73.0,12Sx2_series_24S_66Ah,66000,24,99837.5,35237.5,64600.0,11853.6,14.677901586293213,False,1064.7152829907752,79182.86820181685,-13182.868201816847,40.0,40.0,42.0,40.0,40.0,40.0
x_8,HOBBYWING_H15MD_PLUS_coaxial_axis,73.0,12Sx4_2P2S_24S_132Ah,132000,24,121237.5,35237.5,86000.0,23707.2,29.355803172586427,True,1066.2290705103198,79341.90748222852,52658.09251777148,40.0,40.0,44.0,40.0,40.0,40.0
x_8,HOBBYWING_H15MD_PLUS_coaxial_axis,73.0,Farasis_24S1P_53Ah,53000,24,100138.5,35237.5,64901.0,864.0,11.786799758690005,False,1064.7415747714147,79184.92585143616,-26184.925851436157,40.0,40.0,42.0,40.0,40.0,40.0
x_8,HOBBYWING_H15MD_PLUS_coaxial_axis,73.0,Farasis_24S2P_106Ah,106000,24,121839.5,35237.5,86602.0,1728.0,23.57359951738001,True,1066.2908688229245,79346.86919494785,26653.130805052147,40.0,40.0,44.0,40.0,40.0,40.0
x_8,HOBBYWING_H15MD_PLUS_coaxial_axis,73.0,ZYE_UltraHV_24S_66Ah,66000,24,99437.5,35237.5,64200.0,2498.0,14.677901586293213,False,1064.6804577073008,79180.1427917857,-13180.142791785707,40.0,40.0,42.0,40.0,40.0,40.0
x_8,HOBBYWING_H15MD_PLUS_coaxial_axis,73.0,Grepow_TARBG_24S_30Ah,30000,24,87782.5,35237.5,52545.0,5302.78,6.671773448315097,False,1063.943728538484,79103.76836519934,-49103.76836519934,40.0,40.0,41.0,40.0,40.0,40.0
x_8,HOBBYWING_H15MD_PLUS_coaxial_axis,73.0,Amprius_SA08_24S1P_11Ah,11050,24,81137.5,35237.5,45900.0,4640.0,2.457436553462727,False,1063.5268568314539,79062.25735255136,-68012.25735255136,40.0,40.0,40.5,40.0,40.0,40.0
x_8,HOBBYWING_H15MD_PLUS_coaxial_axis,73.0,Amprius_SA08_24S2P_22Ah,22100,24,83837.5,35237.5,48600.0,9280.0,4.914873106925454,False,1063.7467861294463,79078.94094220437,-56978.94094220437,40.0,40.0,40.5,40.0,40.0,40.0
x_8,HOBBYWING_H15MD_PLUS_coaxial_axis,73.0,Amprius_SA88_24S1P_10Ah,10500,24,80884.5,35237.5,45647.0,1944.0,2.335120706910284,False,1063.506475688666,79060.71139026315,-68560.71139026315,40.0,40.0,40.5,40.0,40.0,40.0
x_8,HOBBYWING_H15MD_PLUS_coaxial_axis,73.0,Amprius_SA88_24S2P_21Ah,21000,24,83330.5,35237.5,48093.0,3888.0,4.670241413820568,False,1063.7051422273153,79075.78168831818,-58075.78168831818,40.0,40.0,40.5,40.0,40.0,40.0
x_8,HOBBYWING_H15MD_PLUS_coaxial_axis,73.0,Grepow_NMC811_24S1P_87Ah,87000,24,100858.5,35237.5,65621.0,15378.12,19.34814300011378,True,1064.8047684440994,79189.87175445988,7810.128245540123,40.0,40.0,42.0,40.0,40.0,40.0
x_8,HOBBYWING_H15MD_PLUS_coaxial_axis,73.0,Grepow_NMC811_24S2P_24Ah,24000,24,84969.5,35237.5,49732.0,4242.24,5.337418758652078,False,1063.8403656975597,79086.04054985197,-55086.04054985197,40.0,40.0,40.5,40.0,40.0,40.0
x_8,HOBBYWING_H15MD_PLUS_coaxial_axis,73.0,Amprius_SA88_24S4P_42Ah,42000,24,88225.5,35237.5,52988.0,7776.0,9.340482827641136,False,1063.980395051782,79106.58163522783,-37106.581635227834,40.0,40.0,41.0,40.0,40.0,40.0
x_8,HOBBYWING_H15MD_PLUS_coaxial_axis,73.0,Amprius_SA88_24S6P_63Ah,63000,24,93119.5,35237.5,57882.0,11664.0,14.010724241461704,False,1064.263811062959,79138.12808245629,-16138.128082456285,40.0,40.0,41.5,40.0,40.0,40.0
x_8,HOBBYWING_H15MD_PLUS_coaxial_axis,73.0,Grepow_NMC811_small_24S4P_48Ah,48000,24,91501.5,35237.5,56264.0,8484.48,10.674837517304155,False,1064.128550268748,79127.64277435467,-31127.642774354666,40.0,40.0,41.5,40.0,40.0,40.0
x_8,HOBBYWING_H15MD_coaxial_axis,64.0,YANGDA_XTurbo_24S_44Ah,44000,24,78537.0,35035.0,43502.0,7800.0,11.704910553271123,False,1064.9063359209156,66231.77389790161,-22231.773897901614,40.0,40.0,43.0,40.0,40.0,40.0
x_8,HOBBYWING_H15MD_coaxial_axis,64.0,TATTU_NEO_24S_30Ah,30000,24,82707.0,35035.0,47672.0,5668.98,7.980620831775766,False,1065.3883377881718,66263.97683629618,-36263.97683629618,40.0,40.0,43.0,40.0,40.0,40.0
x_8,HOBBYWING_H15MD_coaxial_axis,64.0,MAD_24S_55Ah_solid_state,55000,24,82375.0,35035.0,47340.0,9372.0,14.631138191588905,False,1065.348834748381,66261.33789733249,-11261.337897332487,40.0,40.0,43.0,40.0,40.0,40.0
x_8,HOBBYWING_H15MD_coaxial_axis,64.0,MAD_24S_100Ah_solid_state,100000,24,96012.0,35035.0,60977.0,17040.0,26.602069439252553,True,1066.7150365713926,66380.3499024958,33619.6500975042,40.0,40.0,44.5,40.0,40.0,40.0
x_8,HOBBYWING_H15MD_coaxial_axis,64.0,12Sx2_series_24S_66Ah,66000,24,87107.0,35035.0,52072.0,11853.6,17.557365829906686,False,1065.784840305925,66299.77698403211,-299.7769840321125,40.0,40.0,43.5,40.0,40.0,40.0
x_8,HOBBYWING_H15MD_coaxial_axis,64.0,12Sx4_2P2S_24S_132Ah,132000,24,108507.0,35035.0,73472.0,23707.2,35.11473165981337,True,1068.5908497607122,66531.68816430944,65468.31183569056,40.0,40.0,46.0,40.0,40.0,40.0
x_8,HOBBYWING_H15MD_coaxial_axis,64.0,Farasis_24S1P_53Ah,53000,24,87408.0,35035.0,52373.0,864.0,14.099096802803853,False,1065.6890786714814,66302.29633240639,-13302.29633240639,40.0,40.0,44.0,40.0,40.0,40.0
x_8,HOBBYWING_H15MD_coaxial_axis,64.0,Farasis_24S2P_106Ah,106000,24,109109.0,35035.0,74074.0,1728.0,28.198193605607706,True,1068.736031377358,66541.31567180554,39458.68432819446,40.0,40.0,46.0,40.0,40.0,40.0
x_8,HOBBYWING_H15MD_coaxial_axis,64.0,ZYE_UltraHV_24S_66Ah,66000,24,86707.0,35035.0,51672.0,2498.0,17.557365829906686,False,1065.73474121058,66296.41124213907,-296.4112421390746,40.0,40.0,43.5,40.0,40.0,40.0
x_8,HOBBYWING_H15MD_coaxial_axis,64.0,Grepow_TARBG_24S_30Ah,30000,24,75052.0,35035.0,40017.0,5302.78,7.980620831775766,False,1064.654303725419,66205.9618833898,-36205.9618833898,40.0,40.0,42.5,40.0,40.0,40.0
x_8,HOBBYWING_H15MD_coaxial_axis,64.0,Amprius_SA08_24S1P_11Ah,11050,24,68407.0,35035.0,33372.0,4640.0,2.9395286730374073,False,1064.0795870164764,66159.2180522219,-55109.2180522219,40.0,40.0,42.0,40.0,40.0,40.0
x_8,HOBBYWING_H15MD_coaxial_axis,64.0,Amprius_SA08_24S2P_22Ah,22100,24,71107.0,35035.0,36072.0,9280.0,5.879057346074815,False,1064.3642163946142,66177.91489109067,-44077.914891090666,40.0,40.0,42.0,40.0,40.0,40.0
x_8,HOBBYWING_H15MD_coaxial_axis,64.0,Amprius_SA88_24S1P_10Ah,10500,24,68154.0,35035.0,33119.0,1944.0,2.793217291121518,False,1064.0533570825912,66157.49542513177,-55657.49542513177,40.0,40.0,42.0,40.0,40.0,40.0
x_8,HOBBYWING_H15MD_coaxial_axis,64.0,Amprius_SA88_24S2P_21Ah,21000,24,70600.0,35035.0,35565.0,3888.0,5.586434582243036,False,1064.3100913923188,66174.35895356208,-45174.358953562085,40.0,40.0,42.0,40.0,40.0,40.0
x_8,HOBBYWING_H15MD_coaxial_axis,64.0,Grepow_NMC811_24S1P_87Ah,87000,24,88128.0,35035.0,53093.0,15378.12,23.14380041214972,True,1065.7788827504771,66308.36055948943,20691.639440510568,40.0,40.0,44.0,40.0,40.0,40.0
x_8,HOBBYWING_H15MD_coaxial_axis,64.0,Grepow_NMC811_24S2P_24Ah,24000,24,72239.0,35035.0,37204.0,4242.24,6.384496665420612,False,1064.3514341609798,66185.88588765854,-42185.885887658544,40.0,40.0,42.5,40.0,40.0,40.0
x_8,HOBBYWING_H15MD_coaxial_axis,64.0,Amprius_SA88_24S4P_42Ah,42000,24,75495.0,35035.0,40460.0,7776.0,11.172869164486071,False,1064.7029842492914,66209.18917141203,-24209.18917141203,40.0,40.0,42.5,40.0,40.0,40.0
x_8,HOBBYWING_H15MD_coaxial_axis,64.0,Amprius_SA88_24S6P_63Ah,63000,24,80389.0,35035.0,45354.0,11664.0,16.75930374672911,False,1065.1167238209025,66245.83085888535,-3245.8308588853542,40.0,40.0,43.0,40.0,40.0,40.0
x_8,HOBBYWING_H15MD_coaxial_axis,64.0,Grepow_NMC811_small_24S4P_48Ah,48000,24,78771.0,35035.0,43736.0,8484.48,12.768993330841225,False,1064.9326132818246,66233.52964280944,-18233.529642809444,40.0,40.0,43.0,40.0,40.0,40.0
x_8,M50C35_PRO_EEE_34kv,30.0,YANGDA_XTurbo_24S_44Ah,44000,24,61500.0,34270.0,27230.0,11200.0,14.08309686851544,False,1065.1783623418355,55092.57372269868,-11092.573722698682,40.0,40.0,46.0,40.0,40.0,40.0
x_8,M50C35_PRO_EEE_34kv,30.0,TATTU_NEO_24S_30Ah,30000,24,65670.0,34270.0,31400.0,9068.98,9.602111501260527,False,1065.7769821765553,55131.539158325446,-25131.539158325446,40.0,40.0,46.5,40.0,40.0,40.0
x_8,M50C35_PRO_EEE_34kv,30.0,MAD_24S_55Ah_solid_state,55000,24,65338.0,34270.0,31068.0,12772.0,17.6038710856443,False,1065.7187303230146,55128.25976789675,-128.25976789675042,40.0,40.0,46.5,40.0,40.0,40.0
x_8,M50C35_PRO_EEE_34kv,30.0,MAD_24S_100Ah_solid_state,100000,24,78975.0,34270.0,44705.0,20440.0,32.00703833753509,True,1068.7711042204942,55321.10091345354,44678.89908654646,40.0,40.0,49.0,40.0,40.0,40.0
x_8,M50C35_PRO_EEE_34kv,30.0,12Sx2_series_24S_66Ah,66000,24,70070.0,34270.0,35800.0,15253.6,21.12464530277316,True,1066.4382271826285,55178.70399967319,10821.296000326809,40.0,40.0,47.5,40.0,40.0,40.0
x_8,M50C35_PRO_EEE_34kv,30.0,12Sx4_2P2S_24S_132Ah,132000,24,91470.0,34270.0,57200.0,27107.2,42.24929060554632,True,1071.7144238984163,58566.35927935438,73433.64072064562,40.0,40.0,51.0,41.0,40.0,40.0
x_8,M50C35_PRO_EEE_34kv,30.0,Farasis_24S1P_53Ah,53000,24,70371.0,34270.0,36101.0,4264.0,16.9637303188936,False,1066.5016654573633,55182.251885623395,-2182.2518856233946,40.0,40.0,47.5,40.0,40.0,40.0
x_8,M50C35_PRO_EEE_34kv,30.0,Farasis_24S2P_106Ah,106000,24,92072.0,34270.0,57802.0,5128.0,33.9274606377872,True,1072.3637403641555,58602.990671203486,47397.009328796514,40.0,40.0,51.0,41.0,40.0,40.0
x_8,M50C35_PRO_EEE_34kv,30.0,ZYE_UltraHV_24S_66Ah,66000,24,69670.0,34270.0,35400.0,5898.0,21.12464530277316,True,1066.3554130835594,55174.068250973214,10825.931749026786,40.0,40.0,47.5,40.0,40.0,40.0
x_8,M50C35_PRO_EEE_34kv,30.0,Grepow_TARBG_24S_30Ah,30000,24,58015.0,34270.0,23745.0,8702.779999999999,9.602111501260527,False,1064.746181312068,55062.86095111783,-25062.86095111783,40.0,40.0,45.5,40.0,40.0,40.0
x_8,M50C35_PRO_EEE_34kv,30.0,Amprius_SA08_24S1P_11Ah,11050,24,51370.0,34270.0,17100.0,8040.0,3.5367777362976276,False,1064.1184427643536,55010.95763126954,-43960.95763126954,40.0,40.0,44.0,40.0,40.0,40.0
x_8,M50C35_PRO_EEE_34kv,30.0,Amprius_SA08_24S2P_22Ah,22100,24,54070.0,34270.0,19800.0,12680.0,7.073555472595255,False,1064.3827016019345,55031.421561643576,-32931.421561643576,40.0,40.0,44.5,40.0,40.0,40.0
x_8,M50C35_PRO_EEE_34kv,30.0,Amprius_SA88_24S1P_10Ah,10500,24,51117.0,34270.0,16847.0,5344.0,3.3607390254411844,False,1064.0846406429075,55009.070356813965,-44509.070356813965,40.0,40.0,44.0,40.0,40.0,40.0
x_8,M50C35_PRO_EEE_34kv,30.0,Amprius_SA88_24S2P_21Ah,21000,24,53563.0,34270.0,19293.0,7288.0,6.721478050882369,False,1064.3130064153418,55027.512519968695,-34027.512519968695,40.0,40.0,44.5,40.0,40.0,40.0
x_8,M50C35_PRO_EEE_34kv,30.0,Grepow_NMC811_24S1P_87Ah,87000,24,71091.0,34270.0,36821.0,18778.120000000003,27.84612335365553,True,1066.6575850327995,55190.959836708695,31809.040163291305,40.0,40.0,47.5,40.0,40.0,40.0
x_8,M50C35_PRO_EEE_34kv,30.0,Grepow_NMC811_24S2P_24Ah,24000,24,55202.0,34270.0,20932.0,7642.24,7.681689201008422,False,1064.441053943176,55040.243973401426,-31040.243973401426,40.0,40.0,45.0,40.0,40.0,40.0
x_8,M50C35_PRO_EEE_34kv,30.0,Amprius_SA88_24S4P_42Ah,42000,24,58458.0,34270.0,24188.0,11176.0,13.442956101764738,False,1064.8109405835621,55066.51531729586,-13066.51531729586,40.0,40.0,45.5,40.0,40.0,40.0
x_8,M50C35_PRO_EEE_34kv,30.0,Amprius_SA88_24S6P_63Ah,63000,24,63352.0,34270.0,29082.0,15064.0,20.164434152647107,True,1065.3836239004168,55109.36158848471,7890.6384115152905,40.0,40.0,46.5,40.0,40.0,40.0
x_8,M50C35_PRO_EEE_34kv,30.0,Grepow_NMC811_small_24S4P_48Ah,48000,24,61734.0,34270.0,27464.0,11884.48,15.363378402016844,False,1065.2151303600667,55094.64911884885,-7094.649118848851,40.0,40.0,46.0,40.0,40.0,40.0
x_8,TMOTOR_U15L_KV43,47.0,YANGDA_XTurbo_24S_44Ah,44000,24,78842.5,34652.5,44190.0,25087.0,19.736842105263158,False,1074.290561438489,64331.51931008,-20331.519310080002,40.5,40.0,61.5,48.0,40.5,40.0
x_8,TMOTOR_U15L_KV43,47.0,TATTU_NEO_24S_30Ah,30000,24,83012.5,34652.5,48360.0,22955.98,13.456937799043063,False,1075.131713997481,66013.90208080989,-36013.90208080989,41.0,40.0,62.5,48.5,41.0,40.0
x_8,TMOTOR_U15L_KV43,47.0,MAD_24S_55Ah_solid_state,55000,24,82680.5,34652.5,48028.0,26659.0,24.67105263157895,False,1074.7476989087158,65988.92034000524,-10988.920340005236,41.0,40.0,62.5,48.5,41.0,40.0
x_8,TMOTOR_U15L_KV43,47.0,MAD_24S_100Ah_solid_state,100000,24,96317.5,34652.5,61665.0,34327.0,44.856459330143544,True,1076.197932900922,72174.6813587779,27825.318641222097,43.5,40.0,64.0,50.5,43.5,40.0
x_8,TMOTOR_U15L_KV43,47.0,12Sx2_series_24S_66Ah,66000,24,87412.5,34652.5,52760.0,29140.6,29.60526315789474,False,1076.4046915508854,67709.15378011708,-1709.153780117078,42.0,40.0,63.0,49.0,42.0,40.0
x_8,TMOTOR_U15L_KV43,47.0,12Sx4_2P2S_24S_132Ah,132000,24,108812.5,34652.5,74160.0,40994.2,59.21052631578948,True,1079.6946252907646,77914.42894222066,54085.571057779336,45.5,40.0,65.0,52.5,45.5,40.0
x_8,TMOTOR_U15L_KV43,47.0,Farasis_24S1P_53Ah,53000,24,87713.5,34652.5,53061.0,18151.0,23.773923444976077,False,1077.0154157212055,67750.91307519436,-14750.91307519436,42.0,40.0,63.0,49.0,42.0,40.0
x_8,TMOTOR_U15L_KV43,47.0,Farasis_24S2P_106Ah,106000,24,109414.5,34652.5,74762.0,19015.0,47.547846889952154,True,1080.6341323977692,77980.16181439828,28019.838185601722,45.5,40.0,65.0,52.5,45.5,40.0
x_8,TMOTOR_U15L_KV43,47.0,ZYE_UltraHV_24S_66Ah,66000,24,87012.5,34652.5,52360.0,19785.0,29.60526315789474,False,1075.7684230067985,67665.99388601756,-1665.9938860175607,42.0,40.0,63.0,49.0,42.0,40.0
x_8,TMOTOR_U15L_KV43,47.0,Grepow_TARBG_24S_30Ah,30000,24,75357.5,34652.5,40705.0,22589.78,13.456937799043063,False,1074.2009479942717,62684.902146601235,-32684.902146601235,40.0,40.0,61.0,47.5,40.0,40.0
x_8,TMOTOR_U15L_KV43,47.0,Amprius_SA08_24S1P_11Ah,11050,24,68712.5,34652.5,34060.0,21927.0,4.956638755980862,False,1074.9723461698543,59456.842003906684,-48406.842003906684,40.0,40.0,59.5,46.5,40.0,40.0
x_8,TMOTOR_U15L_KV43,47.0,Amprius_SA08_24S2P_22Ah,22100,24,71412.5,34652.5,36760.0,26567.0,9.913277511961724,False,1073.4520597236299,61003.16819037557,-38903.16819037557,40.0,40.0,60.5,47.0,40.0,40.0
x_8,TMOTOR_U15L_KV43,47.0,Amprius_SA88_24S1P_10Ah,10500,24,68459.5,34652.5,33807.0,19231.0,4.709928229665072,False,1074.321476470593,59417.83930164845,-48917.83930164845,40.0,40.0,59.5,46.5,40.0,40.0
x_8,TMOTOR_U15L_KV43,47.0,Amprius_SA88_24S2P_21Ah,21000,24,70905.5,34652.5,36253.0,21175.0,9.419856459330145,False,1072.916032473635,60970.85388542507,-39970.85388542507,40.0,40.0,60.5,47.0,40.0,40.0
x_8,TMOTOR_U15L_KV43,47.0,Grepow_NMC811_24S1P_87Ah,87000,24,88433.5,34652.5,53781.0,32665.120000000003,39.02511961722488,True,1074.424322718866,69099.06972173377,17900.930278266227,42.0,40.0,63.0,49.5,42.0,40.0
x_8,TMOTOR_U15L_KV43,47.0,Grepow_NMC811_24S2P_24Ah,24000,24,72544.5,34652.5,37892.0,21529.239999999998,10.76555023923445,False,1075.2658856100343,61113.93695763722,-37113.93695763722,40.0,40.0,60.5,47.0,40.0,40.0
x_8,TMOTOR_U15L_KV43,47.0,Amprius_SA88_24S4P_42Ah,42000,24,75800.5,34652.5,41148.0,25063.0,18.83971291866029,False,1074.7828810311971,62721.084460178776,-20721.084460178776,40.0,40.0,61.0,47.5,40.0,40.0
x_8,TMOTOR_U15L_KV43,47.0,Amprius_SA88_24S6P_63Ah,63000,24,80694.5,34652.5,46042.0,28951.0,28.25956937799043,False,1073.1580341840477,65881.27540706166,-2881.2754070616647,41.0,40.0,62.0,48.5,41.0,40.0
x_8,TMOTOR_U15L_KV43,47.0,Grepow_NMC811_small_24S4P_48Ah,48000,24,79076.5,34652.5,44424.0,25771.48,21.5311004784689,False,1074.5476447790923,64347.80050923339,-16347.800509233391,40.5,40.0,61.5,48.0,40.5,40.0
x_8,TMOTOR_U15XL_KV38,52.0,YANGDA_XTurbo_24S_44Ah,44000,24,86299.0,34765.0,51534.0,32887.0,16.320474777448073,False,1074.2937709589107,64643.622022735646,-20643.622022735646,40.0,40.0,53.5,45.5,40.0,40.0
x_8,TMOTOR_U15XL_KV38,52.0,TATTU_NEO_24S_30Ah,30000,24,90469.0,34765.0,55704.0,30755.98,11.12759643916914,False,1073.6764825120902,66760.94499431491,-36760.94499431491,40.0,40.0,54.0,46.0,40.0,40.0
x_8,TMOTOR_U15XL_KV38,52.0,MAD_24S_55Ah_solid_state,55000,24,90137.0,34765.0,55372.0,34459.0,20.40059347181009,False,1073.3820622297426,66741.70406665547,-11741.704066655468,40.0,40.0,54.0,46.0,40.0,40.0
x_8,TMOTOR_U15XL_KV38,52.0,MAD_24S_100Ah_solid_state,100000,24,103774.0,34765.0,69009.0,42127.0,37.0919881305638,True,1076.6262757061759,71841.48002986726,28158.519970132736,42.5,40.0,56.5,47.0,42.5,40.0
x_8,TMOTOR_U15XL_KV38,52.0,12Sx2_series_24S_66Ah,66000,24,94869.0,34765.0,60104.0,36940.6,24.480712166172108,False,1073.2989879372726,69081.22174988942,-3081.221749889417,40.5,40.0,55.0,46.5,40.5,40.0
x_8,TMOTOR_U15XL_KV38,52.0,12Sx4_2P2S_24S_132Ah,132000,24,116269.0,34765.0,81504.0,48794.2,48.961424332344215,True,1078.5553473241284,77233.75939098976,54766.240609010245,44.5,40.0,59.0,48.0,44.5,40.0
x_8,TMOTOR_U15XL_KV38,52.0,Farasis_24S1P_53Ah,53000,24,95170.0,34765.0,60405.0,25951.0,19.658753709198812,False,1073.512509569195,69095.53040684015,-16095.530406840146,40.5,40.0,55.0,46.5,40.5,40.0
x_8,TMOTOR_U15XL_KV38,52.0,Farasis_24S2P_106Ah,106000,24,116871.0,34765.0,82106.0,26815.0,39.317507418397625,True,1074.4341068622482,79533.38064928744,26466.619350712557,44.5,40.0,59.0,48.5,44.5,40.0
x_8,TMOTOR_U15XL_KV38,52.0,ZYE_UltraHV_24S_66Ah,66000,24,94469.0,34765.0,59704.0,27585.0,24.480712166172108,False,1073.0340785442918,69063.52127383767,-3063.521273837672,40.5,40.0,55.0,46.5,40.5,40.0
x_8,TMOTOR_U15XL_KV38,52.0,Grepow_TARBG_24S_30Ah,30000,24,82814.0,34765.0,48049.0,30389.78,11.12759643916914,False,1071.3571019864983,64452.08720638515,-34452.08720638515,40.0,40.0,53.0,45.5,40.0,40.0
x_8,TMOTOR_U15XL_KV38,52.0,Amprius_SA08_24S1P_11Ah,11050,24,76169.0,34765.0,41404.0,29727.0,4.0986646884273,False,1072.4907326321606,60797.97887460471,-49747.97887460471,40.0,40.0,52.0,44.5,40.0,40.0
x_8,TMOTOR_U15XL_KV38,52.0,Amprius_SA08_24S2P_22Ah,22100,24,78869.0,34765.0,44104.0,34367.0,8.1973293768546,False,1071.329190057848,62508.160363518175,-40408.160363518175,40.0,40.0,52.5,45.0,40.0,40.0
x_8,TMOTOR_U15XL_KV38,52.0,Amprius_SA88_24S1P_10Ah,10500,24,75916.0,34765.0,41151.0,27031.0,3.8946587537091992,False,1072.1975916996269,60780.407159075374,-50280.407159075374,40.0,40.0,52.0,44.5,40.0,40.0
x_8,TMOTOR_U15XL_KV38,52.0,Amprius_SA88_24S2P_21Ah,21000,24,78362.0,34765.0,43597.0,28975.0,7.7893175074183985,False,1071.00891752524,62488.542123682004,-41488.542123682004,40.0,40.0,52.5,45.0,40.0,40.0
x_8,TMOTOR_U15XL_KV38,52.0,Grepow_NMC811_24S1P_87Ah,87000,24,95890.0,34765.0,61125.0,40465.12,32.27002967359051,True,1073.880725541514,69134.01446387883,17865.985536121167,41.0,40.0,55.0,46.5,41.0,40.0
x_8,TMOTOR_U15XL_KV38,52.0,Grepow_NMC811_24S2P_24Ah,24000,24,80001.0,34765.0,45236.0,29329.239999999998,8.902077151335313,False,1072.1945197492826,62561.33650531022,-38561.33650531022,40.0,40.0,52.5,45.0,40.0,40.0
x_8,TMOTOR_U15XL_KV38,52.0,Amprius_SA88_24S4P_42Ah,42000,24,83257.0,34765.0,48492.0,32863.0,15.578635014836797,False,1071.6129589010113,64468.14705309464,-22468.14705309464,40.0,40.0,53.0,45.5,40.0,40.0
x_8,TMOTOR_U15XL_KV38,52.0,Amprius_SA88_24S6P_63Ah,63000,24,88151.0,34765.0,53386.0,36751.0,23.367952522255194,False,1072.0240011408391,66653.68088029344,-3653.6808802934393,40.0,40.0,54.0,46.0,40.0,40.0
x_8,TMOTOR_U15XL_KV38,52.0,Grepow_NMC811_small_24S4P_48Ah,48000,24,86533.0,34765.0,51768.0,33571.479999999996,17.804154302670625,False,1074.6903419529622,64669.03033456357,-16669.03033456357,40.0,40.0,53.5,45.5,40.0,40.0
x_8,TMOTOR_U15XXL_KV29,62.0,YANGDA_XTurbo_24S_44Ah,44000,24,96220.0,34990.0,61230.0,37387.0,14.120667522464698,False,1072.7736846650291,59437.95810862978,-15437.958108629777,40.0,40.0,52.0,42.0,40.0,40.0
x_8,TMOTOR_U15XXL_KV29,62.0,TATTU_NEO_24S_30Ah,30000,24,100390.0,34990.0,65400.0,35255.979999999996,9.62772785622593,False,1071.4546708471842,61455.33282207509,-31455.332822075092,40.0,40.0,52.5,43.0,40.0,40.0
x_8,TMOTOR_U15XXL_KV29,62.0,MAD_24S_55Ah_solid_state,55000,24,100058.0,34990.0,65068.0,38959.0,17.65083440308087,False,1078.5688382106882,60812.3098723509,-5812.309872350903,40.0,40.0,52.5,42.5,40.0,40.0
x_8,TMOTOR_U15XXL_KV29,62.0,MAD_24S_100Ah_solid_state,100000,24,113695.0,34990.0,78705.0,46627.0,32.09242618741977,True,1084.373873095121,65720.87525482682,34279.124745173176,40.0,40.0,54.5,44.5,40.0,40.0
x_8,TMOTOR_U15XXL_KV29,62.0,12Sx2_series_24S_66Ah,66000,24,104790.0,34990.0,69800.0,41440.6,21.181001283697046,True,1072.428413894243,62619.73725144958,3380.26274855042,40.0,40.0,53.5,43.5,40.0,40.0
x_8,TMOTOR_U15XXL_KV29,62.0,12Sx4_2P2S_24S_132Ah,132000,24,126190.0,34990.0,91200.0,53294.2,42.36200256739409,True,1074.141332150099,70517.46242851073,61482.53757148927,40.5,40.0,55.5,46.5,40.5,40.0
x_8,TMOTOR_U15XXL_KV29,62.0,Farasis_24S1P_53Ah,53000,24,105091.0,34990.0,70101.0,30451.0,17.008985879332478,False,1072.6890135031992,62635.610900514905,-9635.610900514905,40.0,40.0,53.5,43.5,40.0,40.0
x_8,TMOTOR_U15XXL_KV29,62.0,Farasis_24S2P_106Ah,106000,24,126792.0,34990.0,91802.0,31315.0,34.017971758664956,True,1074.3239308856957,70546.89893542648,35453.10106457352,41.0,40.0,56.0,46.5,41.0,40.0
x_8,TMOTOR_U15XXL_KV29,62.0,ZYE_UltraHV_24S_66Ah,66000,24,104390.0,34990.0,69400.0,32085.0,21.181001283697046,True,1072.216311960045,62600.69880279524,3399.3011972047607,40.0,40.0,53.0,43.5,40.0,40.0
x_8,TMOTOR_U15XXL_KV29,62.0,Grepow_TARBG_24S_30Ah,30000,24,92735.0,34990.0,57745.0,34889.78,9.62772785622593,False,1072.0043859836455,58380.763151763254,-28380.763151763254,40.0,40.0,52.0,41.5,40.0,40.0
x_8,TMOTOR_U15XXL_KV29,62.0,Amprius_SA08_24S1P_11Ah,11050,24,86090.0,34990.0,51100.0,34227.0,3.546213093709884,False,1071.131231928476,56313.48690073113,-45263.48690073113,40.0,40.0,51.0,40.5,40.0,40.0
x_8,TMOTOR_U15XXL_KV29,62.0,Amprius_SA08_24S2P_22Ah,22100,24,88790.0,34990.0,53800.0,38867.0,7.092426187419768,False,1070.985572168372,57314.544348325726,-35214.544348325726,40.0,40.0,51.5,41.0,40.0,40.0
x_8,TMOTOR_U15XXL_KV29,62.0,Amprius_SA88_24S1P_10Ah,10500,24,85837.0,34990.0,50847.0,31531.0,3.3697047496790757,False,1070.900595603131,56301.010709043236,-45801.010709043236,40.0,40.0,51.0,40.5,40.0,40.0
x_8,TMOTOR_U15XXL_KV29,62.0,Amprius_SA88_24S2P_21Ah,21000,24,88283.0,34990.0,53293.0,33475.0,6.7394094993581515,False,1070.7005350441236,57293.21293882245,-36293.21293882245,40.0,40.0,51.0,41.0,40.0,40.0
x_8,TMOTOR_U15XXL_KV29,62.0,Grepow_NMC811_24S1P_87Ah,87000,24,105811.0,34990.0,70821.0,44965.12,27.920410783055196,True,1073.4425218306249,62681.47019030027,24318.52980969973,40.0,40.0,53.5,43.5,40.0,40.0
x_8,TMOTOR_U15XXL_KV29,62.0,Grepow_NMC811_24S2P_24Ah,24000,24,89922.0,34990.0,54932.0,33829.24,7.702182284980744,False,1072.1464477692448,57378.533715033685,-33378.533715033685,40.0,40.0,51.5,41.0,40.0,40.0
x_8,TMOTOR_U15XXL_KV29,62.0,Amprius_SA88_24S4P_42Ah,42000,24,93178.0,34990.0,58188.0,37363.0,13.478818998716303,False,1072.5618336247733,58412.048649853896,-16412.048649853896,40.0,40.0,52.0,41.5,40.0,40.0
x_8,TMOTOR_U15XXL_KV29,62.0,Amprius_SA88_24S6P_63Ah,63000,24,98072.0,34990.0,63082.0,41251.0,20.218228498074453,True,1071.71372565469,60413.56728970218,2586.4327102978204,40.0,40.0,52.5,42.5,40.0,40.0
x_8,TMOTOR_U15XXL_KV29,62.0,Grepow_NMC811_small_24S4P_48Ah,48000,24,96454.0,34990.0,61464.0,38071.479999999996,15.404364569961489,False,1073.010391541267,59457.318186458564,-11457.318186458564,40.0,40.0,52.5,42.0,40.0,40.0
TailSitter_Contra_Compact,HOBBYWING_H13MD_coaxial_axis,54.0,YANGDA_XTurbo_24S_44Ah,44000,24,38380.0,19810.0,18570.0,7800.0,63.7923854284917,False,1077.0303452504131,64453.64092661888,-20453.64092661888,53.5,40.0,91.5,80.0,53.5,40.0
TailSitter_Contra_Compact,HOBBYWING_H13MD_coaxial_axis,54.0,TATTU_NEO_24S_30Ah,30000,24,42550.0,19810.0,22740.0,5668.98,38.22454880123254,False,1075.8050276397205,68954.34568134221,-38954.34568134221,56.0,45.0,93.0,81.0,56.0,45.0
TailSitter_Contra_Compact,HOBBYWING_H13MD_coaxial_axis,54.0,MAD_24S_55Ah_solid_state,55000,24,42218.0,19810.0,22408.0,9372.0,70.82199237999174,False,1075.9575332638408,68899.30405828213,-13899.304058282127,56.0,44.5,93.0,81.0,56.0,44.5
TailSitter_Contra_Compact,HOBBYWING_H13MD_coaxial_axis,54.0,MAD_24S_100Ah_solid_state,100000,24,55855.0,19810.0,36045.0,17040.0,86.85141855845991,True,1077.2494510862703,81627.62319024291,18372.376809757086,63.5,54.0,96.5,83.0,63.5,54.0
TailSitter_Contra_Compact,HOBBYWING_H13MD_coaxial_axis,54.0,12Sx2_series_24S_66Ah,66000,24,46950.0,19810.0,27140.0,11853.6,73.62556961066772,False,1077.4343504168078,72022.66565599329,-6022.665655993289,58.5,48.5,94.5,81.5,58.5,48.5
TailSitter_Contra_Compact,HOBBYWING_H13MD_coaxial_axis,54.0,12Sx4_2P2S_24S_132Ah,132000,24,68350.0,19810.0,48540.0,23707.2,84.53066032063121,True,1079.7380933293587,91398.3012191404,40601.6987808596,69.5,58.5,98.0,84.5,69.5,58.5
TailSitter_Contra_Compact,HOBBYWING_H13MD_coaxial_axis,54.0,Farasis_24S1P_53Ah,53000,24,47251.0,19810.0,27441.0,864.0,58.61328191216321,False,1076.684492385801,72091.07391540003,-19091.073915400033,59.0,49.0,94.5,81.5,59.0,49.0
TailSitter_Contra_Compact,HOBBYWING_H13MD_coaxial_axis,54.0,Farasis_24S2P_106Ah,106000,24,68952.0,19810.0,49142.0,1728.0,67.00732412528944,True,1077.0939452865755,93465.19962237265,12534.800377627354,70.0,59.0,98.0,85.0,70.0,59.0
TailSitter_Contra_Compact,HOBBYWING_H13MD_coaxial_axis,54.0,ZYE_UltraHV_24S_66Ah,66000,24,46550.0,19810.0,26740.0,2498.0,74.48434245070479,False,1076.0849539998467,71981.82993613913,-5981.8299361391255,58.5,48.5,94.0,81.5,58.5,48.5
TailSitter_Contra_Compact,HOBBYWING_H13MD_coaxial_axis,54.0,Grepow_TARBG_24S_30Ah,30000,24,34895.0,19810.0,15085.0,5302.78,43.49480824669889,False,1073.2972263066795,62713.73453106477,-32713.734531064772,52.0,40.0,90.0,79.5,52.0,40.0
TailSitter_Contra_Compact,HOBBYWING_H13MD_coaxial_axis,54.0,Amprius_SA08_24S1P_11Ah,11050,24,28250.0,19810.0,8440.0,4640.0,16.020587704200757,False,1071.616879282059,58263.51963202529,-47213.51963202529,45.5,40.0,87.0,78.0,45.5,40.0
TailSitter_Contra_Compact,HOBBYWING_H13MD_coaxial_axis,54.0,Amprius_SA08_24S2P_22Ah,22100,24,30950.0,19810.0,11140.0,9280.0,32.041175408401514,False,1072.4094073722179,59704.021771103944,-37604.021771103944,49.0,40.0,88.0,78.5,49.0,40.0
TailSitter_Contra_Compact,HOBBYWING_H13MD_coaxial_axis,54.0,Amprius_SA88_24S1P_10Ah,10500,24,27997.0,19810.0,8187.0,1944.0,15.22318288634461,False,1071.4826145477184,58252.834098571184,-47752.834098571184,45.0,40.0,87.0,78.0,45.0,40.0
TailSitter_Contra_Compact,HOBBYWING_H13MD_coaxial_axis,54.0,Amprius_SA88_24S2P_21Ah,21000,24,30443.0,19810.0,10633.0,3888.0,30.44636577268922,False,1072.0732186154714,59676.57034090249,-38676.57034090249,48.0,40.0,88.0,78.5,48.0,40.0
TailSitter_Contra_Compact,HOBBYWING_H13MD_coaxial_axis,54.0,Grepow_NMC811_24S1P_87Ah,87000,24,47971.0,19810.0,28161.0,15378.12,94.2583221307732,True,1078.2523735963375,72257.13382328856,14742.866176711439,59.0,49.5,94.5,81.5,59.0,49.5
TailSitter_Contra_Compact,HOBBYWING_H13MD_coaxial_axis,54.0,Grepow_NMC811_24S2P_24Ah,24000,24,32082.0,19810.0,12272.0,4242.24,34.79584659735911,False,1072.1465383122559,61132.50756685925,-37132.50756685925,50.0,40.0,88.5,79.0,50.0,40.0
TailSitter_Contra_Compact,HOBBYWING_H13MD_coaxial_axis,54.0,Amprius_SA88_24S4P_42Ah,42000,24,35338.0,19810.0,15528.0,7776.0,60.89273154537844,False,1073.8531118245971,62739.25998077957,-20739.25998077957,52.0,40.0,90.0,79.5,52.0,40.0
TailSitter_Contra_Compact,HOBBYWING_H13MD_coaxial_axis,54.0,Amprius_SA88_24S6P_63Ah,63000,24,40232.0,19810.0,20422.0,11664.0,86.56150477161958,False,1076.1404557424532,66462.64855105082,-3462.648551050821,55.0,42.5,92.0,80.5,55.0,42.5
TailSitter_Contra_Compact,HOBBYWING_H13MD_coaxial_axis,54.0,Grepow_NMC811_small_24S4P_48Ah,48000,24,38614.0,19810.0,18804.0,8484.48,69.59169319471822,False,1078.0922610203218,64496.1486809637,-16496.1486809637,54.0,40.0,91.5,80.0,54.0,40.0
TailSitter_Contra_Compact,HOBBYWING_H15MD_PLUS_coaxial_axis,73.0,YANGDA_XTurbo_24S_44Ah,44000,24,43867.5,20237.5,23630.0,7800.0,39.141070896781905,False,1071.6917889745207,50958.88844673562,-6958.888446735618,40.0,40.0,66.5,56.5,40.0,40.0
TailSitter_Contra_Compact,HOBBYWING_H15MD_PLUS_coaxial_axis,73.0,TATTU_NEO_24S_30Ah,30000,24,48037.5,20237.5,27800.0,5668.98,26.687093793260388,False,1071.435771239372,53653.1730865035,-23653.1730865035,41.5,40.0,67.5,57.5,41.5,40.0
TailSitter_Contra_Compact,HOBBYWING_H15MD_PLUS_coaxial_axis,73.0,MAD_24S_55Ah_solid_state,55000,24,47705.5,20237.5,27468.0,9372.0,48.926338620977376,True,1073.3978874751124,52408.957681905384,2591.0423180946163,41.5,40.0,67.5,57.0,41.5,40.0
TailSitter_Contra_Compact,HOBBYWING_H15MD_PLUS_coaxial_axis,73.0,MAD_24S_100Ah_solid_state,100000,24,61342.5,20237.5,41105.0,17040.0,88.95697931086796,True,1074.41443722962,59542.293607867236,40457.706392132764,46.0,40.0,70.0,59.5,46.0,40.0
TailSitter_Contra_Compact,HOBBYWING_H15MD_PLUS_coaxial_axis,73.0,12Sx2_series_24S_66Ah,66000,24,52437.5,20237.5,32200.0,11853.6,58.711606345172854,True,1072.716696661126,55126.97269770265,10873.027302297349,43.0,40.0,68.5,58.0,43.0,40.0
TailSitter_Contra_Compact,HOBBYWING_H15MD_PLUS_coaxial_axis,73.0,12Sx4_2P2S_24S_132Ah,132000,24,73837.5,20237.5,53600.0,23707.2,103.18979966252394,True,1077.316723022692,66567.71465755759,65432.28534244241,50.0,42.0,72.5,61.5,50.0,42.0
TailSitter_Contra_Compact,HOBBYWING_H15MD_PLUS_coaxial_axis,73.0,Farasis_24S1P_53Ah,53000,24,52738.5,20237.5,32501.0,864.0,47.14719903476002,False,1073.0701543134155,55145.57351214487,-2145.573512144867,43.0,40.0,68.5,58.0,43.0,40.0
TailSitter_Contra_Compact,HOBBYWING_H15MD_PLUS_coaxial_axis,73.0,Farasis_24S2P_106Ah,106000,24,74439.5,20237.5,54202.0,1728.0,81.93780128800051,True,1079.486418011457,66685.92126516935,39314.07873483065,50.0,42.0,72.5,61.5,50.0,42.0
TailSitter_Contra_Compact,HOBBYWING_H15MD_PLUS_coaxial_axis,73.0,ZYE_UltraHV_24S_66Ah,66000,24,52037.5,20237.5,31800.0,2498.0,58.711606345172854,True,1072.3283403391313,55107.131882034206,10892.868117965794,43.0,40.0,68.5,58.0,43.0,40.0
TailSitter_Contra_Compact,HOBBYWING_H15MD_PLUS_coaxial_axis,73.0,Grepow_TARBG_24S_30Ah,30000,24,40382.5,20237.5,20145.0,5302.78,26.687093793260388,False,1070.3151020465436,49603.74667452573,-19603.746674525733,40.0,40.0,66.0,56.0,40.0,40.0
TailSitter_Contra_Compact,HOBBYWING_H15MD_PLUS_coaxial_axis,73.0,Amprius_SA08_24S1P_11Ah,11050,24,33737.5,20237.5,13500.0,4640.0,9.829746213850909,False,1070.0654715775452,45882.83563855824,-34832.83563855824,40.0,40.0,64.5,54.5,40.0,40.0
TailSitter_Contra_Compact,HOBBYWING_H15MD_PLUS_coaxial_axis,73.0,Amprius_SA08_24S2P_22Ah,22100,24,36437.5,20237.5,16200.0,9280.0,19.659492427701817,False,1070.6806634948532,47122.53983970486,-25022.539839704863,40.0,40.0,65.0,55.0,40.0,40.0
TailSitter_Contra_Compact,HOBBYWING_H15MD_PLUS_coaxial_axis,73.0,Amprius_SA88_24S1P_10Ah,10500,24,33484.5,20237.5,13247.0,1944.0,9.340482827641136,False,1069.6297016008732,45862.29499663687,-35362.29499663687,40.0,40.0,64.5,54.5,40.0,40.0
TailSitter_Contra_Compact,HOBBYWING_H15MD_PLUS_coaxial_axis,73.0,Amprius_SA88_24S2P_21Ah,21000,24,35930.5,20237.5,15693.0,3888.0,18.68096565528227,False,1069.9062430358342,47085.529802983954,-26085.529802983954,40.0,40.0,65.0,55.0,40.0,40.0
TailSitter_Contra_Compact,HOBBYWING_H15MD_PLUS_coaxial_axis,73.0,Grepow_NMC811_24S1P_87Ah,87000,24,53458.5,20237.5,33221.0,15378.12,77.39257200045512,True,1074.3045436824086,55228.475991163585,31771.524008836415,43.5,40.0,68.5,58.0,43.5,40.0
TailSitter_Contra_Compact,HOBBYWING_H15MD_PLUS_coaxial_axis,73.0,Grepow_NMC811_24S2P_24Ah,24000,24,37569.5,20237.5,17332.0,4242.24,21.34967503460831,False,1069.5886495665673,48307.82467073729,-24307.82467073729,40.0,40.0,65.5,55.5,40.0,40.0
TailSitter_Contra_Compact,HOBBYWING_H15MD_PLUS_coaxial_axis,73.0,Amprius_SA88_24S4P_42Ah,42000,24,40825.5,20237.5,20588.0,7776.0,37.36193131056454,False,1070.6701349629393,49619.87822805142,-7619.878228051421,40.0,40.0,66.0,56.0,40.0,40.0
TailSitter_Contra_Compact,HOBBYWING_H15MD_PLUS_coaxial_axis,73.0,Amprius_SA88_24S6P_63Ah,63000,24,45719.5,20237.5,25482.0,11664.0,56.042896965846815,True,1071.4566965774486,52281.36775066389,10718.632249336108,40.5,40.0,67.0,57.0,40.5,40.0
TailSitter_Contra_Compact,HOBBYWING_H15MD_PLUS_coaxial_axis,73.0,Grepow_NMC811_small_24S4P_48Ah,48000,24,44101.5,20237.5,23864.0,8484.48,42.69935006921662,False,1071.8612581827406,50971.13184160641,-2971.1318416064096,40.0,40.0,67.0,56.5,40.0,40.0
TailSitter_Contra_Compact,HOBBYWING_H15MD_coaxial_axis,64.0,YANGDA_XTurbo_24S_44Ah,44000,24,40533.0,20035.0,20498.0,7800.0,46.81964221308449,False,1072.0162215896105,55152.527122217536,-11152.527122217536,41.5,40.0,69.5,60.0,41.5,40.0
TailSitter_Contra_Compact,HOBBYWING_H15MD_coaxial_axis,64.0,TATTU_NEO_24S_30Ah,30000,24,44703.0,20035.0,24668.0,5668.98,31.922483327103063,False,1074.1890319892982,56792.82920237414,-26792.829202374138,43.0,40.0,70.5,60.5,43.0,40.0
TailSitter_Contra_Compact,HOBBYWING_H15MD_coaxial_axis,64.0,MAD_24S_55Ah_solid_state,55000,24,44371.0,20035.0,24336.0,9372.0,58.52455276635562,False,1073.820734984509,56750.94089036848,-1750.9408903684816,42.5,40.0,70.0,60.5,42.5,40.0
TailSitter_Contra_Compact,HOBBYWING_H15MD_coaxial_axis,64.0,MAD_24S_100Ah_solid_state,100000,24,58008.0,20035.0,37973.0,17040.0,101.13343539541826,True,1076.4924684389646,65218.294866930184,34781.705133069816,48.0,41.0,73.0,63.0,48.0,41.0
TailSitter_Contra_Compact,HOBBYWING_H15MD_coaxial_axis,64.0,12Sx2_series_24S_66Ah,66000,24,49103.0,20035.0,29068.0,11853.6,70.22946331962675,True,1073.6271258096474,59870.9094452383,6129.0905547617,45.0,40.0,71.0,61.5,45.0,40.0
TailSitter_Contra_Compact,HOBBYWING_H15MD_coaxial_axis,64.0,12Sx4_2P2S_24S_132Ah,132000,24,70503.0,20035.0,50468.0,23707.2,100.42616253869397,True,1078.732579814205,73647.12181848506,58352.87818151494,52.5,44.5,75.5,65.0,52.5,44.5
TailSitter_Contra_Compact,HOBBYWING_H15MD_coaxial_axis,64.0,Farasis_24S1P_53Ah,53000,24,49404.0,20035.0,29369.0,864.0,56.39638721121541,False,1073.9714155767253,59888.88130142574,-6888.881301425739,45.0,40.0,71.0,61.5,45.0,40.0
TailSitter_Contra_Compact,HOBBYWING_H15MD_coaxial_axis,64.0,Farasis_24S2P_106Ah,106000,24,71105.0,20035.0,51070.0,1728.0,79.64901613953747,True,1077.9045137539006,75356.32081912101,30643.679180878986,52.5,44.5,75.5,65.5,52.5,44.5
TailSitter_Contra_Compact,HOBBYWING_H15MD_coaxial_axis,64.0,ZYE_UltraHV_24S_66Ah,66000,24,48703.0,20035.0,28668.0,2498.0,70.22946331962675,True,1073.4807836780997,59850.854087681015,6149.145912318985,44.5,40.0,71.0,61.5,44.5,40.0
TailSitter_Contra_Compact,HOBBYWING_H15MD_coaxial_axis,64.0,Grepow_TARBG_24S_30Ah,30000,24,37048.0,20035.0,17013.0,5302.78,31.922483327103063,False,1071.2982345469004,53633.58179212018,-23633.58179212018,40.0,40.0,68.5,59.5,40.0,40.0
TailSitter_Contra_Compact,HOBBYWING_H15MD_coaxial_axis,64.0,Amprius_SA08_24S1P_11Ah,11050,24,30403.0,20035.0,10368.0,4640.0,11.75811469214963,False,1069.8168600132667,49414.082861269904,-38364.082861269904,40.0,40.0,67.5,58.0,40.0,40.0
TailSitter_Contra_Compact,HOBBYWING_H15MD_coaxial_axis,64.0,Amprius_SA08_24S2P_22Ah,22100,24,33103.0,20035.0,13068.0,9280.0,23.51622938429926,False,1070.653873287285,50810.06458236545,-28710.06458236545,40.0,40.0,68.0,58.5,40.0,40.0
TailSitter_Contra_Compact,HOBBYWING_H15MD_coaxial_axis,64.0,Amprius_SA88_24S1P_10Ah,10500,24,30150.0,20035.0,10115.0,1944.0,11.172869164486071,False,1069.5765757279137,49402.94714408382,-38902.94714408382,40.0,40.0,67.5,58.0,40.0,40.0
TailSitter_Contra_Compact,HOBBYWING_H15MD_coaxial_axis,64.0,Amprius_SA88_24S2P_21Ah,21000,24,32596.0,20035.0,12561.0,3888.0,22.345738328972143,False,1070.166354830994,50787.331728624,-29787.331728623998,40.0,40.0,68.0,58.5,40.0,40.0
TailSitter_Contra_Compact,HOBBYWING_H15MD_coaxial_axis,64.0,Grepow_NMC811_24S1P_87Ah,87000,24,50124.0,20035.0,30089.0,15378.12,92.57520164859888,True,1075.0582068754227,59955.02053716936,27044.97946283064,45.0,40.0,71.5,61.5,45.0,40.0
TailSitter_Contra_Compact,HOBBYWING_H15MD_coaxial_axis,64.0,Grepow_NMC811_24S2P_24Ah,24000,24,34235.0,20035.0,14200.0,4242.24,25.53798666168245,False,1070.305899253295,52175.26509797745,-28175.265097977448,40.0,40.0,68.0,59.0,40.0,40.0
TailSitter_Contra_Compact,HOBBYWING_H15MD_coaxial_axis,64.0,Amprius_SA88_24S4P_42Ah,42000,24,37491.0,20035.0,17456.0,7776.0,44.691476657944285,False,1071.5504403886387,53648.38893313181,-11648.388933131813,40.0,40.0,69.0,59.5,40.0,40.0
TailSitter_Contra_Compact,HOBBYWING_H15MD_coaxial_axis,64.0,Amprius_SA88_24S6P_63Ah,63000,24,42385.0,20035.0,22350.0,11664.0,67.03721498691644,True,1072.0320991909355,56648.76079403062,6351.239205969381,42.0,40.0,70.0,60.5,42.0,40.0
TailSitter_Contra_Compact,HOBBYWING_H15MD_coaxial_axis,64.0,Grepow_NMC811_small_24S4P_48Ah,48000,24,40767.0,20035.0,20732.0,8484.48,51.0759733233649,False,1072.2355297380452,55162.9726670714,-7162.972667071401,41.5,40.0,69.5,60.0,41.5,40.0
TailSitter_Contra_Compact,M50C35_PRO_EEE_34kv,30.0,YANGDA_XTurbo_24S_44Ah,44000,24,35700.0,19270.0,16430.0,11200.0,56.33238747406176,False,1073.0206453313092,55197.44470006206,-11197.444700062057,42.5,40.0,100.0,72.5,42.5,40.0
TailSitter_Contra_Compact,M50C35_PRO_EEE_34kv,30.0,TATTU_NEO_24S_30Ah,30000,24,39870.0,19270.0,20600.0,9068.98,38.40844600504211,False,1072.806937789062,58194.138157687245,-28194.138157687245,45.5,40.0,100.0,74.0,45.5,40.0
TailSitter_Contra_Compact,M50C35_PRO_EEE_34kv,30.0,MAD_24S_55Ah_solid_state,55000,24,39538.0,19270.0,20268.0,12772.0,70.4154843425772,False,1072.3817642518088,58172.46848101687,-3172.468481016869,45.5,40.0,100.0,74.0,45.5,40.0
TailSitter_Contra_Compact,M50C35_PRO_EEE_34kv,30.0,MAD_24S_100Ah_solid_state,100000,24,53175.0,19270.0,33905.0,20440.0,106.21744105611796,True,1077.1269138613707,67610.34804876124,32389.65195123876,53.5,43.0,100.0,78.0,53.5,43.0
TailSitter_Contra_Compact,M50C35_PRO_EEE_34kv,30.0,12Sx2_series_24S_66Ah,66000,24,44270.0,19270.0,25000.0,15253.6,84.49858121109264,True,1073.6197926271398,61361.575831647664,4638.424168352336,49.0,40.0,100.0,75.5,49.0,40.0
TailSitter_Contra_Compact,M50C35_PRO_EEE_34kv,30.0,12Sx4_2P2S_24S_132Ah,132000,24,65670.0,19270.0,46400.0,27107.2,103.95666477425654,True,1077.0475621410212,78391.55759022961,53608.44240977039,59.0,48.5,100.0,82.0,59.0,48.5
TailSitter_Contra_Compact,M50C35_PRO_EEE_34kv,30.0,Farasis_24S1P_53Ah,53000,24,44571.0,19270.0,25301.0,4264.0,67.8549212755744,False,1074.0606739529514,61381.95217816303,-8381.952178163032,49.0,40.0,100.0,75.5,49.0,40.0
TailSitter_Contra_Compact,M50C35_PRO_EEE_34kv,30.0,Farasis_24S2P_106Ah,106000,24,66272.0,19270.0,47002.0,5128.0,82.43472946690683,True,1078.4795559709823,78471.85826597452,27528.141734025485,59.5,48.5,100.0,82.0,59.5,48.5
TailSitter_Contra_Compact,M50C35_PRO_EEE_34kv,30.0,ZYE_UltraHV_24S_66Ah,66000,24,43870.0,19270.0,24600.0,5898.0,84.49858121109264,True,1075.4250827413505,60428.84078443338,5571.159215566622,48.5,40.0,100.0,75.0,48.5,40.0
TailSitter_Contra_Compact,M50C35_PRO_EEE_34kv,30.0,Grepow_TARBG_24S_30Ah,30000,24,32215.0,19270.0,12945.0,8702.779999999999,38.40844600504211,False,1072.7441345463715,53196.49778846291,-23196.49778846291,40.5,40.0,86.5,71.5,40.5,40.0
TailSitter_Contra_Compact,M50C35_PRO_EEE_34kv,30.0,Amprius_SA08_24S1P_11Ah,11050,24,25570.0,19270.0,6300.0,8040.0,14.14711094519051,False,1070.125624068675,49450.24853393038,-38400.24853393038,40.0,40.0,83.0,69.5,40.0,40.0
TailSitter_Contra_Compact,M50C35_PRO_EEE_34kv,30.0,Amprius_SA08_24S2P_22Ah,22100,24,28270.0,19270.0,9000.0,12680.0,28.29422189038102,False,1070.8228046336217,51253.6713695489,-29153.6713695489,40.0,40.0,84.0,70.5,40.0,40.0
TailSitter_Contra_Compact,M50C35_PRO_EEE_34kv,30.0,Amprius_SA88_24S1P_10Ah,10500,24,25317.0,19270.0,6047.0,5344.0,13.442956101764738,False,1069.8652602310597,49438.49658570168,-38938.49658570168,40.0,40.0,83.0,69.5,40.0,40.0
TailSitter_Contra_Compact,M50C35_PRO_EEE_34kv,30.0,Amprius_SA88_24S2P_21Ah,21000,24,27763.0,19270.0,8493.0,7288.0,26.885912203529475,False,1071.6315247477824,50400.31851409351,-29400.31851409351,40.0,40.0,83.5,70.0,40.0,40.0
TailSitter_Contra_Compact,M50C35_PRO_EEE_34kv,30.0,Grepow_NMC811_24S1P_87Ah,87000,24,45291.0,19270.0,26021.0,18778.120000000003,111.38449341462211,True,1075.4934448751965,61463.665258447254,25536.334741552746,49.5,40.0,100.0,75.5,49.5,40.0
TailSitter_Contra_Compact,M50C35_PRO_EEE_34kv,30.0,Grepow_NMC811_24S2P_24Ah,24000,24,29402.0,19270.0,10132.0,7642.24,30.726756804033688,False,1072.38515434893,51332.413231585,-27332.413231585,40.0,40.0,84.5,70.5,40.0,40.0
TailSitter_Contra_Compact,M50C35_PRO_EEE_34kv,30.0,Amprius_SA88_24S4P_42Ah,42000,24,32658.0,19270.0,13388.0,11176.0,53.77182440705895,False,1073.2726248930596,53254.682247556986,-11254.682247556986,40.5,40.0,92.5,71.5,40.5,40.0
TailSitter_Contra_Compact,M50C35_PRO_EEE_34kv,30.0,Amprius_SA88_24S6P_63Ah,63000,24,37552.0,19270.0,18282.0,15064.0,80.65773661058843,True,1071.8301969046913,57118.31485486897,5881.685145131029,44.0,40.0,100.0,73.5,44.0,40.0
TailSitter_Contra_Compact,M50C35_PRO_EEE_34kv,30.0,Grepow_NMC811_small_24S4P_48Ah,48000,24,35934.0,19270.0,16664.0,11884.48,61.453513608067375,False,1071.508765166144,56098.61079410575,-8098.610794105749,43.0,40.0,100.0,73.0,43.0,40.0
TailSitter_Contra_Compact,TMOTOR_U15L_KV43,47.0,YANGDA_XTurbo_24S_44Ah,44000,24,40322.5,19652.5,20670.0,25087.0,52.802676957198834,False,20242.058478498762,2003329.585946464,-1959329.585946464,57.5,45.5,100.0,100.0,57.5,45.5
TailSitter_Contra_Compact,TMOTOR_U15L_KV43,47.0,TATTU_NEO_24S_30Ah,30000,24,44492.5,19652.5,24840.0,22955.98,31.38867310578928,False,20242.61333172001,2003777.3624213564,-1973777.3624213564,61.5,47.5,100.0,100.0,61.5,47.5
TailSitter_Contra_Compact,TMOTOR_U15L_KV43,47.0,MAD_24S_55Ah_solid_state,55000,24,44160.5,19652.5,24508.0,26659.0,58.154598881932195,False,20242.07070621754,2003767.7363420597,-1948767.7363420597,61.5,47.5,100.0,100.0,61.5,47.5
TailSitter_Contra_Compact,TMOTOR_U15L_KV43,47.0,MAD_24S_100Ah_solid_state,100000,24,57797.5,19652.5,38145.0,34327.0,72.27860452840113,False,20243.686998785986,2005392.482720393,-1905392.482720393,72.5,56.0,100.0,100.0,72.5,56.0
TailSitter_Contra_Compact,TMOTOR_U15L_KV43,47.0,12Sx2_series_24S_66Ah,66000,24,48892.5,19652.5,29240.0,29140.6,60.469141287068155,False,20242.659733377932,2004305.825227191,-1938305.825227191,64.0,50.0,100.0,100.0,64.0,50.0
TailSitter_Contra_Compact,TMOTOR_U15L_KV43,47.0,12Sx4_2P2S_24S_132Ah,132000,24,70292.5,19652.5,50640.0,40994.2,71.80950034924031,False,20244.267722284272,2007134.6667508162,-1875134.6667508162,81.5,63.5,100.0,100.0,81.5,63.5
TailSitter_Contra_Compact,TMOTOR_U15L_KV43,47.0,Farasis_24S1P_53Ah,53000,24,49193.5,19652.5,29541.0,18151.0,48.140991042047695,False,20243.26559620402,2004317.8722183143,-1951317.8722183143,64.0,50.0,100.0,100.0,64.0,50.0
TailSitter_Contra_Compact,TMOTOR_U15L_KV43,47.0,Farasis_24S2P_106Ah,106000,24,70894.5,19652.5,51242.0,19015.0,56.952156030723586,False,20243.44079883794,2007265.5187803963,-1901265.5187803963,82.5,64.0,100.0,100.0,82.5,64.0
TailSitter_Contra_Compact,TMOTOR_U15L_KV43,47.0,ZYE_UltraHV_24S_66Ah,66000,24,48492.5,19652.5,28840.0,19785.0,61.17243975407046,False,20243.470879608594,2004224.8468392054,-1938224.8468392054,64.0,49.5,100.0,100.0,64.0,49.5
TailSitter_Contra_Compact,TMOTOR_U15L_KV43,47.0,Grepow_TARBG_24S_30Ah,30000,24,36837.5,19652.5,17185.0,22589.78,40.70793439639076,False,20243.12082665781,2002920.5713875212,-1972920.5713875212,53.5,43.5,100.0,100.0,53.5,43.5
TailSitter_Contra_Compact,TMOTOR_U15L_KV43,47.0,Amprius_SA08_24S1P_11Ah,11050,24,30192.5,19652.5,10540.0,21927.0,19.582453287240607,False,20241.55465488278,2002301.4054189525,-1991251.4054189525,47.5,40.5,100.0,100.0,47.5,40.5
TailSitter_Contra_Compact,TMOTOR_U15L_KV43,47.0,Amprius_SA08_24S2P_22Ah,22100,24,32892.5,19652.5,13240.0,26567.0,34.931602177704484,False,20241.351131927633,2002577.6971005776,-1980477.6971005776,50.0,42.0,100.0,100.0,50.0,42.0
TailSitter_Contra_Compact,TMOTOR_U15L_KV43,47.0,Amprius_SA88_24S1P_10Ah,10500,24,29939.5,19652.5,10287.0,19231.0,18.815306357364545,False,20241.18622106852,2002297.331966848,-1991797.331966848,47.5,40.5,100.0,100.0,47.5,40.5
TailSitter_Contra_Compact,TMOTOR_U15L_KV43,47.0,Amprius_SA88_24S2P_21Ah,21000,24,32385.5,19652.5,12733.0,21175.0,33.89259965369926,False,20242.08548523358,2002488.8140782237,-1981488.8140782237,49.5,41.5,100.0,100.0,49.5,41.5
TailSitter_Contra_Compact,TMOTOR_U15L_KV43,47.0,Grepow_NMC811_24S1P_87Ah,87000,24,49913.5,19652.5,30261.0,32665.120000000003,77.42527400859724,False,20243.120291157753,2004411.6235391735,-1917411.6235391735,64.5,50.5,100.0,100.0,64.5,50.5
TailSitter_Contra_Compact,TMOTOR_U15L_KV43,47.0,Grepow_NMC811_24S2P_24Ah,24000,24,34024.5,19652.5,14372.0,21529.239999999998,36.24709360076374,False,20241.505363004955,2002683.181293185,-1978683.181293185,51.0,42.5,100.0,100.0,51.0,42.5
TailSitter_Contra_Compact,TMOTOR_U15L_KV43,47.0,Amprius_SA88_24S4P_42Ah,42000,24,37280.5,19652.5,17628.0,25063.0,56.07797903313705,False,20241.802258806296,2003009.61190309,-1961009.61190309,54.0,44.0,100.0,100.0,54.0,44.0
TailSitter_Contra_Compact,TMOTOR_U15L_KV43,47.0,Amprius_SA88_24S6P_63Ah,63000,24,42174.5,19652.5,22522.0,28951.0,71.04479208684562,False,20241.963645787222,2003544.8560524087,-1940544.8560524087,60.0,46.5,100.0,100.0,60.0,46.5
TailSitter_Contra_Compact,TMOTOR_U15L_KV43,47.0,Grepow_NMC811_small_24S4P_48Ah,48000,24,40556.5,19652.5,20904.0,25771.48,57.146043094799595,False,20242.376657737528,2003335.9122192434,-1955335.9122192434,58.0,45.5,100.0,100.0,58.0,45.5
TailSitter_Contra_Compact,TMOTOR_U15XL_KV38,52.0,YANGDA_XTurbo_24S_44Ah,44000,24,42271.0,19765.0,22506.0,32887.0,53.07024478462313,False,1078.7933321316477,69554.1539165266,-25554.1539165266,51.0,43.5,100.0,85.0,51.0,43.5
TailSitter_Contra_Compact,TMOTOR_U15XL_KV38,52.0,TATTU_NEO_24S_30Ah,30000,24,46441.0,19765.0,26676.0,30755.98,31.90951958098985,False,1079.4554784277746,73157.5466290602,-43157.546629060205,53.5,45.5,100.0,88.0,53.5,45.5
TailSitter_Contra_Compact,TMOTOR_U15XL_KV38,52.0,MAD_24S_55Ah_solid_state,55000,24,46109.0,19765.0,26344.0,34459.0,59.07160711138891,False,1081.5133507195521,72700.50454192229,-17700.504541922288,53.0,45.0,100.0,87.5,53.0,45.0
TailSitter_Contra_Compact,TMOTOR_U15XL_KV38,52.0,MAD_24S_100Ah_solid_state,100000,24,59746.0,19765.0,39981.0,42127.0,74.5629122038778,True,1087.5533572660497,85179.26375885583,14820.736241144172,63.5,50.0,100.0,98.0,63.5,50.0
TailSitter_Contra_Compact,TMOTOR_U15XL_KV38,52.0,12Sx2_series_24S_66Ah,66000,24,50841.0,19765.0,31076.0,36940.6,61.8577232484317,False,1081.0127497107571,76911.86374015543,-10911.86374015543,56.5,47.0,100.0,91.5,56.5,47.0
TailSitter_Contra_Compact,TMOTOR_U15XL_KV38,52.0,12Sx4_2P2S_24S_132Ah,132000,24,72241.0,19765.0,52476.0,48794.2,75.38789642155108,False,20244.89915011497,2006822.343040823,-1874822.343040823,71.0,54.5,100.0,100.0,71.0,54.5
TailSitter_Contra_Compact,TMOTOR_U15XL_KV38,52.0,Farasis_24S1P_53Ah,53000,24,51142.0,19765.0,31377.0,25951.0,49.25909978127695,False,1080.6586214219415,77361.49140578335,-24361.491405783352,57.0,47.0,100.0,92.0,57.0,47.0
TailSitter_Contra_Compact,TMOTOR_U15XL_KV38,52.0,Farasis_24S2P_106Ah,106000,24,72843.0,19765.0,53078.0,26815.0,59.83856721364025,False,20243.868646190007,2006928.183636739,-1900928.183636739,71.5,55.0,100.0,100.0,71.5,55.0
TailSitter_Contra_Compact,TMOTOR_U15XL_KV38,52.0,ZYE_UltraHV_24S_66Ah,66000,24,50441.0,19765.0,30676.0,27585.0,62.55460366004855,False,1079.76159786444,76829.93349339363,-10829.933493393633,56.5,47.0,100.0,91.5,56.5,47.0
TailSitter_Contra_Compact,TMOTOR_U15XL_KV38,52.0,Grepow_TARBG_24S_30Ah,30000,24,38786.0,19765.0,19021.0,30389.78,40.49925273191162,False,1078.8655809860018,67015.09098246826,-37015.09098246826,49.0,41.5,100.0,84.0,49.0,41.5
TailSitter_Contra_Compact,TMOTOR_U15XL_KV38,52.0,Amprius_SA08_24S1P_11Ah,11050,24,32141.0,19765.0,12376.0,29727.0,16.3946587537092,False,1074.5792977821325,61995.271414944866,-50945.271414944866,46.0,40.0,100.0,82.5,46.0,40.0
TailSitter_Contra_Compact,TMOTOR_U15XL_KV38,52.0,Amprius_SA08_24S2P_22Ah,22100,24,34841.0,19765.0,15076.0,34367.0,32.7893175074184,False,1076.5878115353034,63728.780483842726,-41628.780483842726,47.0,40.0,100.0,83.0,47.0,40.0
TailSitter_Contra_Compact,TMOTOR_U15XL_KV38,52.0,Amprius_SA88_24S1P_10Ah,10500,24,31888.0,19765.0,12123.0,27031.0,15.578635014836797,False,1074.4550146197885,61975.4850688091,-51475.4850688091,45.5,40.0,100.0,82.5,45.5,40.0
TailSitter_Contra_Compact,TMOTOR_U15XL_KV38,52.0,Amprius_SA88_24S2P_21Ah,21000,24,34334.0,19765.0,14569.0,28975.0,31.157270029673594,False,1075.5458170481018,63679.3449779857,-42679.3449779857,47.0,40.0,100.0,83.0,47.0,40.0
TailSitter_Contra_Compact,TMOTOR_U15XL_KV38,52.0,Grepow_NMC811_24S1P_87Ah,87000,24,51862.0,19765.0,32097.0,40465.12,79.26879337918906,True,1082.8188718736415,77921.88820721723,9078.111792782773,57.5,47.0,100.0,92.5,57.5,47.0
TailSitter_Contra_Compact,TMOTOR_U15XL_KV38,52.0,Grepow_NMC811_24S2P_24Ah,24000,24,35973.0,19765.0,16208.0,29329.239999999998,35.60830860534125,False,1077.5082008204654,65269.23398826577,-41269.23398826577,47.5,40.0,100.0,83.5,47.5,40.0
TailSitter_Contra_Compact,TMOTOR_U15XL_KV38,52.0,Amprius_SA88_24S4P_42Ah,42000,24,39229.0,19765.0,19464.0,32863.0,55.86593102479355,False,1077.969667902329,67131.25658696383,-25131.256586963835,49.5,42.0,100.0,84.0,49.5,42.0
TailSitter_Contra_Compact,TMOTOR_U15XL_KV38,52.0,Amprius_SA88_24S6P_63Ah,63000,24,44123.0,19765.0,24358.0,36751.0,71.78475693288598,False,1079.214766039593,71072.25086562631,-8072.250865626309,52.0,44.5,100.0,86.0,52.0,44.5
TailSitter_Contra_Compact,TMOTOR_U15XL_KV38,52.0,Grepow_NMC811_small_24S4P_48Ah,48000,24,42505.0,19765.0,22740.0,33571.479999999996,57.474330005208834,False,1079.8893892835506,69613.95306420357,-21613.953064203568,51.0,43.5,100.0,85.0,51.0,43.5
TailSitter_Contra_Compact,TMOTOR_U15XXL_KV29,62.0,YANGDA_XTurbo_24S_44Ah,44000,24,44920.0,19990.0,24930.0,37387.0,56.48267008985879,False,1075.6541392024533,59014.15318441777,-15014.153184417773,50.0,40.0,100.0,75.5,50.0,40.0
TailSitter_Contra_Compact,TMOTOR_U15XXL_KV29,62.0,TATTU_NEO_24S_30Ah,30000,24,49090.0,19990.0,29100.0,35255.979999999996,36.32917318805915,False,1077.3406392900856,62045.573766928,-32045.573766928,52.5,41.5,100.0,78.0,52.5,41.5
TailSitter_Contra_Compact,TMOTOR_U15XXL_KV29,62.0,MAD_24S_55Ah_solid_state,55000,24,48758.0,19990.0,28768.0,38959.0,67.22273472162499,False,1077.9514014799583,61525.95045832698,-6525.950458326981,52.0,41.5,100.0,77.5,52.0,41.5
TailSitter_Contra_Compact,TMOTOR_U15XXL_KV29,62.0,MAD_24S_100Ah_solid_state,100000,24,62395.0,19990.0,42405.0,46627.0,86.40782408350728,True,1079.2246329033371,71947.00769505155,28052.99230494845,58.5,48.5,100.0,84.0,58.5,48.5
TailSitter_Contra_Compact,TMOTOR_U15XXL_KV29,62.0,12Sx2_series_24S_66Ah,66000,24,53490.0,19990.0,33500.0,41440.6,71.05145289181232,True,1080.0849476045105,65032.93996319463,967.060036805371,54.5,44.0,100.0,80.0,54.5,44.0
TailSitter_Contra_Compact,TMOTOR_U15XXL_KV29,62.0,12Sx4_2P2S_24S_132Ah,132000,24,74890.0,19990.0,54900.0,53294.2,87.55494694693083,True,1080.1140886943758,82051.10778635967,49948.89221364033,65.5,53.5,100.0,89.0,65.5,53.5
TailSitter_Contra_Compact,TMOTOR_U15XXL_KV29,62.0,Farasis_24S1P_53Ah,53000,24,53791.0,19990.0,33801.0,30451.0,56.61390735886133,False,1077.275759403035,65672.98299082127,-12672.98299082127,54.5,44.5,100.0,80.5,54.5,44.5
TailSitter_Contra_Compact,TMOTOR_U15XXL_KV29,62.0,Farasis_24S2P_106Ah,106000,24,75492.0,19990.0,55502.0,31315.0,69.49712916789879,True,1080.0602963601555,82902.84905842382,23097.150941576183,65.5,53.5,100.0,89.5,65.5,53.5
TailSitter_Contra_Compact,TMOTOR_U15XXL_KV29,62.0,ZYE_UltraHV_24S_66Ah,66000,24,53090.0,19990.0,33100.0,32085.0,71.79375061888253,True,1077.9808625284213,64945.379080879815,1054.6209191201851,54.0,44.0,100.0,80.0,54.0,44.0
TailSitter_Contra_Compact,TMOTOR_U15XXL_KV29,62.0,Grepow_TARBG_24S_30Ah,30000,24,41435.0,19990.0,21445.0,34889.78,38.51091142490372,False,1074.1395448528256,57079.99393046945,-27079.99393046945,48.0,40.0,98.0,73.5,48.0,40.0
TailSitter_Contra_Compact,TMOTOR_U15XXL_KV29,62.0,Amprius_SA08_24S1P_11Ah,11050,24,34790.0,19990.0,14800.0,34227.0,14.184852374839537,False,1072.7707391360461,53579.812849176604,-42529.812849176604,43.5,40.0,93.5,70.0,43.5,40.0
TailSitter_Contra_Compact,TMOTOR_U15XXL_KV29,62.0,Amprius_SA08_24S2P_22Ah,22100,24,37490.0,19990.0,17500.0,38867.0,28.369704749679073,False,1073.653794743276,54893.70913253392,-32793.70913253392,45.5,40.0,95.5,71.0,45.5,40.0
TailSitter_Contra_Compact,TMOTOR_U15XXL_KV29,62.0,Amprius_SA88_24S1P_10Ah,10500,24,34537.0,19990.0,14547.0,31531.0,13.478818998716303,False,1072.406681420927,53561.73025499568,-43061.73025499568,43.5,40.0,93.5,70.0,43.5,40.0
TailSitter_Contra_Compact,TMOTOR_U15XXL_KV29,62.0,Amprius_SA88_24S2P_21Ah,21000,24,36983.0,19990.0,16993.0,33475.0,26.957637997432606,False,1072.969134310966,54847.01490033134,-33847.01490033134,45.0,40.0,95.0,71.0,45.0,40.0
TailSitter_Contra_Compact,TMOTOR_U15XXL_KV29,62.0,Grepow_NMC811_24S1P_87Ah,87000,24,54511.0,19990.0,34521.0,44965.12,91.22795035831471,True,1078.151107204519,65841.36294424169,21158.637055758314,55.0,45.0,100.0,80.5,55.0,45.0
TailSitter_Contra_Compact,TMOTOR_U15XXL_KV29,62.0,Grepow_NMC811_24S2P_24Ah,24000,24,38622.0,19990.0,18632.0,33829.24,30.808729139922978,False,1074.310631736163,55436.563815746544,-31436.563815746544,46.0,40.0,96.0,71.5,46.0,40.0
TailSitter_Contra_Compact,TMOTOR_U15XXL_KV29,62.0,Amprius_SA88_24S4P_42Ah,42000,24,41878.0,19990.0,21888.0,37363.0,53.91527599486521,False,1075.2542628897434,57142.773469000625,-15142.773469000625,48.0,40.0,98.0,73.5,48.0,40.0
TailSitter_Contra_Compact,TMOTOR_U15XXL_KV29,62.0,Amprius_SA88_24S6P_63Ah,63000,24,46772.0,19990.0,26782.0,41251.0,80.87291399229781,True,1077.8501399017919,60151.56020570367,2848.4397942963333,51.0,40.0,100.0,76.5,51.0,40.0
TailSitter_Contra_Compact,TMOTOR_U15XXL_KV29,62.0,Grepow_NMC811_small_24S4P_48Ah,48000,24,45154.0,19990.0,25164.0,38071.479999999996,61.617458279845955,False,1076.1650575296574,59052.12175745592,-11052.12175745592,50.5,40.0,100.0,75.5,50.5,40.0
TailSitter_Contra_Balanced,HOBBYWING_H13MD_coaxial_axis,54.0,YANGDA_XTurbo_24S_44Ah,44000,24,39880.0,21310.0,18570.0,7800.0,61.17475595214079,False,1074.9619844724236,66359.8394156869,-22359.839415686904,54.5,42.0,92.0,80.5,54.5,42.0
TailSitter_Contra_Balanced,HOBBYWING_H13MD_coaxial_axis,54.0,TATTU_NEO_24S_30Ah,30000,24,44050.0,21310.0,22740.0,5668.98,36.47970763980004,False,1076.1850627060355,69094.04237262624,-39094.04237262624,57.0,46.0,93.5,81.0,57.0,46.0
TailSitter_Contra_Balanced,HOBBYWING_H13MD_coaxial_axis,54.0,MAD_24S_55Ah_solid_state,55000,24,43718.0,21310.0,22408.0,9372.0,67.56566890326606,False,1075.1360522220261,69060.908223071,-14060.908223071005,57.0,46.0,93.5,81.0,57.0,46.0
TailSitter_Contra_Balanced,HOBBYWING_H13MD_coaxial_axis,54.0,MAD_24S_100Ah_solid_state,100000,24,57355.0,21310.0,36045.0,17040.0,83.3998984351595,True,1074.8666367947155,81888.52930177389,18111.470698226112,64.5,55.0,96.5,83.0,64.5,55.0
TailSitter_Contra_Balanced,HOBBYWING_H13MD_coaxial_axis,54.0,12Sx2_series_24S_66Ah,66000,24,48450.0,21310.0,27140.0,11853.6,70.54635279843671,False,1074.4415186064302,74881.17522490125,-8881.17522490125,59.5,50.0,94.5,82.0,59.5,50.0
TailSitter_Contra_Balanced,HOBBYWING_H13MD_coaxial_axis,54.0,12Sx4_2P2S_24S_132Ah,132000,24,69850.0,21310.0,48540.0,23707.2,81.86732323667884,True,1077.3096132222413,93472.10867077447,38527.89132922553,70.5,59.0,98.0,85.0,70.5,59.0
TailSitter_Contra_Balanced,HOBBYWING_H13MD_coaxial_axis,54.0,Farasis_24S1P_53Ah,53000,24,48751.0,21310.0,27441.0,864.0,56.17502610970349,False,1075.0345869266125,74898.41908965926,-21898.419089659263,59.5,50.0,95.0,82.0,59.5,50.0
TailSitter_Contra_Balanced,HOBBYWING_H13MD_coaxial_axis,54.0,Farasis_24S2P_106Ah,106000,24,70452.0,21310.0,49142.0,1728.0,64.91772381410726,True,1076.738393247547,93669.23408922982,12330.765910770177,70.5,59.5,98.5,85.0,70.5,59.5
TailSitter_Contra_Balanced,HOBBYWING_H13MD_coaxial_axis,54.0,ZYE_UltraHV_24S_66Ah,66000,24,48050.0,21310.0,26740.0,2498.0,71.34652532172855,False,1076.771878557336,72179.92409703527,-6179.924097035269,59.0,49.5,94.5,81.5,59.0,49.5
TailSitter_Contra_Balanced,HOBBYWING_H13MD_coaxial_axis,54.0,Grepow_TARBG_24S_30Ah,30000,24,36395.0,21310.0,15085.0,5302.78,43.49480824669889,False,1074.605042518596,62787.285901778974,-32787.285901778974,52.5,40.0,90.5,79.5,52.5,40.0
TailSitter_Contra_Balanced,HOBBYWING_H13MD_coaxial_axis,54.0,Amprius_SA08_24S1P_11Ah,11050,24,29750.0,21310.0,8440.0,4640.0,16.020587704200757,False,1072.4263711303981,58323.395271146066,-47273.395271146066,47.5,40.0,87.5,78.0,47.5,40.0
TailSitter_Contra_Balanced,HOBBYWING_H13MD_coaxial_axis,54.0,Amprius_SA08_24S2P_22Ah,22100,24,32450.0,21310.0,11140.0,9280.0,32.041175408401514,False,1071.7140176719067,61112.12874402891,-39012.12874402891,50.5,40.0,89.0,79.0,50.5,40.0
TailSitter_Contra_Balanced,HOBBYWING_H13MD_coaxial_axis,54.0,Amprius_SA88_24S1P_10Ah,10500,24,29497.0,21310.0,8187.0,1944.0,15.22318288634461,False,1072.051902058219,58296.107078384266,-47796.107078384266,47.0,40.0,87.5,78.0,47.0,40.0
TailSitter_Contra_Balanced,HOBBYWING_H13MD_coaxial_axis,54.0,Amprius_SA88_24S2P_21Ah,21000,24,31943.0,21310.0,10633.0,3888.0,30.44636577268922,False,1072.99541370092,59747.409427904604,-38747.409427904604,50.0,40.0,88.5,78.5,50.0,40.0
TailSitter_Contra_Balanced,HOBBYWING_H13MD_coaxial_axis,54.0,Grepow_NMC811_24S1P_87Ah,87000,24,49471.0,21310.0,28161.0,15378.12,90.38587341547692,True,1075.4143456673182,74987.7768786794,12012.223121320596,60.0,50.5,95.0,82.0,60.0,50.5
TailSitter_Contra_Balanced,HOBBYWING_H13MD_coaxial_axis,54.0,Grepow_NMC811_24S2P_24Ah,24000,24,33582.0,21310.0,12272.0,4242.24,34.79584659735911,False,1072.7431088403262,61169.52905386457,-37169.52905386457,51.0,40.0,89.5,79.0,51.0,40.0
TailSitter_Contra_Balanced,HOBBYWING_H13MD_coaxial_axis,54.0,Amprius_SA88_24S4P_42Ah,42000,24,36838.0,21310.0,15528.0,7776.0,60.89273154537844,False,1073.2701955987975,64295.97647862771,-22295.97647862771,53.0,40.0,91.0,80.0,53.0,40.0
TailSitter_Contra_Balanced,HOBBYWING_H13MD_coaxial_axis,54.0,Amprius_SA88_24S6P_63Ah,63000,24,41732.0,21310.0,20422.0,11664.0,82.39870923022403,False,1074.7552514964905,68793.27699364557,-5793.276993645573,55.5,44.0,92.5,81.0,55.5,44.0
TailSitter_Contra_Balanced,HOBBYWING_H13MD_coaxial_axis,54.0,Grepow_NMC811_small_24S4P_48Ah,48000,24,40114.0,21310.0,18804.0,8484.48,66.21282506920176,False,1075.4609744597462,66376.90822174917,-18376.908221749167,55.0,42.0,92.0,80.5,55.0,42.0
TailSitter_Contra_Balanced,HOBBYWING_H15MD_PLUS_coaxial_axis,73.0,YANGDA_XTurbo_24S_44Ah,44000,24,45367.5,21737.5,23630.0,7800.0,39.141070896781905,False,1070.6880838508623,52242.68345888993,-8242.68345888993,40.5,40.0,67.0,57.0,40.5,40.0
TailSitter_Contra_Balanced,HOBBYWING_H15MD_PLUS_coaxial_axis,73.0,TATTU_NEO_24S_30Ah,30000,24,49537.5,21737.5,27800.0,5668.98,26.687093793260388,False,1071.5995436083392,53672.42594890168,-23672.425948901677,42.0,40.0,68.0,57.5,42.0,40.0
TailSitter_Contra_Balanced,HOBBYWING_H15MD_PLUS_coaxial_axis,73.0,MAD_24S_55Ah_solid_state,55000,24,49205.5,21737.5,27468.0,9372.0,48.926338620977376,True,1071.33307781425,53659.52091081697,1340.479089183027,42.0,40.0,68.0,57.5,42.0,40.0
TailSitter_Contra_Balanced,HOBBYWING_H15MD_PLUS_coaxial_axis,73.0,MAD_24S_100Ah_solid_state,100000,24,62842.5,21737.5,41105.0,17040.0,88.95697931086796,True,1073.129659022119,60962.797580659964,39037.202419340036,46.5,40.0,70.5,60.0,46.5,40.0
TailSitter_Contra_Balanced,HOBBYWING_H15MD_PLUS_coaxial_axis,73.0,12Sx2_series_24S_66Ah,66000,24,53937.5,21737.5,32200.0,11853.6,58.711606345172854,True,1071.571965325261,56474.71542042269,9525.28457957731,43.5,40.0,69.0,58.5,43.5,40.0
TailSitter_Contra_Balanced,HOBBYWING_H15MD_PLUS_coaxial_axis,73.0,12Sx4_2P2S_24S_132Ah,132000,24,75337.5,21737.5,53600.0,23707.2,100.35764210136863,True,1074.8367577607733,68234.16060433937,63765.83939566063,50.0,42.5,73.0,62.0,50.0,42.5
TailSitter_Contra_Balanced,HOBBYWING_H15MD_PLUS_coaxial_axis,73.0,Farasis_24S1P_53Ah,53000,24,54238.5,21737.5,32501.0,864.0,47.14719903476002,False,1071.7582938146015,56483.46868156581,-3483.4686815658133,43.5,40.0,69.0,58.5,43.5,40.0
TailSitter_Contra_Balanced,HOBBYWING_H15MD_PLUS_coaxial_axis,73.0,Farasis_24S2P_106Ah,106000,24,75939.5,21737.5,54202.0,1728.0,79.70611977035811,True,1075.3654892760946,68266.47982833521,37733.520171664786,50.5,42.5,73.0,62.0,50.5,42.5
TailSitter_Contra_Balanced,HOBBYWING_H15MD_PLUS_coaxial_axis,73.0,ZYE_UltraHV_24S_66Ah,66000,24,53537.5,21737.5,31800.0,2498.0,58.711606345172854,True,1073.3284744013083,55174.452770641954,10825.547229358046,43.5,40.0,68.5,58.0,43.5,40.0
TailSitter_Contra_Balanced,HOBBYWING_H15MD_PLUS_coaxial_axis,73.0,Grepow_TARBG_24S_30Ah,30000,24,41882.5,21737.5,20145.0,5302.78,26.687093793260388,False,1071.0544955026337,49639.06564038732,-19639.06564038732,40.0,40.0,66.5,56.0,40.0,40.0
TailSitter_Contra_Balanced,HOBBYWING_H15MD_PLUS_coaxial_axis,73.0,Amprius_SA08_24S1P_11Ah,11050,24,35237.5,21737.5,13500.0,4640.0,9.829746213850909,False,1068.707223448768,47028.17878868786,-35978.17878868786,40.0,40.0,65.0,55.0,40.0,40.0
TailSitter_Contra_Balanced,HOBBYWING_H15MD_PLUS_coaxial_axis,73.0,Amprius_SA08_24S2P_22Ah,22100,24,37937.5,21737.5,16200.0,9280.0,19.659492427701817,False,1069.3108509182287,48291.712305906185,-26191.712305906185,40.0,40.0,65.5,55.5,40.0,40.0
TailSitter_Contra_Balanced,HOBBYWING_H15MD_PLUS_coaxial_axis,73.0,Amprius_SA88_24S1P_10Ah,10500,24,34984.5,21737.5,13247.0,1944.0,9.340482827641136,False,1068.5457777772808,47021.191964091304,-36521.191964091304,40.0,40.0,65.0,55.0,40.0,40.0
TailSitter_Contra_Balanced,HOBBYWING_H15MD_PLUS_coaxial_axis,73.0,Amprius_SA88_24S2P_21Ah,21000,24,37430.5,21737.5,15693.0,3888.0,18.68096565528227,False,1068.9927606927895,48277.9127028072,-27277.912702807203,40.0,40.0,65.5,55.5,40.0,40.0
TailSitter_Contra_Balanced,HOBBYWING_H15MD_PLUS_coaxial_axis,73.0,Grepow_NMC811_24S1P_87Ah,87000,24,54958.5,21737.5,33221.0,15378.12,77.39257200045512,True,1072.020173667999,56507.92540619813,30492.074593801874,44.0,40.0,69.0,58.5,44.0,40.0
TailSitter_Contra_Balanced,HOBBYWING_H15MD_PLUS_coaxial_axis,73.0,Grepow_NMC811_24S2P_24Ah,24000,24,39069.5,21737.5,17332.0,4242.24,21.34967503460831,False,1070.2636285057683,48339.75158807535,-24339.75158807535,40.0,40.0,66.0,55.5,40.0,40.0
TailSitter_Contra_Balanced,HOBBYWING_H15MD_PLUS_coaxial_axis,73.0,Amprius_SA88_24S4P_42Ah,42000,24,42325.5,21737.5,20588.0,7776.0,37.36193131056454,False,1070.0122366614771,50879.49928639906,-8879.499286399063,40.0,40.0,66.5,56.5,40.0,40.0
TailSitter_Contra_Balanced,HOBBYWING_H15MD_PLUS_coaxial_axis,73.0,Amprius_SA88_24S6P_63Ah,63000,24,47219.5,21737.5,25482.0,11664.0,56.042896965846815,True,1071.8016182086164,52310.033831943474,10689.966168056526,41.0,40.0,67.5,57.0,41.0,40.0
TailSitter_Contra_Balanced,HOBBYWING_H15MD_PLUS_coaxial_axis,73.0,Grepow_NMC811_small_24S4P_48Ah,48000,24,45601.5,21737.5,23864.0,8484.48,42.69935006921662,False,1070.830524941551,52248.806223229876,-4248.806223229876,40.5,40.0,67.0,57.0,40.5,40.0
TailSitter_Contra_Balanced,HOBBYWING_H15MD_coaxial_axis,64.0,YANGDA_XTurbo_24S_44Ah,44000,24,42033.0,21535.0,20498.0,7800.0,46.81964221308449,False,1072.8396645212765,55209.01298389209,-11209.012983892091,42.0,40.0,70.0,60.0,42.0,40.0
TailSitter_Contra_Balanced,HOBBYWING_H15MD_coaxial_axis,64.0,TATTU_NEO_24S_30Ah,30000,24,46203.0,21535.0,24668.0,5668.98,31.922483327103063,False,1072.4622112054685,58220.17051034502,-28220.170510345022,43.5,40.0,70.5,61.0,43.5,40.0
TailSitter_Contra_Balanced,HOBBYWING_H15MD_coaxial_axis,64.0,MAD_24S_55Ah_solid_state,55000,24,45871.0,21535.0,24336.0,9372.0,58.52455276635562,False,1072.1955733107782,58207.45200713207,-3207.452007132073,43.5,40.0,70.5,61.0,43.5,40.0
TailSitter_Contra_Balanced,HOBBYWING_H15MD_coaxial_axis,64.0,MAD_24S_100Ah_solid_state,100000,24,59508.0,21535.0,37973.0,17040.0,97.47404103033723,True,1074.6427868558803,66983.43505631127,33016.56494368873,48.5,41.5,73.0,63.5,48.5,41.5
TailSitter_Contra_Balanced,HOBBYWING_H15MD_coaxial_axis,64.0,12Sx2_series_24S_66Ah,66000,24,50603.0,21535.0,29068.0,11853.6,70.22946331962675,True,1072.6886788647437,61418.05123392579,4581.948766074209,45.5,40.0,71.5,62.0,45.5,40.0
TailSitter_Contra_Balanced,HOBBYWING_H15MD_coaxial_axis,64.0,12Sx4_2P2S_24S_132Ah,132000,24,72003.0,21535.0,50468.0,23707.2,97.38351085571749,True,1075.4999307810892,75482.93003396183,56517.069966038165,53.0,45.0,75.5,65.5,53.0,45.0
TailSitter_Contra_Balanced,HOBBYWING_H15MD_coaxial_axis,64.0,Farasis_24S1P_53Ah,53000,24,50904.0,21535.0,29369.0,864.0,56.39638721121541,False,1072.9100642551716,61427.886899089564,-8427.886899089564,45.5,40.0,71.5,62.0,45.5,40.0
TailSitter_Contra_Balanced,HOBBYWING_H15MD_coaxial_axis,64.0,Farasis_24S2P_106Ah,106000,24,72605.0,21535.0,51070.0,1728.0,77.25684715030238,True,1076.5007475677767,75529.57720013044,30470.422799869557,53.0,45.0,75.5,65.5,53.0,45.0
TailSitter_Contra_Balanced,HOBBYWING_H15MD_coaxial_axis,64.0,ZYE_UltraHV_24S_66Ah,66000,24,50203.0,21535.0,28668.0,2498.0,70.22946331962675,True,1074.1046880611855,59902.240478562395,6097.759521437605,45.0,40.0,71.5,61.5,45.0,40.0
TailSitter_Contra_Balanced,HOBBYWING_H15MD_coaxial_axis,64.0,Grepow_TARBG_24S_30Ah,30000,24,38548.0,21535.0,17013.0,5302.78,31.922483327103063,False,1071.641597224217,53658.315444278334,-23658.315444278334,40.5,40.0,69.0,59.5,40.5,40.0
TailSitter_Contra_Balanced,HOBBYWING_H15MD_coaxial_axis,64.0,Amprius_SA08_24S1P_11Ah,11050,24,31903.0,21535.0,10368.0,4640.0,11.75811469214963,False,1069.2541772937695,50737.62144558999,-39687.62144558999,40.0,40.0,67.5,58.5,40.0,40.0
TailSitter_Contra_Balanced,HOBBYWING_H15MD_coaxial_axis,64.0,Amprius_SA08_24S2P_22Ah,22100,24,34603.0,21535.0,13068.0,9280.0,23.51622938429926,False,1070.07417492817,52158.948199052145,-30058.948199052145,40.0,40.0,68.0,59.0,40.0,40.0
TailSitter_Contra_Balanced,HOBBYWING_H15MD_coaxial_axis,64.0,Amprius_SA88_24S1P_10Ah,10500,24,31650.0,21535.0,10115.0,1944.0,11.172869164486071,False,1069.102770390817,50731.34559208719,-40231.34559208719,40.0,40.0,67.5,58.5,40.0,40.0
TailSitter_Contra_Balanced,HOBBYWING_H15MD_coaxial_axis,64.0,Amprius_SA88_24S2P_21Ah,21000,24,34096.0,21535.0,12561.0,3888.0,22.345738328972143,False,1071.5001843080536,50849.18516127858,-29849.185161278583,40.0,40.0,68.0,58.5,40.0,40.0
TailSitter_Contra_Balanced,HOBBYWING_H15MD_coaxial_axis,64.0,Grepow_NMC811_24S1P_87Ah,87000,24,51624.0,21535.0,30089.0,15378.12,92.57520164859888,True,1073.2541604892197,61455.04984104162,25544.95015895838,46.0,40.0,71.5,62.0,46.0,40.0
TailSitter_Contra_Balanced,HOBBYWING_H15MD_coaxial_axis,64.0,Grepow_NMC811_24S2P_24Ah,24000,24,35735.0,21535.0,14200.0,4242.24,25.53798666168245,False,1070.845868114036,52196.80027727961,-28196.80027727961,40.0,40.0,68.5,59.0,40.0,40.0
TailSitter_Contra_Balanced,HOBBYWING_H15MD_coaxial_axis,64.0,Amprius_SA88_24S4P_42Ah,42000,24,38991.0,21535.0,17456.0,7776.0,44.691476657944285,False,1072.1727905036762,53684.40128032541,-11684.401280325408,40.5,40.0,69.0,59.5,40.5,40.0
TailSitter_Contra_Balanced,HOBBYWING_H15MD_coaxial_axis,64.0,Amprius_SA88_24S6P_63Ah,63000,24,43885.0,21535.0,22350.0,11664.0,67.03721498691644,True,1072.4006769279115,56672.795157131855,6327.204842868145,42.5,40.0,70.0,60.5,42.5,40.0
TailSitter_Contra_Balanced,HOBBYWING_H15MD_coaxial_axis,64.0,Grepow_NMC811_small_24S4P_48Ah,48000,24,42267.0,21535.0,20732.0,8484.48,51.0759733233649,False,1071.417286451683,56615.33290762707,-8615.332907627067,42.0,40.0,70.0,60.5,42.0,40.0
TailSitter_Contra_Balanced,M50C35_PRO_EEE_34kv,30.0,YANGDA_XTurbo_24S_44Ah,44000,24,37200.0,20770.0,16430.0,11200.0,56.33238747406176,False,1072.1502531515296,56134.704271700175,-12134.704271700175,43.5,40.0,100.0,73.0,43.5,40.0
TailSitter_Contra_Balanced,M50C35_PRO_EEE_34kv,30.0,TATTU_NEO_24S_30Ah,30000,24,41370.0,20770.0,20600.0,9068.98,38.40844600504211,False,1072.24724048003,59191.66965008547,-29191.669650085467,46.5,40.0,100.0,74.5,46.5,40.0
TailSitter_Contra_Balanced,M50C35_PRO_EEE_34kv,30.0,MAD_24S_55Ah_solid_state,55000,24,41038.0,20770.0,20268.0,12772.0,70.4154843425772,False,1071.904518967841,59175.09992591235,-4175.099925912349,46.5,40.0,100.0,74.5,46.5,40.0
TailSitter_Contra_Balanced,M50C35_PRO_EEE_34kv,30.0,MAD_24S_100Ah_solid_state,100000,24,54675.0,20770.0,33905.0,20440.0,102.03643259691887,True,1076.2723885208432,68785.64632802847,31214.353671971534,54.0,43.5,100.0,78.5,54.0,43.5
TailSitter_Contra_Balanced,M50C35_PRO_EEE_34kv,30.0,12Sx2_series_24S_66Ah,66000,24,45770.0,20770.0,25000.0,15253.6,84.49858121109264,True,1073.4479225238633,62405.67182616259,3594.3281738374135,50.0,40.0,100.0,76.0,50.0,40.0
TailSitter_Contra_Balanced,M50C35_PRO_EEE_34kv,30.0,12Sx4_2P2S_24S_132Ah,132000,24,67170.0,20770.0,46400.0,27107.2,100.7695253251813,True,1075.8612225929537,79748.2699386425,52251.730061357506,60.0,49.0,100.0,82.5,60.0,49.0
TailSitter_Contra_Balanced,M50C35_PRO_EEE_34kv,30.0,Farasis_24S1P_53Ah,53000,24,46071.0,20770.0,25301.0,4264.0,67.8549212755744,False,1073.9314464268696,62423.028276542835,-9423.028276542835,50.0,40.0,100.0,76.0,50.0,40.0
TailSitter_Contra_Balanced,M50C35_PRO_EEE_34kv,30.0,Farasis_24S2P_106Ah,106000,24,67772.0,20770.0,47002.0,5128.0,79.93589184012869,True,1077.2425221112985,79810.82282509007,26189.177174909928,60.0,49.0,100.0,82.5,60.0,49.0
TailSitter_Contra_Balanced,M50C35_PRO_EEE_34kv,30.0,ZYE_UltraHV_24S_66Ah,66000,24,45370.0,20770.0,24600.0,5898.0,84.49858121109264,True,1074.3366751344356,61405.0419692248,4594.958030775197,49.5,40.0,100.0,75.5,49.5,40.0
TailSitter_Contra_Balanced,M50C35_PRO_EEE_34kv,30.0,Grepow_TARBG_24S_30Ah,30000,24,33715.0,20770.0,12945.0,8702.779999999999,38.40844600504211,False,1071.1393724030181,54119.69851705632,-24119.69851705632,41.5,40.0,100.0,72.0,41.5,40.0
TailSitter_Contra_Balanced,M50C35_PRO_EEE_34kv,30.0,Amprius_SA08_24S1P_11Ah,11050,24,27070.0,20770.0,6300.0,8040.0,14.14711094519051,False,1070.0243619279604,50318.53877828907,-39268.53877828907,40.0,40.0,83.5,70.0,40.0,40.0
TailSitter_Contra_Balanced,M50C35_PRO_EEE_34kv,30.0,Amprius_SA08_24S2P_22Ah,22100,24,29770.0,20770.0,9000.0,12680.0,28.29422189038102,False,1070.8147875927777,52156.770940348455,-30056.770940348455,40.0,40.0,84.5,71.0,40.0,40.0
TailSitter_Contra_Balanced,M50C35_PRO_EEE_34kv,30.0,Amprius_SA88_24S1P_10Ah,10500,24,26817.0,20770.0,6047.0,5344.0,13.442956101764738,False,1069.8004374231407,50308.840953612686,-39808.840953612686,40.0,40.0,83.5,70.0,40.0,40.0
TailSitter_Contra_Balanced,M50C35_PRO_EEE_34kv,30.0,Amprius_SA88_24S2P_21Ah,21000,24,29263.0,20770.0,8493.0,7288.0,26.885912203529475,False,1071.285465203697,51272.0136736752,-30272.013673675203,40.0,40.0,84.5,70.5,40.0,40.0
TailSitter_Contra_Balanced,M50C35_PRO_EEE_34kv,30.0,Grepow_NMC811_24S1P_87Ah,87000,24,46791.0,20770.0,26021.0,18778.120000000003,111.36790105546783,True,1074.2706406883185,62566.088007389575,24433.911992610425,50.5,40.5,100.0,76.0,50.5,40.5
TailSitter_Contra_Balanced,M50C35_PRO_EEE_34kv,30.0,Grepow_NMC811_24S2P_24Ah,24000,24,30902.0,20770.0,10132.0,7642.24,30.726756804033688,False,1071.995774004186,52216.77455879511,-28216.774558795107,40.0,40.0,85.5,71.0,40.0,40.0
TailSitter_Contra_Balanced,M50C35_PRO_EEE_34kv,30.0,Amprius_SA88_24S4P_42Ah,42000,24,34158.0,20770.0,13388.0,11176.0,53.77182440705895,False,1071.870226429112,54156.925829990854,-12156.925829990854,41.5,40.0,100.0,72.0,41.5,40.0
TailSitter_Contra_Balanced,M50C35_PRO_EEE_34kv,30.0,Amprius_SA88_24S6P_63Ah,63000,24,39052.0,20770.0,18282.0,15064.0,80.65773661058843,True,1072.8743944239466,57190.60987515058,5809.390124849422,45.0,40.0,100.0,73.5,45.0,40.0
TailSitter_Contra_Balanced,M50C35_PRO_EEE_34kv,30.0,Grepow_NMC811_small_24S4P_48Ah,48000,24,37434.0,20770.0,16664.0,11884.48,61.453513608067375,False,1072.4890929241967,56165.46097872333,-8165.460978723328,44.0,40.0,100.0,73.0,44.0,40.0
TailSitter_Contra_Balanced,TMOTOR_U15L_KV43,47.0,YANGDA_XTurbo_24S_44Ah,44000,24,41822.5,21152.5,20670.0,25087.0,50.201006889884255,False,20242.24875025103,2003443.1713062758,-1959443.1713062758,59.5,46.0,100.0,100.0,59.5,46.0
TailSitter_Contra_Balanced,TMOTOR_U15L_KV43,47.0,TATTU_NEO_24S_30Ah,30000,24,45992.5,21152.5,24840.0,22955.98,29.957911166954148,False,20241.543640459695,2003976.323791343,-1973976.323791343,62.5,48.5,100.0,100.0,62.5,48.5
TailSitter_Contra_Balanced,TMOTOR_U15L_KV43,47.0,MAD_24S_55Ah_solid_state,55000,24,45660.5,21152.5,24508.0,26659.0,55.48597021454033,False,20242.158540346154,2003883.2292248895,-1948883.2292248895,62.5,48.0,100.0,100.0,62.5,48.0
TailSitter_Contra_Balanced,TMOTOR_U15L_KV43,47.0,MAD_24S_100Ah_solid_state,100000,24,59297.5,21152.5,38145.0,34327.0,69.65588015459952,False,20242.615762196634,2005570.6338874884,-1905570.6338874884,73.0,57.5,100.0,100.0,73.0,57.5
TailSitter_Contra_Balanced,TMOTOR_U15L_KV43,47.0,12Sx2_series_24S_66Ah,66000,24,50392.5,21152.5,29240.0,29140.6,57.95241668968533,False,20242.099450826085,2004483.4780257805,-1938483.4780257805,64.5,51.0,100.0,100.0,64.5,51.0
TailSitter_Contra_Balanced,TMOTOR_U15L_KV43,47.0,12Sx4_2P2S_24S_132Ah,132000,24,71792.5,21152.5,50640.0,40994.2,69.62157302660027,False,20244.317403054956,2007300.9316336887,-1875300.9316336887,84.0,64.0,100.0,100.0,84.0,64.0
TailSitter_Contra_Balanced,TMOTOR_U15L_KV43,47.0,Farasis_24S1P_53Ah,53000,24,50693.5,21152.5,29541.0,18151.0,46.14908919515023,False,20242.507974626755,2004492.2303302677,-1951492.2303302677,64.5,51.0,100.0,100.0,64.5,51.0
TailSitter_Contra_Balanced,TMOTOR_U15L_KV43,47.0,Farasis_24S2P_106Ah,106000,24,72394.5,21152.5,51242.0,19015.0,55.21783861734025,False,20243.235220519196,2007408.6728621614,-1901408.6728621614,86.0,64.5,100.0,100.0,86.0,64.5
TailSitter_Contra_Balanced,TMOTOR_U15L_KV43,47.0,ZYE_UltraHV_24S_66Ah,66000,24,49992.5,21152.5,28840.0,19785.0,58.605889847649244,False,20242.46768859273,2004399.4690592925,-1938399.4690592925,64.5,50.5,100.0,100.0,64.5,50.5
TailSitter_Contra_Balanced,TMOTOR_U15L_KV43,47.0,Grepow_TARBG_24S_30Ah,30000,24,38337.5,21152.5,17185.0,22589.78,38.56784583514537,False,20241.405594849388,2003111.4055241416,-1973111.4055241416,55.0,44.5,100.0,100.0,55.0,44.5
TailSitter_Contra_Balanced,TMOTOR_U15L_KV43,47.0,Amprius_SA08_24S1P_11Ah,11050,24,31692.5,21152.5,10540.0,21927.0,18.358563152519967,False,20240.742369760523,2002471.4975184998,-1991421.4975184998,49.0,41.5,100.0,100.0,49.0,41.5
TailSitter_Contra_Balanced,TMOTOR_U15L_KV43,47.0,Amprius_SA08_24S2P_22Ah,22100,24,34392.5,21152.5,13240.0,26567.0,32.897609945433494,False,20241.417742090765,2002684.6260268253,-1980584.6260268253,51.5,42.5,100.0,100.0,51.5,42.5
TailSitter_Contra_Balanced,TMOTOR_U15L_KV43,47.0,Amprius_SA88_24S1P_10Ah,10500,24,31439.5,21152.5,10287.0,19231.0,17.6327994112381,False,20241.55257724129,2002389.2844529173,-1991889.2844529173,48.5,41.0,100.0,100.0,48.5,41.0
TailSitter_Contra_Balanced,TMOTOR_U15L_KV43,47.0,Amprius_SA88_24S2P_21Ah,21000,24,33885.5,21152.5,12733.0,21175.0,31.89143736545063,False,20240.904010613882,2002676.0522636,-1981676.0522636,51.0,42.5,100.0,100.0,51.0,42.5
TailSitter_Contra_Balanced,TMOTOR_U15L_KV43,47.0,Grepow_NMC811_24S1P_87Ah,87000,24,51413.5,21152.5,30261.0,32665.120000000003,74.26428389258723,False,20242.50521400248,2004584.8907426056,-1917584.8907426056,65.0,51.5,100.0,100.0,65.0,51.5
TailSitter_Contra_Balanced,TMOTOR_U15L_KV43,47.0,Grepow_NMC811_24S2P_24Ah,24000,24,35524.5,21152.5,14372.0,21529.239999999998,34.20068966002259,False,20241.585434350687,2002793.1415799507,-1978793.1415799507,52.5,43.0,100.0,100.0,52.5,43.0
TailSitter_Contra_Balanced,TMOTOR_U15L_KV43,47.0,Amprius_SA88_24S4P_42Ah,42000,24,38780.5,21152.5,17628.0,25063.0,53.159320733602584,False,20241.97715218592,2003121.4401230523,-1961121.4401230523,55.5,44.5,100.0,100.0,55.5,44.5
TailSitter_Contra_Balanced,TMOTOR_U15L_KV43,47.0,Amprius_SA88_24S6P_63Ah,63000,24,43674.5,21152.5,22522.0,28951.0,67.65605052606699,False,20242.115743708968,2003659.8482127723,-1940659.8482127723,61.0,47.0,100.0,100.0,61.0,47.0
TailSitter_Contra_Balanced,TMOTOR_U15L_KV43,47.0,Grepow_NMC811_small_24S4P_48Ah,48000,24,42056.5,21152.5,20904.0,25771.48,54.341082702167725,False,20241.424425082816,2003534.653083136,-1955534.653083136,59.5,46.5,100.0,100.0,59.5,46.5
TailSitter_Contra_Balanced,TMOTOR_U15XL_KV38,52.0,YANGDA_XTurbo_24S_44Ah,44000,24,43771.0,21265.0,22506.0,32887.0,50.67347710329666,False,1077.933093700643,70842.33545274119,-26842.335452741187,52.0,44.0,100.0,86.0,52.0,44.0
TailSitter_Contra_Balanced,TMOTOR_U15XL_KV38,52.0,TATTU_NEO_24S_30Ah,30000,24,47941.0,21265.0,26676.0,30755.98,30.542897386576506,False,1078.2943836767315,74463.208530951,-44463.208530951,54.5,46.0,100.0,89.5,54.5,46.0
TailSitter_Contra_Balanced,TMOTOR_U15XL_KV38,52.0,MAD_24S_55Ah_solid_state,55000,24,47609.0,21265.0,26344.0,34459.0,56.53884650201358,False,1078.475587093681,74057.71477551249,-19057.71477551249,54.0,46.0,100.0,89.0,54.0,46.0
TailSitter_Contra_Balanced,TMOTOR_U15XL_KV38,52.0,MAD_24S_100Ah_solid_state,100000,24,61246.0,21265.0,39981.0,42127.0,72.01533156057266,True,1090.239525824895,86713.87812262108,13286.121877378915,65.5,50.5,100.0,99.0,65.5,50.5
TailSitter_Contra_Balanced,TMOTOR_U15XL_KV38,52.0,12Sx2_series_24S_66Ah,66000,24,52341.0,21265.0,31076.0,36940.6,59.35390470619575,False,1080.027700032071,78041.42472306511,-12041.424723065109,58.0,47.5,100.0,92.5,58.0,47.5
TailSitter_Contra_Balanced,TMOTOR_U15XL_KV38,52.0,12Sx4_2P2S_24S_132Ah,132000,24,73741.0,21265.0,52476.0,48794.2,73.24712617202,False,20242.879573916784,2007028.4546424192,-1875028.4546424192,72.0,55.5,100.0,100.0,72.0,55.5
TailSitter_Contra_Balanced,TMOTOR_U15XL_KV38,52.0,Farasis_24S1P_53Ah,53000,24,52642.0,21265.0,31377.0,25951.0,47.275834489509855,False,1079.8927075819738,78511.09552289078,-25511.095522890784,58.0,47.5,100.0,93.0,58.0,47.5
TailSitter_Contra_Balanced,TMOTOR_U15XL_KV38,52.0,Farasis_24S2P_106Ah,106000,24,74343.0,21265.0,53078.0,26815.0,58.154112773454315,False,20243.769891522268,2007060.526436009,-1901060.526436009,72.5,55.5,100.0,100.0,72.5,55.5
TailSitter_Contra_Balanced,TMOTOR_U15XL_KV38,52.0,ZYE_UltraHV_24S_66Ah,66000,24,51941.0,21265.0,30676.0,27585.0,60.00495132432585,False,1079.115021223118,77973.37090599934,-11973.370905999342,57.5,47.5,100.0,92.5,57.5,47.5
TailSitter_Contra_Balanced,TMOTOR_U15XL_KV38,52.0,Grepow_TARBG_24S_30Ah,30000,24,40286.0,21265.0,19021.0,30389.78,38.54306976713522,False,1076.428220905054,68319.78441674673,-38319.78441674673,50.0,42.5,100.0,84.5,50.0,42.5
TailSitter_Contra_Balanced,TMOTOR_U15XL_KV38,52.0,Amprius_SA08_24S1P_11Ah,11050,24,33641.0,21265.0,12376.0,29727.0,16.3946587537092,False,1074.0543156824674,63594.609888686304,-52544.609888686304,46.5,40.0,100.0,83.0,46.5,40.0
TailSitter_Contra_Balanced,TMOTOR_U15XL_KV38,52.0,Amprius_SA08_24S2P_22Ah,22100,24,36341.0,21265.0,15076.0,34367.0,32.48056958665662,False,1075.494404201457,65307.60002100363,-43207.60002100363,48.0,40.5,100.0,83.5,48.0,40.5
TailSitter_Contra_Balanced,TMOTOR_U15XL_KV38,52.0,Amprius_SA88_24S1P_10Ah,10500,24,33388.0,21265.0,12123.0,27031.0,15.578635014836797,False,1073.779899971672,63583.30613887284,-53083.30613887284,46.5,40.0,100.0,83.0,46.5,40.0
TailSitter_Contra_Balanced,TMOTOR_U15XL_KV38,52.0,Amprius_SA88_24S2P_21Ah,21000,24,35834.0,21265.0,14569.0,28975.0,31.157270029673594,False,1075.7933992134922,65212.15155813501,-44212.15155813501,47.5,40.0,100.0,83.5,47.5,40.0
TailSitter_Contra_Balanced,TMOTOR_U15XL_KV38,52.0,Grepow_NMC811_24S1P_87Ah,87000,24,53362.0,21265.0,32097.0,40465.12,76.11868934044816,True,1081.422833261044,79069.61101009588,7930.388989904124,58.5,47.5,100.0,93.5,58.5,47.5
TailSitter_Contra_Balanced,TMOTOR_U15XL_KV38,52.0,Grepow_NMC811_24S2P_24Ah,24000,24,37473.0,21265.0,16208.0,29329.239999999998,33.886538410545924,False,1076.9547211705465,65484.168102865995,-41484.168102865995,48.5,41.0,100.0,83.5,48.5,41.0
TailSitter_Contra_Balanced,TMOTOR_U15XL_KV38,52.0,Amprius_SA88_24S4P_42Ah,42000,24,40729.0,21265.0,19464.0,32863.0,53.193608761822844,False,1077.686654586374,68362.58294450486,-26362.58294450486,50.0,42.5,100.0,84.5,50.0,42.5
TailSitter_Contra_Balanced,TMOTOR_U15XL_KV38,52.0,Amprius_SA88_24S6P_63Ah,63000,24,45623.0,21265.0,24358.0,36751.0,68.63829648786381,False,1077.7821289035624,72498.50016267286,-9498.500162672863,53.0,45.0,100.0,87.5,53.0,45.0
TailSitter_Contra_Balanced,TMOTOR_U15XL_KV38,52.0,Grepow_NMC811_small_24S4P_48Ah,48000,24,44005.0,21265.0,22740.0,33571.479999999996,54.8888536755624,False,1078.9240997813586,70879.67757030332,-22879.67757030332,52.0,44.0,100.0,86.0,52.0,44.0
TailSitter_Contra_Balanced,TMOTOR_U15XXL_KV29,62.0,YANGDA_XTurbo_24S_44Ah,44000,24,46420.0,21490.0,24930.0,37387.0,56.48267008985879,False,1075.1969988279275,60046.62633840967,-16046.626338409667,51.0,40.0,100.0,76.5,51.0,40.0
TailSitter_Contra_Balanced,TMOTOR_U15XXL_KV29,62.0,TATTU_NEO_24S_30Ah,30000,24,50590.0,21490.0,29100.0,35255.979999999996,34.868221724030654,False,1076.6792922800523,62783.21747160956,-32783.21747160956,53.0,42.5,100.0,78.5,53.0,42.5
TailSitter_Contra_Balanced,TMOTOR_U15XXL_KV29,62.0,MAD_24S_55Ah_solid_state,55000,24,50258.0,21490.0,28768.0,38959.0,64.5021199459952,False,1075.6665477855977,62735.4397658442,-7735.439765844203,53.0,42.5,100.0,78.5,53.0,42.5
TailSitter_Contra_Balanced,TMOTOR_U15XXL_KV29,62.0,MAD_24S_100Ah_solid_state,100000,24,63895.0,21490.0,42405.0,46627.0,83.48164662362193,True,1077.0007662215937,72934.04780741547,27065.952192584533,59.0,49.5,100.0,84.5,59.0,49.5
TailSitter_Contra_Balanced,TMOTOR_U15XXL_KV29,62.0,12Sx2_series_24S_66Ah,66000,24,54990.0,21490.0,33500.0,41440.6,68.36660620213588,False,1076.4268650111117,66422.24771554308,-422.24771554308245,55.0,45.0,100.0,81.0,55.0,45.0
TailSitter_Contra_Balanced,TMOTOR_U15XXL_KV29,62.0,12Sx4_2P2S_24S_132Ah,132000,24,76390.0,21490.0,54900.0,53294.2,85.0713450964276,True,1079.373163341544,83085.80912465906,48914.19087534094,65.5,54.0,100.0,89.5,65.5,54.0
TailSitter_Contra_Balanced,TMOTOR_U15XXL_KV29,62.0,Farasis_24S1P_53Ah,53000,24,55291.0,21490.0,33801.0,30451.0,54.48239184224732,False,1077.4832114461246,66457.53998984196,-13457.539989841956,55.0,45.0,100.0,81.0,55.0,45.0
TailSitter_Contra_Balanced,TMOTOR_U15XXL_KV29,62.0,Farasis_24S2P_106Ah,106000,24,76992.0,21490.0,55502.0,31315.0,67.54123693667768,True,1079.085640867643,83932.11011194513,22067.889888054866,65.5,54.0,100.0,90.0,65.5,54.0
TailSitter_Contra_Balanced,TMOTOR_U15XXL_KV29,62.0,ZYE_UltraHV_24S_66Ah,66000,24,54590.0,21490.0,33100.0,32085.0,69.06768694570484,True,1076.7161304569788,65770.5679756877,229.43202431229292,55.0,45.0,100.0,80.5,55.0,45.0
TailSitter_Contra_Balanced,TMOTOR_U15XXL_KV29,62.0,Grepow_TARBG_24S_30Ah,30000,24,42935.0,21490.0,21445.0,34889.78,38.51091142490372,False,1073.5411027581326,57893.564617719865,-27893.564617719865,49.0,40.0,98.5,74.5,49.0,40.0
TailSitter_Contra_Balanced,TMOTOR_U15XXL_KV29,62.0,Amprius_SA08_24S1P_11Ah,11050,24,36290.0,21490.0,14800.0,34227.0,14.184852374839537,False,1072.5044566425236,54239.68631462507,-43189.68631462507,44.5,40.0,94.5,70.5,44.5,40.0
TailSitter_Contra_Balanced,TMOTOR_U15XXL_KV29,62.0,Amprius_SA08_24S2P_22Ah,22100,24,38990.0,21490.0,17500.0,38867.0,28.369704749679073,False,1072.617335277626,55794.636237840146,-33694.636237840146,46.5,40.0,96.5,72.0,46.5,40.0
TailSitter_Contra_Balanced,TMOTOR_U15XXL_KV29,62.0,Amprius_SA88_24S1P_10Ah,10500,24,36037.0,21490.0,14547.0,31531.0,13.478818998716303,False,1072.1500063266474,54221.89910693537,-43721.89910693537,44.5,40.0,94.5,70.5,44.5,40.0
TailSitter_Contra_Balanced,TMOTOR_U15XXL_KV29,62.0,Amprius_SA88_24S2P_21Ah,21000,24,38483.0,21490.0,16993.0,33475.0,26.957637997432606,False,1072.981050485947,55360.96558280411,-34360.96558280411,46.0,40.0,96.0,71.5,46.0,40.0
TailSitter_Contra_Balanced,TMOTOR_U15XXL_KV29,62.0,Grepow_NMC811_24S1P_87Ah,87000,24,56011.0,21490.0,34521.0,44965.12,87.81961979187507,True,1076.5457567901492,67245.85046823564,19754.149531764357,55.5,45.5,100.0,81.5,55.5,45.5
TailSitter_Contra_Balanced,TMOTOR_U15XXL_KV29,62.0,Grepow_NMC811_24S2P_24Ah,24000,24,40122.0,21490.0,18632.0,33829.24,30.808729139922978,False,1073.2425788070543,56242.206729313286,-32242.206729313286,47.0,40.0,97.0,72.5,47.0,40.0
TailSitter_Contra_Balanced,TMOTOR_U15XXL_KV29,62.0,Amprius_SA88_24S4P_42Ah,42000,24,43378.0,21490.0,21888.0,37363.0,53.91527599486521,False,1074.2911301033084,57935.504366051624,-15935.504366051624,49.0,40.0,99.0,74.5,49.0,40.0
TailSitter_Contra_Balanced,TMOTOR_U15XXL_KV29,62.0,Amprius_SA88_24S6P_63Ah,63000,24,48272.0,21490.0,26782.0,41251.0,78.06089262528894,True,1075.761690634982,61331.214114910166,1668.7858850898338,52.0,41.0,100.0,77.5,52.0,41.0
TailSitter_Contra_Balanced,TMOTOR_U15XXL_KV29,62.0,Grepow_NMC811_small_24S4P_48Ah,48000,24,46654.0,21490.0,25164.0,38071.479999999996,61.617458279845955,False,1075.7770975961173,60068.26732764685,-12068.267327646849,51.0,40.0,100.0,76.5,51.0,40.0
TailSitter_Contra_Big,HOBBYWING_H13MD_coaxial_axis,54.0,YANGDA_XTurbo_24S_44Ah,44000,24,41380.0,22810.0,18570.0,7800.0,58.20861539881809,False,1075.1992573950424,66529.04417186181,-22529.04417186181,55.5,43.5,92.5,80.5,55.5,43.5
TailSitter_Contra_Big,HOBBYWING_H13MD_coaxial_axis,54.0,TATTU_NEO_24S_30Ah,30000,24,45550.0,22810.0,22740.0,5668.98,34.866412590828325,False,1073.8719398936967,71744.55236434747,-41744.55236434747,58.0,47.5,94.0,81.5,58.0,47.5
TailSitter_Contra_Big,HOBBYWING_H13MD_coaxial_axis,54.0,MAD_24S_55Ah_solid_state,55000,24,45218.0,22810.0,22408.0,9372.0,64.55706666297331,False,1074.3547288599145,71687.14363355032,-16687.143633550324,57.5,47.0,94.0,81.5,57.5,47.0
TailSitter_Contra_Big,HOBBYWING_H13MD_coaxial_axis,54.0,MAD_24S_100Ah_solid_state,100000,24,58855.0,22810.0,36045.0,17040.0,80.1753554407335,True,1075.156644693918,82095.52866248373,17904.47133751627,65.0,55.5,97.0,83.0,65.0,55.5
TailSitter_Contra_Big,HOBBYWING_H13MD_coaxial_axis,54.0,12Sx2_series_24S_66Ah,66000,24,49950.0,22810.0,27140.0,11853.6,67.67121677017383,False,1074.4472178266162,75022.19814042364,-9022.198140423643,60.0,51.0,95.0,82.0,60.0,51.0
TailSitter_Contra_Big,HOBBYWING_H13MD_coaxial_axis,54.0,12Sx4_2P2S_24S_132Ah,132000,24,71350.0,22810.0,48540.0,23707.2,79.3525617028272,True,1076.150968641195,95409.52578668087,36590.47421331913,71.0,59.5,98.5,85.5,71.0,59.5
TailSitter_Contra_Big,HOBBYWING_H13MD_coaxial_axis,54.0,Farasis_24S1P_53Ah,53000,24,50251.0,22810.0,27441.0,864.0,53.89683549631047,False,1074.045171308478,75097.1054968928,-22097.105496892793,60.5,51.5,95.0,82.0,60.5,51.5
TailSitter_Contra_Big,HOBBYWING_H13MD_coaxial_axis,54.0,Farasis_24S2P_106Ah,106000,24,71952.0,22810.0,49142.0,1728.0,62.94332152306635,True,1075.5224674039996,95594.80051950124,10405.199480498763,71.5,60.0,98.5,85.5,71.5,60.0
TailSitter_Contra_Big,HOBBYWING_H13MD_coaxial_axis,54.0,ZYE_UltraHV_24S_66Ah,66000,24,49550.0,22810.0,26740.0,2498.0,68.41928953059983,False,1074.6201430285073,74952.55354635534,-8952.553546355339,60.0,50.5,95.0,82.0,60.0,50.5
TailSitter_Contra_Big,HOBBYWING_H13MD_coaxial_axis,54.0,Grepow_TARBG_24S_30Ah,30000,24,37895.0,22810.0,15085.0,5302.78,43.49480824669889,False,1073.7480936264496,64313.372708446615,-34313.372708446615,53.5,40.0,91.0,80.0,53.5,40.0
TailSitter_Contra_Big,HOBBYWING_H13MD_coaxial_axis,54.0,Amprius_SA08_24S1P_11Ah,11050,24,31250.0,22810.0,8440.0,4640.0,16.020587704200757,False,1071.4907480889876,59647.61629968621,-48597.61629968621,49.0,40.0,88.5,78.5,49.0,40.0
TailSitter_Contra_Big,HOBBYWING_H13MD_coaxial_axis,54.0,Amprius_SA08_24S2P_22Ah,22100,24,33950.0,22810.0,11140.0,9280.0,32.041175408401514,False,1072.5156088667695,61159.993636908795,-39059.993636908795,51.5,40.0,89.5,79.0,51.5,40.0
TailSitter_Contra_Big,HOBBYWING_H13MD_coaxial_axis,54.0,Amprius_SA88_24S1P_10Ah,10500,24,30997.0,22810.0,8187.0,1944.0,15.22318288634461,False,1071.3044692053782,59635.87191005376,-49135.87191005376,49.0,40.0,88.0,78.5,49.0,40.0
TailSitter_Contra_Big,HOBBYWING_H13MD_coaxial_axis,54.0,Amprius_SA88_24S2P_21Ah,21000,24,33443.0,22810.0,10633.0,3888.0,30.44636577268922,False,1071.9960750571192,61126.44089998211,-40126.44089998211,51.0,40.0,89.5,79.0,51.0,40.0
TailSitter_Contra_Big,HOBBYWING_H13MD_coaxial_axis,54.0,Grepow_NMC811_24S1P_87Ah,87000,24,50971.0,22810.0,28161.0,15378.12,86.71897482342972,True,1074.2826752582548,75216.23799221878,11783.762007781217,61.0,52.0,95.5,82.0,61.0,52.0
TailSitter_Contra_Big,HOBBYWING_H13MD_coaxial_axis,54.0,Grepow_NMC811_24S2P_24Ah,24000,24,35082.0,22810.0,12272.0,4242.24,34.79584659735911,False,1072.2596543864086,62652.90662023684,-38652.90662023684,52.0,40.0,90.0,79.5,52.0,40.0
TailSitter_Contra_Big,HOBBYWING_H13MD_coaxial_axis,54.0,Amprius_SA88_24S4P_42Ah,42000,24,38338.0,22810.0,15528.0,7776.0,60.89273154537844,False,1074.4929548824273,64342.13324114726,-22342.13324114726,53.5,40.0,91.5,80.0,53.5,40.0
TailSitter_Contra_Big,HOBBYWING_H13MD_coaxial_axis,54.0,Amprius_SA88_24S6P_63Ah,63000,24,43232.0,22810.0,20422.0,11664.0,78.5691587703125,False,1074.208910015641,68948.22056057068,-5948.220560570684,56.5,45.5,93.0,81.0,56.5,45.5
TailSitter_Contra_Big,HOBBYWING_H13MD_coaxial_axis,54.0,Grepow_NMC811_small_24S4P_48Ah,48000,24,41614.0,22810.0,18804.0,8484.48,63.01986999213912,False,1073.7277522384607,68757.06083982278,-20757.060839822778,55.5,44.0,92.5,81.0,55.5,44.0
TailSitter_Contra_Big,HOBBYWING_H15MD_PLUS_coaxial_axis,73.0,YANGDA_XTurbo_24S_44Ah,44000,24,46867.5,23237.5,23630.0,7800.0,39.141070896781905,False,1070.94161540637,52264.96925364892,-8264.969253648916,41.0,40.0,67.5,57.0,41.0,40.0
TailSitter_Contra_Big,HOBBYWING_H15MD_PLUS_coaxial_axis,73.0,TATTU_NEO_24S_30Ah,30000,24,51037.5,23237.5,27800.0,5668.98,26.687093793260388,False,1070.910667368629,55017.474975974554,-25017.474975974554,42.5,40.0,68.0,58.0,42.5,40.0
TailSitter_Contra_Big,HOBBYWING_H15MD_PLUS_coaxial_axis,73.0,MAD_24S_55Ah_solid_state,55000,24,50705.5,23237.5,27468.0,9372.0,48.926338620977376,True,1072.2334727996702,53716.167338582636,1283.8326614173639,42.5,40.0,68.0,57.5,42.5,40.0
TailSitter_Contra_Big,HOBBYWING_H15MD_PLUS_coaxial_axis,73.0,MAD_24S_100Ah_solid_state,100000,24,64342.5,23237.5,41105.0,17040.0,88.95697931086796,True,1073.4166955421367,60989.51241095207,39010.48758904793,47.0,40.0,71.0,60.0,47.0,40.0
TailSitter_Contra_Big,HOBBYWING_H15MD_PLUS_coaxial_axis,73.0,12Sx2_series_24S_66Ah,66000,24,55437.5,23237.5,32200.0,11853.6,58.711606345172854,True,1071.8732317288004,56497.90345871721,9502.096541282794,44.0,40.0,69.0,58.5,44.0,40.0
TailSitter_Contra_Big,HOBBYWING_H15MD_PLUS_coaxial_axis,73.0,12Sx4_2P2S_24S_132Ah,132000,24,76837.5,23237.5,53600.0,23707.2,97.64650817749616,True,1075.8396804555357,68281.60426430582,63718.39573569418,50.5,42.5,73.0,62.0,50.5,42.5
TailSitter_Contra_Big,HOBBYWING_H15MD_PLUS_coaxial_axis,73.0,Farasis_24S1P_53Ah,53000,24,55738.5,23237.5,32501.0,864.0,47.14719903476002,False,1072.1329639462626,56511.34664281704,-3511.346642817043,44.0,40.0,69.0,58.5,44.0,40.0
TailSitter_Contra_Big,HOBBYWING_H15MD_PLUS_coaxial_axis,73.0,Farasis_24S2P_106Ah,106000,24,77439.5,23237.5,54202.0,1728.0,77.5636113337517,True,1075.350367107056,68482.60374193075,37517.396258069246,50.5,43.0,73.0,62.0,50.5,43.0
TailSitter_Contra_Big,HOBBYWING_H15MD_PLUS_coaxial_axis,73.0,ZYE_UltraHV_24S_66Ah,66000,24,55037.5,23237.5,31800.0,2498.0,58.711606345172854,True,1071.5783631212844,56483.1129533027,9516.887046697302,44.0,40.0,69.0,58.5,44.0,40.0
TailSitter_Contra_Big,HOBBYWING_H15MD_PLUS_coaxial_axis,73.0,Grepow_TARBG_24S_30Ah,30000,24,43382.5,23237.5,20145.0,5302.78,26.687093793260388,False,1070.2597095332776,50885.68657339889,-20885.68657339889,40.0,40.0,66.5,56.5,40.0,40.0
TailSitter_Contra_Big,HOBBYWING_H15MD_PLUS_coaxial_axis,73.0,Amprius_SA08_24S1P_11Ah,11050,24,36737.5,23237.5,13500.0,4640.0,9.829746213850909,False,1069.6301053507211,47072.60097546713,-36022.60097546713,40.0,40.0,65.5,55.0,40.0,40.0
TailSitter_Contra_Big,HOBBYWING_H15MD_PLUS_coaxial_axis,73.0,Amprius_SA08_24S2P_22Ah,22100,24,39437.5,23237.5,16200.0,9280.0,19.659492427701817,False,1070.2203196997707,48335.77309133541,-26235.77309133541,40.0,40.0,66.0,55.5,40.0,40.0
TailSitter_Contra_Big,HOBBYWING_H15MD_PLUS_coaxial_axis,73.0,Amprius_SA88_24S1P_10Ah,10500,24,36484.5,23237.5,13247.0,1944.0,9.340482827641136,False,1069.3169769598978,47053.37232815449,-36553.37232815449,40.0,40.0,65.0,55.0,40.0,40.0
TailSitter_Contra_Big,HOBBYWING_H15MD_PLUS_coaxial_axis,73.0,Amprius_SA88_24S2P_21Ah,21000,24,38930.5,23237.5,15693.0,3888.0,18.68096565528227,False,1069.6444513905612,48303.885346201714,-27303.885346201714,40.0,40.0,65.5,55.5,40.0,40.0
TailSitter_Contra_Big,HOBBYWING_H15MD_PLUS_coaxial_axis,73.0,Grepow_NMC811_24S1P_87Ah,87000,24,56458.5,23237.5,33221.0,15378.12,77.39257200045512,True,1072.7940999452212,56566.079455459134,30433.920544540866,44.5,40.0,69.5,58.5,44.5,40.0
TailSitter_Contra_Big,HOBBYWING_H15MD_PLUS_coaxial_axis,73.0,Grepow_NMC811_24S2P_24Ah,24000,24,40569.5,23237.5,17332.0,4242.24,21.34967503460831,False,1069.50611001064,49560.31362255225,-25560.313622552247,40.0,40.0,66.0,56.0,40.0,40.0
TailSitter_Contra_Big,HOBBYWING_H15MD_PLUS_coaxial_axis,73.0,Amprius_SA88_24S4P_42Ah,42000,24,43825.5,23237.5,20588.0,7776.0,37.36193131056454,False,1070.5585434697878,50898.70727722114,-8898.70727722114,40.0,40.0,66.5,56.5,40.0,40.0
TailSitter_Contra_Big,HOBBYWING_H15MD_PLUS_coaxial_axis,73.0,Amprius_SA88_24S6P_63Ah,63000,24,48719.5,23237.5,25482.0,11664.0,56.042896965846815,True,1070.909562247558,53620.883700187136,9379.116299812864,41.5,40.0,67.5,57.5,41.5,40.0
TailSitter_Contra_Big,HOBBYWING_H15MD_PLUS_coaxial_axis,73.0,Grepow_NMC811_small_24S4P_48Ah,48000,24,47101.5,23237.5,23864.0,8484.48,42.69935006921662,False,1071.140104996835,52274.389155931334,-4274.389155931334,41.0,40.0,67.5,57.0,41.0,40.0
TailSitter_Contra_Big,HOBBYWING_H15MD_coaxial_axis,64.0,YANGDA_XTurbo_24S_44Ah,44000,24,43533.0,23035.0,20498.0,7800.0,46.81964221308449,False,1071.6126565428608,56630.23522926044,-12630.235229260441,42.5,40.0,70.0,60.5,42.5,40.0
TailSitter_Contra_Big,HOBBYWING_H15MD_coaxial_axis,64.0,TATTU_NEO_24S_30Ah,30000,24,47703.0,23035.0,24668.0,5668.98,31.922483327103063,False,1071.865967664194,59755.347615585284,-29755.347615585284,44.0,40.0,71.0,61.5,44.0,40.0
TailSitter_Contra_Big,HOBBYWING_H15MD_coaxial_axis,64.0,MAD_24S_55Ah_solid_state,55000,24,47371.0,23035.0,24336.0,9372.0,58.52455276635562,False,1072.750667919592,58249.97465650962,-3249.974656509621,44.0,40.0,71.0,61.0,44.0,40.0
TailSitter_Contra_Big,HOBBYWING_H15MD_coaxial_axis,64.0,MAD_24S_100Ah_solid_state,100000,24,61008.0,23035.0,37973.0,17040.0,94.03528835427143,True,1074.4040189791883,67154.25166930084,32845.74833069916,49.0,42.0,73.5,63.5,49.0,42.0
TailSitter_Contra_Big,HOBBYWING_H15MD_coaxial_axis,64.0,12Sx2_series_24S_66Ah,66000,24,52103.0,23035.0,29068.0,11853.6,70.22946331962675,True,1073.090279151,61443.90632710393,4556.093672896073,46.0,40.0,71.5,62.0,46.0,40.0
TailSitter_Contra_Big,HOBBYWING_H15MD_coaxial_axis,64.0,12Sx4_2P2S_24S_132Ah,132000,24,73503.0,23035.0,50468.0,23707.2,94.49548735255796,True,1075.3613708429668,75714.6164248687,56285.3835751313,53.5,45.5,76.0,65.5,53.5,45.5
TailSitter_Contra_Big,HOBBYWING_H15MD_coaxial_axis,64.0,Farasis_24S1P_53Ah,53000,24,52404.0,23035.0,29369.0,864.0,56.39638721121541,False,1073.3813633376126,61458.171415897494,-8458.171415897494,46.0,40.0,71.5,62.0,46.0,40.0
TailSitter_Contra_Big,HOBBYWING_H15MD_coaxial_axis,64.0,Farasis_24S2P_106Ah,106000,24,74105.0,23035.0,51070.0,1728.0,74.98450957668545,True,1074.6113764097101,77510.4391236923,28489.560876307703,53.5,45.5,76.0,66.0,53.5,45.5
TailSitter_Contra_Big,HOBBYWING_H15MD_coaxial_axis,64.0,ZYE_UltraHV_24S_66Ah,66000,24,51703.0,23035.0,28668.0,2498.0,70.22946331962675,True,1072.7502867944236,61427.79650589364,4572.203494106361,46.0,40.0,71.5,62.0,46.0,40.0
TailSitter_Contra_Big,HOBBYWING_H15MD_coaxial_axis,64.0,Grepow_TARBG_24S_30Ah,30000,24,40048.0,23035.0,17013.0,5302.78,31.922483327103063,False,1070.9461325524578,55081.09025184379,-25081.090251843787,41.0,40.0,69.5,60.0,41.0,40.0
TailSitter_Contra_Big,HOBBYWING_H15MD_coaxial_axis,64.0,Amprius_SA08_24S1P_11Ah,11050,24,33403.0,23035.0,10368.0,4640.0,11.75811469214963,False,1069.8428131102537,50762.97598407319,-39712.97598407319,40.0,40.0,68.0,58.5,40.0,40.0
TailSitter_Contra_Big,HOBBYWING_H15MD_coaxial_axis,64.0,Amprius_SA08_24S2P_22Ah,22100,24,36103.0,23035.0,13068.0,9280.0,23.51622938429926,False,1070.7195251358644,52186.25456354297,-30086.25456354297,40.0,40.0,68.5,59.0,40.0,40.0
TailSitter_Contra_Big,HOBBYWING_H15MD_coaxial_axis,64.0,Amprius_SA88_24S1P_10Ah,10500,24,33150.0,23035.0,10115.0,1944.0,11.172869164486071,False,1069.627534812331,50753.21047253578,-40253.21047253578,40.0,40.0,68.0,58.5,40.0,40.0
TailSitter_Contra_Big,HOBBYWING_H15MD_coaxial_axis,64.0,Amprius_SA88_24S2P_21Ah,21000,24,35596.0,23035.0,12561.0,3888.0,22.345738328972143,False,1070.283858008555,52166.64904400928,-31166.649044009282,40.0,40.0,68.5,59.0,40.0,40.0
TailSitter_Contra_Big,HOBBYWING_H15MD_coaxial_axis,64.0,Grepow_NMC811_24S1P_87Ah,87000,24,53124.0,23035.0,30089.0,15378.12,92.57520164859888,True,1074.0022877464212,61509.436881065725,25490.563118934275,46.5,40.0,72.0,62.0,46.5,40.0
TailSitter_Contra_Big,HOBBYWING_H15MD_coaxial_axis,64.0,Grepow_NMC811_24S2P_24Ah,24000,24,37235.0,23035.0,14200.0,4242.24,25.53798666168245,False,1070.473948356176,53590.31372141817,-29590.31372141817,40.0,40.0,69.0,59.5,40.0,40.0
TailSitter_Contra_Big,HOBBYWING_H15MD_coaxial_axis,64.0,Amprius_SA88_24S4P_42Ah,42000,24,40491.0,23035.0,17456.0,7776.0,44.691476657944285,False,1070.9738205839037,55093.555639948056,-13093.555639948056,41.5,40.0,69.5,60.0,41.5,40.0
TailSitter_Contra_Big,HOBBYWING_H15MD_coaxial_axis,64.0,Amprius_SA88_24S6P_63Ah,63000,24,45385.0,23035.0,22350.0,11664.0,67.03721498691644,True,1071.6932784053454,58167.35817665368,4832.641823346319,43.0,40.0,70.5,61.0,43.0,40.0
TailSitter_Contra_Big,HOBBYWING_H15MD_coaxial_axis,64.0,Grepow_NMC811_small_24S4P_48Ah,48000,24,43767.0,23035.0,20732.0,8484.48,51.0759733233649,False,1071.7964452192548,56638.806410836856,-8638.806410836856,42.5,40.0,70.0,60.5,42.5,40.0
TailSitter_Contra_Big,M50C35_PRO_EEE_34kv,30.0,YANGDA_XTurbo_24S_44Ah,44000,24,38700.0,22270.0,16430.0,11200.0,56.33238747406176,False,1071.4425264117424,57107.87589397839,-13107.875893978387,45.0,40.0,100.0,73.5,45.0,40.0
TailSitter_Contra_Big,M50C35_PRO_EEE_34kv,30.0,TATTU_NEO_24S_30Ah,30000,24,42870.0,22270.0,20600.0,9068.98,38.40844600504211,False,1071.7808554023534,60216.68293282468,-30216.682932824682,48.0,40.0,100.0,75.0,48.0,40.0
TailSitter_Contra_Big,M50C35_PRO_EEE_34kv,30.0,MAD_24S_55Ah_solid_state,55000,24,42538.0,22270.0,20268.0,12772.0,70.4154843425772,False,1071.6558320127524,60203.18111941127,-5203.181119411267,47.5,40.0,100.0,75.0,47.5,40.0
TailSitter_Contra_Big,M50C35_PRO_EEE_34kv,30.0,MAD_24S_100Ah_solid_state,100000,24,56175.0,22270.0,33905.0,20440.0,98.14480113777113,True,1074.228361544509,70076.39752430981,29923.60247569019,54.5,44.5,100.0,79.0,54.5,44.5
TailSitter_Contra_Big,M50C35_PRO_EEE_34kv,30.0,12Sx2_series_24S_66Ah,66000,24,47270.0,22270.0,25000.0,15253.6,83.23207878457258,True,1073.1537480891757,63564.263066894964,2435.736933105036,50.5,40.5,100.0,76.5,50.5,40.5
TailSitter_Contra_Big,M50C35_PRO_EEE_34kv,30.0,12Sx4_2P2S_24S_132Ah,132000,24,68670.0,22270.0,46400.0,27107.2,97.76577155763154,True,1075.2380821497084,81147.94698654496,50852.053013455035,60.5,49.5,100.0,83.0,60.5,49.5
TailSitter_Contra_Big,M50C35_PRO_EEE_34kv,30.0,Farasis_24S1P_53Ah,53000,24,47571.0,22270.0,25301.0,4264.0,66.21831769717068,False,1073.6399411424122,63579.59576653497,-10579.59576653497,50.5,40.5,100.0,76.5,50.5,40.5
TailSitter_Contra_Big,M50C35_PRO_EEE_34kv,30.0,Farasis_24S2P_106Ah,106000,24,69272.0,22270.0,47002.0,5128.0,77.57965197317118,True,1076.6108112753748,81203.27161444868,24796.728385551323,60.5,49.5,100.0,83.0,60.5,49.5
TailSitter_Contra_Big,M50C35_PRO_EEE_34kv,30.0,ZYE_UltraHV_24S_66Ah,66000,24,46870.0,22270.0,24600.0,5898.0,84.2769433642936,True,1073.4977983509668,62526.8043916563,3473.1956083437035,50.5,40.5,100.0,76.0,50.5,40.5
TailSitter_Contra_Big,M50C35_PRO_EEE_34kv,30.0,Grepow_TARBG_24S_30Ah,30000,24,35215.0,22270.0,12945.0,8702.779999999999,38.40844600504211,False,1070.7681274931747,55070.8935556449,-25070.8935556449,42.5,40.0,100.0,72.5,42.5,40.0
TailSitter_Contra_Big,M50C35_PRO_EEE_34kv,30.0,Amprius_SA08_24S1P_11Ah,11050,24,28570.0,22270.0,6300.0,8040.0,14.14711094519051,False,1070.1111633495345,51210.51277007919,-40160.51277007919,40.0,40.0,84.0,70.5,40.0,40.0
TailSitter_Contra_Big,M50C35_PRO_EEE_34kv,30.0,Amprius_SA08_24S2P_22Ah,22100,24,31270.0,22270.0,9000.0,12680.0,28.29422189038102,False,1070.931388060754,53085.48970155309,-30985.489701553088,40.0,40.0,85.5,71.5,40.0,40.0
TailSitter_Contra_Big,M50C35_PRO_EEE_34kv,30.0,Amprius_SA88_24S1P_10Ah,10500,24,28317.0,22270.0,6047.0,5344.0,13.442956101764738,False,1069.9098391317107,51202.198309840736,-40702.198309840736,40.0,40.0,84.0,70.5,40.0,40.0
TailSitter_Contra_Big,M50C35_PRO_EEE_34kv,30.0,Amprius_SA88_24S2P_21Ah,21000,24,30763.0,22270.0,8493.0,7288.0,26.885912203529475,False,1071.285059671121,52174.457971115226,-31174.457971115226,40.0,40.0,85.0,71.0,40.0,40.0
TailSitter_Contra_Big,M50C35_PRO_EEE_34kv,30.0,Grepow_NMC811_24S1P_87Ah,87000,24,48291.0,22270.0,26021.0,18778.120000000003,106.33070333455211,True,1073.7146970717852,63709.883963367574,23290.116036632426,51.0,41.0,100.0,76.5,51.0,41.0
TailSitter_Contra_Big,M50C35_PRO_EEE_34kv,30.0,Grepow_NMC811_24S2P_24Ah,24000,24,32402.0,22270.0,10132.0,7642.24,30.726756804033688,False,1071.694416952447,53133.76441253659,-29133.76441253659,40.5,40.0,86.5,71.5,40.5,40.0
TailSitter_Contra_Big,M50C35_PRO_EEE_34kv,30.0,Amprius_SA88_24S4P_42Ah,42000,24,35658.0,22270.0,13388.0,11176.0,53.77182440705895,False,1071.3113105130612,55097.41604019226,-13097.416040192264,42.5,40.0,100.0,72.5,42.5,40.0
TailSitter_Contra_Big,M50C35_PRO_EEE_34kv,30.0,Amprius_SA88_24S6P_63Ah,63000,24,40552.0,22270.0,18282.0,15064.0,80.65773661058843,True,1072.135135429792,58162.57110694919,4837.428893050812,46.0,40.0,100.0,74.0,46.0,40.0
TailSitter_Contra_Big,M50C35_PRO_EEE_34kv,30.0,Grepow_NMC811_small_24S4P_48Ah,48000,24,38934.0,22270.0,16664.0,11884.48,61.453513608067375,False,1071.7947283550127,57126.82819689604,-9126.828196896036,45.0,40.0,100.0,73.5,45.0,40.0
TailSitter_Contra_Big,TMOTOR_U15L_KV43,47.0,YANGDA_XTurbo_24S_44Ah,44000,24,43322.5,22652.5,20670.0,25087.0,47.790841698734965,False,20241.20796829017,2003644.7184326698,-1959644.7184326698,61.0,47.0,100.0,100.0,61.0,47.0
TailSitter_Contra_Big,TMOTOR_U15L_KV43,47.0,TATTU_NEO_24S_30Ah,30000,24,47492.5,22652.5,24840.0,22955.98,28.633736188408527,False,20241.701605454567,2004089.6417267905,-1974089.6417267905,63.5,49.0,100.0,100.0,63.5,49.0
TailSitter_Contra_Big,TMOTOR_U15L_KV43,47.0,MAD_24S_55Ah_solid_state,55000,24,47160.5,22652.5,24508.0,26659.0,53.016530497910196,False,20241.46775874452,2004081.610889508,-1949081.610889508,63.0,49.0,100.0,100.0,63.0,49.0
TailSitter_Contra_Big,TMOTOR_U15L_KV43,47.0,MAD_24S_100Ah_solid_state,100000,24,60797.5,22652.5,38145.0,34327.0,67.16591022174825,False,20241.877529144553,2005771.2206032574,-1905771.2206032574,73.5,59.0,100.0,100.0,73.5,59.0
TailSitter_Contra_Big,TMOTOR_U15L_KV43,47.0,12Sx2_series_24S_66Ah,66000,24,51892.5,22652.5,29240.0,29140.6,55.60668333566299,False,20242.829437037344,2004592.6762506417,-1938592.6762506417,65.0,51.5,100.0,100.0,65.0,51.5
TailSitter_Contra_Big,TMOTOR_U15L_KV43,47.0,12Sx4_2P2S_24S_132Ah,132000,24,73292.5,22652.5,50640.0,40994.2,67.47967677199294,False,20242.787977767945,2007509.9935620448,-1875509.9935620448,87.0,65.0,100.0,100.0,87.0,65.0
TailSitter_Contra_Big,TMOTOR_U15L_KV43,47.0,Farasis_24S1P_53Ah,53000,24,52193.5,22652.5,29541.0,18151.0,44.29098283582756,False,20242.255171957244,2004668.9701002568,-1951668.9701002568,65.0,52.0,100.0,100.0,65.0,52.0
TailSitter_Contra_Big,TMOTOR_U15L_KV43,47.0,Farasis_24S2P_106Ah,106000,24,73894.5,22652.5,51242.0,19015.0,53.48403834891127,False,20242.894406220043,2007604.438731404,-1901604.438731404,87.5,65.5,100.0,100.0,87.5,65.5
TailSitter_Contra_Big,TMOTOR_U15L_KV43,47.0,ZYE_UltraHV_24S_66Ah,66000,24,51492.5,22652.5,28840.0,19785.0,56.21665031243895,False,20242.134294453976,2004577.768075703,-1938577.768075703,65.0,51.5,100.0,100.0,65.0,51.5
TailSitter_Contra_Big,TMOTOR_U15L_KV43,47.0,Grepow_TARBG_24S_30Ah,30000,24,39837.5,22652.5,17185.0,22589.78,36.6042077339371,False,20241.593080468672,2003221.6763805905,-1973221.6763805905,57.0,45.0,100.0,100.0,57.0,45.0
TailSitter_Contra_Big,TMOTOR_U15L_KV43,47.0,Amprius_SA08_24S1P_11Ah,11050,24,33192.5,22652.5,10540.0,21927.0,17.253954702597454,False,20240.9431761032,2002573.9130002884,-1991523.9130002884,50.0,42.0,100.0,100.0,50.0,42.0
TailSitter_Contra_Big,TMOTOR_U15L_KV43,47.0,Amprius_SA08_24S2P_22Ah,22100,24,35892.5,22652.5,13240.0,26567.0,31.058551435243967,False,20240.728493991737,2002885.8503494726,-1980785.8503494726,52.5,43.5,100.0,100.0,52.5,43.5
TailSitter_Contra_Big,TMOTOR_U15L_KV43,47.0,Amprius_SA88_24S1P_10Ah,10500,24,32939.5,22652.5,10287.0,19231.0,16.56464920638733,False,20240.677647923436,2002570.469562521,-1992070.469562521,50.0,42.0,100.0,100.0,50.0,42.0
TailSitter_Contra_Big,TMOTOR_U15L_KV43,47.0,Amprius_SA88_24S2P_21Ah,21000,24,35385.5,22652.5,12733.0,21175.0,30.08416554374807,False,20240.9672182354,2002785.511963024,-1981785.511963024,52.5,43.0,100.0,100.0,52.5,43.0
TailSitter_Contra_Big,TMOTOR_U15L_KV43,47.0,Grepow_NMC811_24S1P_87Ah,87000,24,52913.5,22652.5,30261.0,32665.120000000003,71.31082076232497,False,20242.330239594492,2004759.7291539097,-1917759.7291539097,65.5,52.5,100.0,100.0,65.5,52.5
TailSitter_Contra_Big,TMOTOR_U15L_KV43,47.0,Grepow_NMC811_24S2P_24Ah,24000,24,37024.5,22652.5,14372.0,21529.239999999998,32.344358933471256,False,20240.728095429164,2002995.2782577034,-1978995.2782577034,54.0,44.0,100.0,100.0,54.0,44.0
TailSitter_Contra_Big,TMOTOR_U15L_KV43,47.0,Amprius_SA88_24S4P_42Ah,42000,24,40280.5,22652.5,17628.0,25063.0,50.47479610060967,False,20241.11431590175,2003316.0647925057,-1961316.0647925057,57.5,45.5,100.0,100.0,57.5,45.5
TailSitter_Contra_Big,TMOTOR_U15L_KV43,47.0,Amprius_SA88_24S6P_63Ah,63000,24,45174.5,22652.5,22522.0,28951.0,64.52112106242747,False,20241.253391435515,2003863.7654982714,-1940863.7654982714,62.0,48.0,100.0,100.0,62.0,48.0
TailSitter_Contra_Big,TMOTOR_U15L_KV43,47.0,Grepow_NMC811_small_24S4P_48Ah,48000,24,43556.5,22652.5,20904.0,25771.48,51.74338306503367,False,20241.469184168116,2003649.409929308,-1955649.409929308,61.0,47.0,100.0,100.0,61.0,47.0
TailSitter_Contra_Big,TMOTOR_U15XL_KV38,52.0,YANGDA_XTurbo_24S_44Ah,44000,24,45271.0,22765.0,22506.0,32887.0,48.440138428876516,False,1076.838261497556,72025.6048744947,-28025.604874494704,52.5,45.0,100.0,87.0,52.5,45.0
TailSitter_Contra_Big,TMOTOR_U15XL_KV38,52.0,TATTU_NEO_24S_30Ah,30000,24,49441.0,22765.0,26676.0,30755.98,29.250800817970493,False,1078.0468076725615,75569.27953322144,-45569.279533221445,55.5,46.5,100.0,90.5,55.5,46.5
TailSitter_Contra_Big,TMOTOR_U15XL_KV38,52.0,MAD_24S_55Ah_solid_state,55000,24,49109.0,22765.0,26344.0,34459.0,54.13820519528736,False,1077.5026265179479,75527.42734395525,-20527.42734395525,55.0,46.5,100.0,90.5,55.0,46.5
TailSitter_Contra_Big,TMOTOR_U15XL_KV38,52.0,MAD_24S_100Ah_solid_state,100000,24,62746.0,22765.0,39981.0,42127.0,69.61173480494706,False,20241.71695691906,2005630.672091226,-1905630.672091226,66.5,51.0,100.0,100.0,66.5,51.0
TailSitter_Contra_Big,TMOTOR_U15XL_KV38,52.0,12Sx2_series_24S_66Ah,66000,24,53841.0,22765.0,31076.0,36940.6,57.01606921350794,False,1079.729873360667,79218.42786472064,-13218.427864720637,59.0,48.0,100.0,93.5,59.0,48.0
TailSitter_Contra_Big,TMOTOR_U15XL_KV38,52.0,12Sx4_2P2S_24S_132Ah,132000,24,75241.0,22765.0,52476.0,48794.2,71.21388356523747,False,20242.900174830556,2007159.0929655149,-1875159.0929655149,73.0,56.0,100.0,100.0,73.0,56.0
TailSitter_Contra_Big,TMOTOR_U15XL_KV38,52.0,Farasis_24S1P_53Ah,53000,24,54142.0,22765.0,31377.0,25951.0,45.42421347758492,False,1079.6998360265409,79705.61648240057,-26705.61648240057,59.0,48.0,100.0,94.0,59.0,48.0
TailSitter_Contra_Big,TMOTOR_U15XL_KV38,52.0,Farasis_24S2P_106Ah,106000,24,75843.0,22765.0,53078.0,26815.0,56.554677331401194,False,20242.517291359596,2007267.062669735,-1901267.062669735,73.5,56.5,100.0,100.0,73.5,56.5
TailSitter_Contra_Big,TMOTOR_U15XL_KV38,52.0,ZYE_UltraHV_24S_66Ah,66000,24,53441.0,22765.0,30676.0,27585.0,57.623851722390604,False,1078.9586533114084,79158.43395143276,-13158.433951432758,58.5,48.0,100.0,93.5,58.5,48.0
TailSitter_Contra_Big,TMOTOR_U15XL_KV38,52.0,Grepow_TARBG_24S_30Ah,30000,24,41786.0,22765.0,19021.0,30389.78,36.738742763673756,False,1076.7356321579282,69300.86964409635,-39300.869644096354,50.5,43.0,100.0,85.0,50.5,43.0
TailSitter_Contra_Big,TMOTOR_U15XL_KV38,52.0,Amprius_SA08_24S1P_11Ah,11050,24,35141.0,22765.0,12376.0,29727.0,16.3946587537092,False,1075.279315071024,63657.03274212735,-52607.03274212735,47.0,40.0,100.0,83.0,47.0,40.0
TailSitter_Contra_Big,TMOTOR_U15XL_KV38,52.0,Amprius_SA08_24S2P_22Ah,22100,24,37841.0,22765.0,15076.0,34367.0,30.808804870530768,False,1075.601179645021,66783.72066797633,-44683.72066797633,48.5,41.0,100.0,84.0,48.5,41.0
TailSitter_Contra_Big,TMOTOR_U15XL_KV38,52.0,Amprius_SA88_24S1P_10Ah,10500,24,34888.0,22765.0,12123.0,27031.0,15.578635014836797,False,1074.7968968887626,63633.61436980062,-53133.61436980062,47.0,40.0,100.0,83.0,47.0,40.0
TailSitter_Contra_Big,TMOTOR_U15XL_KV38,52.0,Amprius_SA88_24S2P_21Ah,21000,24,37334.0,22765.0,14569.0,28975.0,29.794820925019522,False,1075.5487641778905,65414.33943503435,-44414.33943503435,48.5,41.0,100.0,83.5,48.5,41.0
TailSitter_Contra_Big,TMOTOR_U15XL_KV38,52.0,Grepow_NMC811_24S1P_87Ah,87000,24,54862.0,22765.0,32097.0,40465.12,73.17784331508162,True,1080.9344008856779,80269.95295014529,6730.047049854707,59.5,48.0,100.0,94.5,59.5,48.0
TailSitter_Contra_Big,TMOTOR_U15XL_KV38,52.0,Grepow_NMC811_24S2P_24Ah,24000,24,38973.0,22765.0,16208.0,29329.239999999998,32.196980037969965,False,1075.4720491599996,66997.325770408,-42997.325770408,49.0,42.0,100.0,84.0,49.0,42.0
TailSitter_Contra_Big,TMOTOR_U15XL_KV38,52.0,Amprius_SA88_24S4P_42Ah,42000,24,42229.0,22765.0,19464.0,32863.0,50.724448039838315,False,1076.3020186018496,69422.61980924387,-27422.61980924387,51.0,43.5,100.0,85.0,51.0,43.5
TailSitter_Contra_Big,TMOTOR_U15XL_KV38,52.0,Amprius_SA88_24S6P_63Ah,63000,24,47123.0,22765.0,24358.0,36751.0,65.68751951259789,False,1077.8972608683316,73455.23460972683,-10455.234609726831,54.0,45.5,100.0,88.5,54.0,45.5
TailSitter_Contra_Big,TMOTOR_U15XL_KV38,52.0,Grepow_NMC811_small_24S4P_48Ah,48000,24,45505.0,22765.0,22740.0,33571.479999999996,52.478562043870326,False,1077.209123083109,72058.58155144991,-24058.58155144991,53.0,45.0,100.0,87.0,53.0,45.0
TailSitter_Contra_Big,TMOTOR_U15XXL_KV29,62.0,YANGDA_XTurbo_24S_44Ah,44000,24,47920.0,22990.0,24930.0,37387.0,55.0670928922962,False,1075.083065623684,60749.74089101117,-16749.74089101117,51.5,41.0,100.0,77.0,51.5,41.0
TailSitter_Contra_Big,TMOTOR_U15XXL_KV29,62.0,TATTU_NEO_24S_30Ah,30000,24,52090.0,22990.0,29100.0,35255.979999999996,33.50038017928977,False,1075.089975582406,64090.317337557004,-34090.317337557004,53.5,43.5,100.0,79.5,53.5,43.5
TailSitter_Contra_Big,TMOTOR_U15XXL_KV29,62.0,MAD_24S_55Ah_solid_state,55000,24,51758.0,22990.0,28768.0,38959.0,61.95908919438233,False,1075.4282476604717,64010.726346101765,-9010.726346101765,53.5,43.0,100.0,79.5,53.5,43.0
TailSitter_Contra_Big,TMOTOR_U15XXL_KV29,62.0,MAD_24S_100Ah_solid_state,100000,24,65395.0,22990.0,42405.0,46627.0,80.72562130208757,True,1076.4679469889033,73864.15813520964,26135.84186479036,60.5,50.0,100.0,85.0,60.5,50.0
TailSitter_Contra_Big,TMOTOR_U15XXL_KV29,62.0,12Sx2_series_24S_66Ah,66000,24,56490.0,22990.0,33500.0,41440.6,65.82273884675254,False,1075.4193590176394,67309.7308594357,-1309.7308594357019,55.5,46.0,100.0,81.5,55.5,46.0
TailSitter_Contra_Big,TMOTOR_U15XXL_KV29,62.0,12Sx4_2P2S_24S_132Ah,132000,24,77890.0,22990.0,54900.0,53294.2,82.70468481771309,True,1078.9534818114678,84816.21927866891,47183.78072133109,66.0,54.0,100.0,90.5,66.0,54.0
TailSitter_Contra_Big,TMOTOR_U15XXL_KV29,62.0,Farasis_24S1P_53Ah,53000,24,56791.0,22990.0,33801.0,30451.0,52.45962083271663,False,1075.888930986116,67342.68836517906,-14342.688365179056,56.0,46.0,100.0,81.5,56.0,46.0
TailSitter_Contra_Big,TMOTOR_U15XXL_KV29,62.0,Farasis_24S2P_106Ah,106000,24,78492.0,22990.0,55502.0,31315.0,65.67651599079555,True,1078.287567022259,84995.10638380522,21004.89361619478,66.0,54.5,100.0,90.5,66.0,54.5
TailSitter_Contra_Big,TMOTOR_U15XXL_KV29,62.0,ZYE_UltraHV_24S_66Ah,66000,24,56090.0,22990.0,33100.0,32085.0,66.4891377860837,False,1075.6466529618158,67205.54982258865,-1205.549822588655,55.5,45.5,100.0,81.5,55.5,45.5
TailSitter_Contra_Big,TMOTOR_U15XXL_KV29,62.0,Grepow_TARBG_24S_30Ah,30000,24,44435.0,22990.0,21445.0,34889.78,38.51091142490372,False,1073.0881880860377,58885.30825305573,-28885.30825305573,50.0,40.0,99.5,75.5,50.0,40.0
TailSitter_Contra_Big,TMOTOR_U15XXL_KV29,62.0,Amprius_SA08_24S1P_11Ah,11050,24,37790.0,22990.0,14800.0,34227.0,14.184852374839537,False,1072.6178888297566,54832.29338773747,-43782.29338773747,45.5,40.0,95.5,71.0,45.5,40.0
TailSitter_Contra_Big,TMOTOR_U15XXL_KV29,62.0,Amprius_SA08_24S2P_22Ah,22100,24,40490.0,22990.0,17500.0,38867.0,28.369704749679073,False,1073.0565592126582,56240.13858231266,-34140.13858231266,47.5,40.0,97.0,72.5,47.5,40.0
TailSitter_Contra_Big,TMOTOR_U15XXL_KV29,62.0,Amprius_SA88_24S1P_10Ah,10500,24,37537.0,22990.0,14547.0,31531.0,13.478818998716303,False,1072.1590260520654,54807.77305287505,-44307.77305287505,45.5,40.0,95.5,71.0,45.5,40.0
TailSitter_Contra_Big,TMOTOR_U15XXL_KV29,62.0,Amprius_SA88_24S2P_21Ah,21000,24,39983.0,22990.0,16993.0,33475.0,26.957637997432606,False,1072.4043259200305,56195.85725189217,-35195.85725189217,47.0,40.0,97.0,72.5,47.0,40.0
TailSitter_Contra_Big,TMOTOR_U15XXL_KV29,62.0,Grepow_NMC811_24S1P_87Ah,87000,24,57511.0,22990.0,34521.0,44965.12,84.57712705404317,True,1075.3790413698694,68158.85250265009,18841.147497349913,56.0,46.5,100.0,82.0,56.0,46.5
TailSitter_Contra_Big,TMOTOR_U15XXL_KV29,62.0,Grepow_NMC811_24S2P_24Ah,24000,24,41622.0,22990.0,18632.0,33829.24,30.808729139922978,False,1072.8308990003666,57007.11392876423,-33007.11392876423,48.0,40.0,98.0,73.5,48.0,40.0
TailSitter_Contra_Big,TMOTOR_U15XXL_KV29,62.0,Amprius_SA88_24S4P_42Ah,42000,24,44878.0,22990.0,21888.0,37363.0,53.91527599486521,False,1073.6064839809685,58911.035677048385,-16911.035677048385,50.0,40.0,100.0,75.5,50.0,40.0
TailSitter_Contra_Big,TMOTOR_U15XXL_KV29,62.0,Amprius_SA88_24S6P_63Ah,63000,24,49772.0,22990.0,26782.0,41251.0,74.86981116651057,True,1074.6957538321026,62598.68189772292,401.31810227708047,52.5,42.0,100.0,78.5,52.5,42.0
TailSitter_Contra_Big,TMOTOR_U15XXL_KV29,62.0,Grepow_NMC811_small_24S4P_48Ah,48000,24,48154.0,22990.0,25164.0,38071.479999999996,59.67424466495688,False,1074.5006295015576,61279.347760180484,-13279.347760180484,52.0,41.0,100.0,77.5,52.0,41.0
TailSitter_Quad_Compact,HOBBYWING_H13MD_coaxial_axis,54.0,YANGDA_XTurbo_24S_44Ah,44000,24,46620.0,22310.0,24310.0,7800.0,31.89619271424585,False,1070.0977086036014,54508.88385929152,-10508.88385929152,40.0,40.0,72.0,60.5,40.0,40.0
TailSitter_Quad_Compact,HOBBYWING_H13MD_coaxial_axis,54.0,TATTU_NEO_24S_30Ah,30000,24,50790.0,22310.0,28480.0,5668.98,21.747404123349444,False,1071.7662124748122,55919.63553022461,-25919.63553022461,40.5,40.0,72.5,61.0,40.5,40.0
TailSitter_Quad_Compact,HOBBYWING_H13MD_coaxial_axis,54.0,MAD_24S_55Ah_solid_state,55000,24,50458.0,22310.0,28148.0,9372.0,39.87024089280731,False,1071.460536746336,55903.56954535407,-903.5695453540684,40.5,40.0,72.5,61.0,40.5,40.0
TailSitter_Quad_Compact,HOBBYWING_H13MD_coaxial_axis,54.0,MAD_24S_100Ah_solid_state,100000,24,64095.0,22310.0,41785.0,17040.0,72.49134707783148,True,1072.8824042984002,62785.34445620213,37214.65554379787,50.0,40.0,75.5,63.5,50.0,40.0
TailSitter_Quad_Compact,HOBBYWING_H13MD_coaxial_axis,54.0,12Sx2_series_24S_66Ah,66000,24,55190.0,22310.0,32880.0,11853.6,47.84428907136877,True,1071.5618642762586,58581.879583369366,7418.120416630634,44.5,40.0,73.5,62.0,44.5,40.0
TailSitter_Quad_Compact,HOBBYWING_H13MD_coaxial_axis,54.0,12Sx4_2P2S_24S_132Ah,132000,24,76590.0,22310.0,54280.0,23707.2,95.68857814273754,True,1079.0075552994535,68806.3802947035,63193.6197052965,53.5,40.0,77.5,65.5,53.5,40.0
TailSitter_Quad_Compact,HOBBYWING_H13MD_coaxial_axis,54.0,Farasis_24S1P_53Ah,53000,24,55491.0,22310.0,33181.0,864.0,38.42041395125068,False,1071.7748582180332,58593.16233177258,-5593.162331772583,44.5,40.0,73.5,62.0,44.5,40.0
TailSitter_Quad_Compact,HOBBYWING_H13MD_coaxial_axis,54.0,Farasis_24S2P_106Ah,106000,24,77192.0,22310.0,54882.0,1728.0,76.84082790250136,True,1078.895200138427,70213.27988765255,35786.72011234745,54.0,40.0,77.5,66.0,54.0,40.0
TailSitter_Quad_Compact,HOBBYWING_H13MD_coaxial_axis,54.0,ZYE_UltraHV_24S_66Ah,66000,24,54790.0,22310.0,32480.0,2498.0,47.84428907136877,True,1071.407554552426,58568.41262180034,7431.587378199663,44.0,40.0,73.5,62.0,44.0,40.0
TailSitter_Quad_Compact,HOBBYWING_H13MD_coaxial_axis,54.0,Grepow_TARBG_24S_30Ah,30000,24,43135.0,22310.0,20825.0,5302.78,21.747404123349444,False,1071.043963398918,51835.94317756264,-21835.943177562644,40.0,40.0,71.0,59.5,40.0,40.0
TailSitter_Quad_Compact,HOBBYWING_H13MD_coaxial_axis,54.0,Amprius_SA08_24S1P_11Ah,11050,24,36490.0,22310.0,14180.0,4640.0,8.010293852100379,False,1068.8912212352163,48946.70829806358,-37896.70829806358,40.0,40.0,69.5,58.5,40.0,40.0
TailSitter_Quad_Compact,HOBBYWING_H13MD_coaxial_axis,54.0,Amprius_SA08_24S2P_22Ah,22100,24,39190.0,22310.0,16880.0,9280.0,16.020587704200757,False,1069.2120566235333,50352.77386855651,-28252.773868556513,40.0,40.0,70.0,59.0,40.0,40.0
TailSitter_Quad_Compact,HOBBYWING_H13MD_coaxial_axis,54.0,Amprius_SA88_24S1P_10Ah,10500,24,36237.0,22310.0,13927.0,1944.0,7.611591443172305,False,1068.6582711816052,48935.358416591815,-38435.358416591815,40.0,40.0,69.5,58.5,40.0,40.0
TailSitter_Quad_Compact,HOBBYWING_H13MD_coaxial_axis,54.0,Amprius_SA88_24S2P_21Ah,21000,24,38683.0,22310.0,16373.0,3888.0,15.22318288634461,False,1068.8240517125446,50333.78081305118,-29333.780813051177,40.0,40.0,70.0,59.0,40.0,40.0
TailSitter_Quad_Compact,HOBBYWING_H13MD_coaxial_axis,54.0,Grepow_NMC811_24S1P_87Ah,87000,24,56211.0,22310.0,33901.0,15378.12,63.06747195771338,True,1072.1987400226349,58626.30995446833,28373.69004553167,45.0,40.0,74.0,62.0,45.0,40.0
TailSitter_Quad_Compact,HOBBYWING_H13MD_coaxial_axis,54.0,Grepow_NMC811_24S2P_24Ah,24000,24,40322.0,22310.0,18012.0,4242.24,17.397923298679554,False,1070.7937712018102,50438.00051102435,-26438.00051102435,40.0,40.0,70.5,59.0,40.0,40.0
TailSitter_Quad_Compact,HOBBYWING_H13MD_coaxial_axis,54.0,Amprius_SA88_24S4P_42Ah,42000,24,43578.0,22310.0,21268.0,7776.0,30.44636577268922,False,1069.4290481673133,53120.87351543502,-11120.873515435022,40.0,40.0,71.0,60.0,40.0,40.0
TailSitter_Quad_Compact,HOBBYWING_H13MD_coaxial_axis,54.0,Amprius_SA88_24S6P_63Ah,63000,24,48472.0,22310.0,26162.0,11664.0,45.66954865903383,True,1071.6545003968074,54588.99106595414,8411.008934045858,40.0,40.0,72.0,60.5,40.0,40.0
TailSitter_Quad_Compact,HOBBYWING_H13MD_coaxial_axis,54.0,Grepow_NMC811_small_24S4P_48Ah,48000,24,46854.0,22310.0,24544.0,8484.48,34.79584659735911,False,1070.2416618174616,54515.9345998401,-6515.934599840097,40.0,40.0,72.0,60.5,40.0,40.0
TailSitter_Quad_Compact,HOBBYWING_H15MD_PLUS_coaxial_axis,73.0,YANGDA_XTurbo_24S_44Ah,44000,24,57167.5,22737.5,34430.0,7800.0,19.570535448390952,False,1068.3774729247184,47745.95702719135,-3745.957027191347,40.0,40.0,51.0,43.0,40.0,40.0
TailSitter_Quad_Compact,HOBBYWING_H15MD_PLUS_coaxial_axis,73.0,TATTU_NEO_24S_30Ah,30000,24,61337.5,22737.5,38600.0,5668.98,13.343546896630194,False,1068.8362262785727,49227.928294607824,-19227.928294607824,40.0,40.0,51.5,43.5,40.0,40.0
TailSitter_Quad_Compact,HOBBYWING_H15MD_PLUS_coaxial_axis,73.0,MAD_24S_55Ah_solid_state,55000,24,61005.5,22737.5,38268.0,9372.0,24.463169310488688,True,1068.6016147929076,49216.47952027718,5783.520479722822,40.0,40.0,51.5,43.5,40.0,40.0
TailSitter_Quad_Compact,HOBBYWING_H15MD_PLUS_coaxial_axis,73.0,MAD_24S_100Ah_solid_state,100000,24,74642.5,22737.5,51905.0,17040.0,44.47848965543398,True,1070.724292520501,53925.69440287495,46074.30559712505,40.0,40.0,53.5,45.0,40.0,40.0
TailSitter_Quad_Compact,HOBBYWING_H15MD_PLUS_coaxial_axis,73.0,12Sx2_series_24S_66Ah,66000,24,65737.5,22737.5,43000.0,11853.6,29.355803172586427,True,1069.3614832653107,50752.92834598812,15247.071654011881,40.0,40.0,52.5,44.0,40.0,40.0
TailSitter_Quad_Compact,HOBBYWING_H15MD_PLUS_coaxial_axis,73.0,12Sx4_2P2S_24S_132Ah,132000,24,87137.5,22737.5,64400.0,23707.2,58.711606345172854,True,1071.8299212287757,58940.20717027654,73059.79282972346,40.0,40.0,55.5,46.5,40.0,40.0
TailSitter_Quad_Compact,HOBBYWING_H15MD_PLUS_coaxial_axis,73.0,Farasis_24S1P_53Ah,53000,24,66038.5,22737.5,43301.0,864.0,23.57359951738001,True,1069.6460495782114,50767.25929564284,2232.7407043571584,40.0,40.0,52.5,44.0,40.0,40.0
TailSitter_Quad_Compact,HOBBYWING_H15MD_PLUS_coaxial_axis,73.0,Farasis_24S2P_106Ah,106000,24,87739.5,22737.5,65002.0,1728.0,47.14719903476002,True,1072.3390852198277,58969.64593607491,47030.35406392509,40.0,40.0,55.5,46.5,40.0,40.0
TailSitter_Quad_Compact,HOBBYWING_H15MD_PLUS_coaxial_axis,73.0,ZYE_UltraHV_24S_66Ah,66000,24,65337.5,22737.5,42600.0,2498.0,29.355803172586427,True,1069.0545462029047,50737.48468437022,15262.515315629782,40.0,40.0,52.5,44.0,40.0,40.0
TailSitter_Quad_Compact,HOBBYWING_H15MD_PLUS_coaxial_axis,73.0,Grepow_TARBG_24S_30Ah,30000,24,53682.5,22737.5,30945.0,5302.78,13.343546896630194,False,1068.5125063418284,46337.04838419677,-16337.048384196773,40.0,40.0,50.5,42.5,40.0,40.0
TailSitter_Quad_Compact,HOBBYWING_H15MD_PLUS_coaxial_axis,73.0,Amprius_SA08_24S1P_11Ah,11050,24,47037.5,22737.5,24300.0,4640.0,4.914873106925454,False,1066.5760640404128,44886.93395277208,-33836.93395277208,40.0,40.0,49.5,42.0,40.0,40.0
TailSitter_Quad_Compact,HOBBYWING_H15MD_PLUS_coaxial_axis,73.0,Amprius_SA08_24S2P_22Ah,22100,24,49737.5,22737.5,27000.0,9280.0,9.829746213850909,False,1068.1710464579562,44962.6049126933,-22862.6049126933,40.0,40.0,50.0,42.0,40.0,40.0
TailSitter_Quad_Compact,HOBBYWING_H15MD_PLUS_coaxial_axis,73.0,Amprius_SA88_24S1P_10Ah,10500,24,46784.5,22737.5,24047.0,1944.0,4.670241413820568,False,1066.4795034523881,44882.593518053276,-34382.593518053276,40.0,40.0,49.5,42.0,40.0,40.0
TailSitter_Quad_Compact,HOBBYWING_H15MD_PLUS_coaxial_axis,73.0,Amprius_SA88_24S2P_21Ah,21000,24,49230.5,22737.5,26493.0,3888.0,9.340482827641136,False,1067.659067073525,44939.982152151155,-23939.982152151155,40.0,40.0,50.0,42.0,40.0,40.0
TailSitter_Quad_Compact,HOBBYWING_H15MD_PLUS_coaxial_axis,73.0,Grepow_NMC811_24S1P_87Ah,87000,24,66758.5,22737.5,44021.0,15378.12,38.69628600022756,True,1070.8100438251306,50825.97301528521,36174.02698471479,40.0,40.0,52.5,44.0,40.0,40.0
TailSitter_Quad_Compact,HOBBYWING_H15MD_PLUS_coaxial_axis,73.0,Grepow_NMC811_24S2P_24Ah,24000,24,50869.5,22737.5,28132.0,4242.24,10.674837517304155,False,1066.9163892611723,46258.852212906946,-22258.852212906946,40.0,40.0,50.0,42.5,40.0,40.0
TailSitter_Quad_Compact,HOBBYWING_H15MD_PLUS_coaxial_axis,73.0,Amprius_SA88_24S4P_42Ah,42000,24,54125.5,22737.5,31388.0,7776.0,18.68096565528227,False,1069.1967519196896,46368.21588947788,-4368.215889477877,40.0,40.0,50.5,42.5,40.0,40.0
TailSitter_Quad_Compact,HOBBYWING_H15MD_PLUS_coaxial_axis,73.0,Amprius_SA88_24S6P_63Ah,63000,24,59019.5,22737.5,36282.0,11664.0,28.021448482923407,True,1067.6368111422223,49169.39305513002,13830.606944869978,40.0,40.0,51.5,43.5,40.0,40.0
TailSitter_Quad_Compact,HOBBYWING_H15MD_PLUS_coaxial_axis,73.0,Grepow_NMC811_small_24S4P_48Ah,48000,24,57401.5,22737.5,34664.0,8484.48,21.34967503460831,True,1068.5678748505975,47754.95680555281,245.04319444719295,40.0,40.0,51.0,43.0,40.0,40.0
TailSitter_Quad_Compact,HOBBYWING_H15MD_coaxial_axis,64.0,YANGDA_XTurbo_24S_44Ah,44000,24,50701.0,22535.0,28166.0,7800.0,23.409821106542246,False,1067.7614037557935,48713.97843097108,-4713.978430971081,40.0,40.0,54.0,46.0,40.0,40.0
TailSitter_Quad_Compact,HOBBYWING_H15MD_coaxial_axis,64.0,TATTU_NEO_24S_30Ah,30000,24,54871.0,22535.0,32336.0,5668.98,15.961241663551531,False,1068.4017908282906,50269.045218556756,-20269.045218556756,40.0,40.0,54.5,46.5,40.0,40.0
TailSitter_Quad_Compact,HOBBYWING_H15MD_coaxial_axis,64.0,MAD_24S_55Ah_solid_state,55000,24,54539.0,22535.0,32004.0,9372.0,29.26227638317781,True,1068.2610011434147,50262.16046354921,4737.839536450789,40.0,40.0,54.5,46.5,40.0,40.0
TailSitter_Quad_Compact,HOBBYWING_H15MD_coaxial_axis,64.0,MAD_24S_100Ah_solid_state,100000,24,68176.0,22535.0,45641.0,17040.0,53.204138878505105,True,1070.8331739856208,55222.93167562083,44777.06832437917,40.0,40.0,56.5,48.0,40.0,40.0
TailSitter_Quad_Compact,HOBBYWING_H15MD_coaxial_axis,64.0,12Sx2_series_24S_66Ah,66000,24,59271.0,22535.0,36736.0,11853.6,35.11473165981337,True,1069.1733713695546,51873.038285903975,14126.961714096025,40.0,40.0,55.0,47.0,40.0,40.0
TailSitter_Quad_Compact,HOBBYWING_H15MD_coaxial_axis,64.0,12Sx4_2P2S_24S_132Ah,132000,24,80671.0,22535.0,58136.0,23707.2,70.22946331962675,True,1072.6936802135915,60587.85272637411,71412.14727362589,41.0,40.0,58.0,49.5,41.0,40.0
TailSitter_Quad_Compact,HOBBYWING_H15MD_coaxial_axis,64.0,Farasis_24S1P_53Ah,53000,24,59572.0,22535.0,37037.0,864.0,28.198193605607706,True,1069.3283723563227,51880.87011978049,1119.1298802195088,40.0,40.0,55.0,47.0,40.0,40.0
TailSitter_Quad_Compact,HOBBYWING_H15MD_coaxial_axis,64.0,Farasis_24S2P_106Ah,106000,24,81273.0,22535.0,58738.0,1728.0,56.39638721121541,True,1072.9301622650464,60617.72419587259,45382.27580412741,41.5,40.0,58.0,49.5,41.5,40.0
TailSitter_Quad_Compact,HOBBYWING_H15MD_coaxial_axis,64.0,ZYE_UltraHV_24S_66Ah,66000,24,58871.0,22535.0,36336.0,2498.0,35.11473165981337,True,1068.9834778475163,51863.48917718399,14136.51082281601,40.0,40.0,55.0,47.0,40.0,40.0
TailSitter_Quad_Compact,HOBBYWING_H15MD_coaxial_axis,64.0,Grepow_TARBG_24S_30Ah,30000,24,47216.0,22535.0,24681.0,5302.78,15.961241663551531,False,1067.4104806890525,47213.31572124381,-17213.31572124381,40.0,40.0,53.5,45.5,40.0,40.0
TailSitter_Quad_Compact,HOBBYWING_H15MD_coaxial_axis,64.0,Amprius_SA08_24S1P_11Ah,11050,24,40571.0,22535.0,18036.0,4640.0,5.879057346074815,False,1066.976982380128,44332.81064059166,-33282.81064059166,40.0,40.0,52.0,44.5,40.0,40.0
TailSitter_Quad_Compact,HOBBYWING_H15MD_coaxial_axis,64.0,Amprius_SA08_24S2P_22Ah,22100,24,43271.0,22535.0,20736.0,9280.0,11.75811469214963,False,1066.978590847667,45742.354258689214,-23642.354258689214,40.0,40.0,52.5,45.0,40.0,40.0
TailSitter_Quad_Compact,HOBBYWING_H15MD_coaxial_axis,64.0,Amprius_SA88_24S1P_10Ah,10500,24,40318.0,22535.0,17783.0,1944.0,5.586434582243036,False,1066.8550859395527,44327.41514029908,-33827.41514029908,40.0,40.0,52.0,44.5,40.0,40.0
TailSitter_Quad_Compact,HOBBYWING_H15MD_coaxial_axis,64.0,Amprius_SA88_24S2P_21Ah,21000,24,42764.0,22535.0,20229.0,3888.0,11.172869164486071,False,1068.8438628676124,44420.77853100325,-23420.77853100325,40.0,40.0,52.5,44.5,40.0,40.0
TailSitter_Quad_Compact,HOBBYWING_H15MD_coaxial_axis,64.0,Grepow_NMC811_24S1P_87Ah,87000,24,60292.0,22535.0,37757.0,15378.12,46.28760082429944,True,1069.758979827779,51902.80195076734,35097.19804923266,40.0,40.0,55.0,47.0,40.0,40.0
TailSitter_Quad_Compact,HOBBYWING_H15MD_coaxial_axis,64.0,Grepow_NMC811_24S2P_24Ah,24000,24,44403.0,22535.0,21868.0,4242.24,12.768993330841225,False,1067.3833724609578,45765.79334392375,-21765.793343923753,40.0,40.0,53.0,45.0,40.0,40.0
TailSitter_Quad_Compact,HOBBYWING_H15MD_coaxial_axis,64.0,Amprius_SA88_24S4P_42Ah,42000,24,47659.0,22535.0,25124.0,7776.0,22.345738328972143,False,1067.606482077377,47222.466765760546,-5222.466765760546,40.0,40.0,53.5,45.5,40.0,40.0
TailSitter_Quad_Compact,HOBBYWING_H15MD_coaxial_axis,64.0,Amprius_SA88_24S6P_63Ah,63000,24,52553.0,22535.0,30018.0,11664.0,33.51860749345822,True,1068.6962797137423,48758.96293921822,14241.037060781782,40.0,40.0,54.0,46.0,40.0,40.0
TailSitter_Quad_Compact,HOBBYWING_H15MD_coaxial_axis,64.0,Grepow_NMC811_small_24S4P_48Ah,48000,24,50935.0,22535.0,28400.0,8484.48,25.53798666168245,False,1067.858146524036,48718.597018528635,-718.5970185286351,40.0,40.0,54.0,46.0,40.0,40.0
TailSitter_Quad_Compact,M50C35_PRO_EEE_34kv,30.0,YANGDA_XTurbo_24S_44Ah,44000,24,41800.0,21770.0,20030.0,11200.0,28.16619373703088,False,1068.149204166727,45792.90593280807,-1792.9059328080693,40.0,40.0,61.5,50.5,40.0,40.0
TailSitter_Quad_Compact,M50C35_PRO_EEE_34kv,30.0,TATTU_NEO_24S_30Ah,30000,24,45970.0,21770.0,24200.0,9068.98,19.204223002521054,False,1070.1111456128992,46870.70160871937,-16870.70160871937,40.0,40.0,62.0,51.0,40.0,40.0
TailSitter_Quad_Compact,M50C35_PRO_EEE_34kv,30.0,MAD_24S_55Ah_solid_state,55000,24,45638.0,21770.0,23868.0,12772.0,35.2077421712886,True,1069.6105741946615,46846.81785477334,8153.1821452266595,40.0,40.0,62.0,51.0,40.0,40.0
TailSitter_Quad_Compact,M50C35_PRO_EEE_34kv,30.0,MAD_24S_100Ah_solid_state,100000,24,59275.0,21770.0,37505.0,20440.0,64.01407667507019,True,1072.1131323526301,52403.76626629852,47596.23373370148,40.0,40.0,65.0,53.5,40.0,40.0
TailSitter_Quad_Compact,M50C35_PRO_EEE_34kv,30.0,12Sx2_series_24S_66Ah,66000,24,50370.0,21770.0,28600.0,15253.6,42.24929060554632,True,1069.9248509020185,48939.75639860853,17060.24360139147,40.0,40.0,63.0,52.0,40.0,40.0
TailSitter_Quad_Compact,M50C35_PRO_EEE_34kv,30.0,12Sx4_2P2S_24S_132Ah,132000,24,71770.0,21770.0,50000.0,27107.2,84.49858121109264,True,1072.4700922279708,58581.02074988919,73418.9792501108,43.0,40.0,68.0,56.0,43.0,40.0
TailSitter_Quad_Compact,M50C35_PRO_EEE_34kv,30.0,Farasis_24S1P_53Ah,53000,24,50671.0,21770.0,28901.0,4264.0,33.9274606377872,True,1070.2018107867166,48953.23750383186,4046.762496168143,40.0,40.0,63.0,52.0,40.0,40.0
TailSitter_Quad_Compact,M50C35_PRO_EEE_34kv,30.0,Farasis_24S2P_106Ah,106000,24,72372.0,21770.0,50602.0,5128.0,67.8549212755744,True,1072.873162249813,58602.89757412927,47397.10242587073,43.0,40.0,68.0,56.0,43.0,40.0
TailSitter_Quad_Compact,M50C35_PRO_EEE_34kv,30.0,ZYE_UltraHV_24S_66Ah,66000,24,49970.0,21770.0,28200.0,5898.0,42.24929060554632,True,1069.617706091359,48924.97098886796,17075.029011132043,40.0,40.0,63.0,52.0,40.0,40.0
TailSitter_Quad_Compact,M50C35_PRO_EEE_34kv,30.0,Grepow_TARBG_24S_30Ah,30000,24,38315.0,21770.0,16545.0,8702.779999999999,19.204223002521054,False,1068.8274873834325,43947.65191318606,-13947.651913186062,40.0,40.0,60.5,49.5,40.0,40.0
TailSitter_Quad_Compact,M50C35_PRO_EEE_34kv,30.0,Amprius_SA08_24S1P_11Ah,11050,24,31670.0,21770.0,9900.0,8040.0,7.073555472595255,False,1066.6804019979306,42011.85317976194,-30961.853179761943,40.0,40.0,59.0,48.5,40.0,40.0
TailSitter_Quad_Compact,M50C35_PRO_EEE_34kv,30.0,Amprius_SA08_24S2P_22Ah,22100,24,34370.0,21770.0,12600.0,12680.0,14.14711094519051,False,1067.1619643401757,42948.992184087125,-20848.992184087125,40.0,40.0,59.5,49.0,40.0,40.0
TailSitter_Quad_Compact,M50C35_PRO_EEE_34kv,30.0,Amprius_SA88_24S1P_10Ah,10500,24,31417.0,21770.0,9647.0,5344.0,6.721478050882369,False,1066.5441996112138,42006.17584801677,-31506.17584801677,40.0,40.0,59.0,48.5,40.0,40.0
TailSitter_Quad_Compact,M50C35_PRO_EEE_34kv,30.0,Amprius_SA88_24S2P_21Ah,21000,24,33863.0,21770.0,12093.0,7288.0,13.442956101764738,False,1066.8774535573104,42936.87966024049,-21936.87966024049,40.0,40.0,59.5,49.0,40.0,40.0
TailSitter_Quad_Compact,M50C35_PRO_EEE_34kv,30.0,Grepow_NMC811_24S1P_87Ah,87000,24,51391.0,21770.0,29621.0,18778.120000000003,55.69224670731106,True,1071.171620091464,49005.083921264726,37994.916078735274,40.0,40.0,63.5,52.0,40.0,40.0
TailSitter_Quad_Compact,M50C35_PRO_EEE_34kv,30.0,Grepow_NMC811_24S2P_24Ah,24000,24,35502.0,21770.0,13732.0,7642.24,15.363378402016844,False,1068.0023251298207,42988.52591299945,-18988.525912999452,40.0,40.0,60.0,49.0,40.0,40.0
TailSitter_Quad_Compact,M50C35_PRO_EEE_34kv,30.0,Amprius_SA88_24S4P_42Ah,42000,24,38758.0,21770.0,16988.0,11176.0,26.885912203529475,False,1070.1688066817444,44008.20144040769,-2008.2014404076908,40.0,40.0,60.5,49.5,40.0,40.0
TailSitter_Quad_Compact,M50C35_PRO_EEE_34kv,30.0,Amprius_SA88_24S6P_63Ah,63000,24,43652.0,21770.0,21882.0,15064.0,40.328868305294215,True,1070.3490832425916,45895.01140396148,17104.98859603852,40.0,40.0,61.5,50.5,40.0,40.0
TailSitter_Quad_Compact,M50C35_PRO_EEE_34kv,30.0,Grepow_NMC811_small_24S4P_48Ah,48000,24,42034.0,21770.0,20264.0,11884.48,30.726756804033688,True,1068.2981914311172,45799.644509189326,2200.3554908106744,40.0,40.0,61.5,50.5,40.0,40.0
TailSitter_Quad_Compact,TMOTOR_U15L_KV43,47.0,YANGDA_XTurbo_24S_44Ah,44000,24,50662.5,22152.5,28510.0,25087.0,39.473684210526315,False,1074.5111407205518,61303.31248399505,-17303.312483995047,44.5,40.0,88.5,67.0,44.5,40.0
TailSitter_Quad_Compact,TMOTOR_U15L_KV43,47.0,TATTU_NEO_24S_30Ah,30000,24,54832.5,22152.5,32680.0,22955.98,26.913875598086126,False,1073.933498378401,64616.08008305663,-34616.08008305663,46.0,40.0,89.5,70.0,46.0,40.0
TailSitter_Quad_Compact,TMOTOR_U15L_KV43,47.0,MAD_24S_55Ah_solid_state,55000,24,54500.5,22152.5,32348.0,26659.0,49.3421052631579,False,1075.1174269126657,63891.403848026755,-8891.403848026755,45.5,40.0,89.5,69.5,45.5,40.0
TailSitter_Quad_Compact,TMOTOR_U15L_KV43,47.0,MAD_24S_100Ah_solid_state,100000,24,68137.5,22152.5,45985.0,34327.0,75.38278368995306,True,1076.6572963163248,73371.35790440142,26628.64209559858,51.0,42.5,93.0,72.0,51.0,42.5
TailSitter_Quad_Compact,TMOTOR_U15L_KV43,47.0,12Sx2_series_24S_66Ah,66000,24,59232.5,22152.5,37080.0,29140.6,59.21052631578948,False,1076.3231033581096,67666.12659608423,-1666.1265960842284,47.5,40.0,90.5,71.0,47.5,40.0
TailSitter_Quad_Compact,TMOTOR_U15L_KV43,47.0,12Sx4_2P2S_24S_132Ah,132000,24,80632.5,22152.5,58480.0,40994.2,79.22089370303273,True,1076.7693897060556,82559.1896836988,49440.8103163012,57.5,45.5,100.0,73.5,57.5,45.5
TailSitter_Quad_Compact,TMOTOR_U15L_KV43,47.0,Farasis_24S1P_53Ah,53000,24,59533.5,22152.5,37381.0,18151.0,47.547846889952154,False,1077.1910817069804,67693.08431359907,-14693.084313599073,47.5,40.0,90.5,71.0,47.5,40.0
TailSitter_Quad_Compact,TMOTOR_U15L_KV43,47.0,Farasis_24S2P_106Ah,106000,24,81234.5,22152.5,59082.0,19015.0,62.96873751805285,True,1077.8066128146916,82613.47610661578,23386.52389338422,58.0,45.5,100.0,73.5,58.0,45.5
TailSitter_Quad_Compact,TMOTOR_U15L_KV43,47.0,ZYE_UltraHV_24S_66Ah,66000,24,58832.5,22152.5,36680.0,19785.0,59.21052631578948,False,1075.726549940666,67638.69678947501,-1638.6967894750123,47.0,40.0,90.5,71.0,47.0,40.0
TailSitter_Quad_Compact,TMOTOR_U15L_KV43,47.0,Grepow_TARBG_24S_30Ah,30000,24,47177.5,22152.5,25025.0,22589.78,26.913875598086126,False,1074.4241932899893,59100.45040268511,-29100.450402685106,43.0,40.0,87.5,65.0,43.0,40.0
TailSitter_Quad_Compact,TMOTOR_U15L_KV43,47.0,Amprius_SA08_24S1P_11Ah,11050,24,40532.5,22152.5,18380.0,21927.0,9.913277511961724,False,1071.592841092677,55836.71984857701,-44786.71984857701,41.0,40.0,81.5,63.5,41.0,40.0
TailSitter_Quad_Compact,TMOTOR_U15L_KV43,47.0,Amprius_SA08_24S2P_22Ah,22100,24,43232.5,22152.5,21080.0,26567.0,19.826555023923447,False,1072.3907395941335,57073.37903639738,-34973.37903639738,42.0,40.0,83.5,64.0,42.0,40.0
TailSitter_Quad_Compact,TMOTOR_U15L_KV43,47.0,Amprius_SA88_24S1P_10Ah,10500,24,40279.5,22152.5,18127.0,19231.0,9.419856459330145,False,1071.6084074882504,55823.29241223423,-45323.29241223423,40.5,40.0,81.0,63.5,40.5,40.0
TailSitter_Quad_Compact,TMOTOR_U15L_KV43,47.0,Amprius_SA88_24S2P_21Ah,21000,24,42725.5,22152.5,20573.0,21175.0,18.83971291866029,False,1072.01288627233,57036.58297190194,-36036.58297190194,41.5,40.0,83.0,64.0,41.5,40.0
TailSitter_Quad_Compact,TMOTOR_U15L_KV43,47.0,Grepow_NMC811_24S1P_87Ah,87000,24,60253.5,22152.5,38101.0,32665.120000000003,77.31147336437344,True,1076.4729224089954,67861.26349740353,19138.73650259647,47.5,40.5,90.5,71.0,47.5,40.5
TailSitter_Quad_Compact,TMOTOR_U15L_KV43,47.0,Grepow_NMC811_24S2P_24Ah,24000,24,44364.5,22152.5,22212.0,21529.239999999998,21.5311004784689,False,1072.0661152952255,58081.080376754086,-34081.080376754086,42.0,40.0,84.5,64.5,42.0,40.0
TailSitter_Quad_Compact,TMOTOR_U15L_KV43,47.0,Amprius_SA88_24S4P_42Ah,42000,24,47620.5,22152.5,25468.0,25063.0,37.67942583732058,False,1072.7660480584248,59683.45965089936,-17683.459650899364,43.5,40.0,87.5,65.5,43.5,40.0
TailSitter_Quad_Compact,TMOTOR_U15L_KV43,47.0,Amprius_SA88_24S6P_63Ah,63000,24,52514.5,22152.5,30362.0,28951.0,56.51913875598086,True,1074.3698875690827,62632.42030143894,367.57969856105774,45.0,40.0,89.0,68.5,45.0,40.0
TailSitter_Quad_Compact,TMOTOR_U15L_KV43,47.0,Grepow_NMC811_small_24S4P_48Ah,48000,24,50896.5,22152.5,28744.0,25771.48,43.0622009569378,False,1073.66154303233,61667.51177303287,-13667.511773032871,44.5,40.0,88.5,67.5,44.5,40.0
TailSitter_Quad_Compact,TMOTOR_U15XL_KV38,52.0,YANGDA_XTurbo_24S_44Ah,44000,24,54447.0,22265.0,32182.0,32887.0,32.640949554896146,False,1072.6913728405104,58917.71771011876,-14917.717710118763,43.5,40.0,75.0,57.0,43.5,40.0
TailSitter_Quad_Compact,TMOTOR_U15XL_KV38,52.0,TATTU_NEO_24S_30Ah,30000,24,58617.0,22265.0,36352.0,30755.98,22.25519287833828,False,1072.5600540102419,61418.01387322549,-31418.013873225493,44.5,40.0,77.0,58.5,44.5,40.0
TailSitter_Quad_Compact,TMOTOR_U15XL_KV38,52.0,MAD_24S_55Ah_solid_state,55000,24,58285.0,22265.0,36020.0,34459.0,40.80118694362018,False,1073.856843434497,60685.56526524002,-5685.565265240017,44.5,40.0,77.0,58.0,44.5,40.0
TailSitter_Quad_Compact,TMOTOR_U15XL_KV38,52.0,MAD_24S_100Ah_solid_state,100000,24,71922.0,22265.0,49657.0,42127.0,74.1839762611276,True,1079.5690791507636,67901.37525754368,32098.62474245632,47.5,40.0,80.5,62.5,47.5,40.0
TailSitter_Quad_Compact,TMOTOR_U15XL_KV38,52.0,12Sx2_series_24S_66Ah,66000,24,63017.0,22265.0,40752.0,36940.6,48.961424332344215,True,1074.4164362445235,63169.38677951324,2830.613220486761,45.5,40.0,78.5,59.5,45.5,40.0
TailSitter_Quad_Compact,TMOTOR_U15XL_KV38,52.0,12Sx4_2P2S_24S_132Ah,132000,24,84417.0,22265.0,62152.0,48794.2,79.76092176959611,True,1076.6220031996352,76848.23671166593,55151.76328833407,51.0,43.5,82.5,66.5,51.0,43.5
TailSitter_Quad_Compact,TMOTOR_U15XL_KV38,52.0,Farasis_24S1P_53Ah,53000,24,63318.0,22265.0,41053.0,25951.0,39.317507418397625,False,1075.1367755186593,63215.792937932194,-10215.792937932194,45.5,40.0,78.5,59.5,45.5,40.0
TailSitter_Quad_Compact,TMOTOR_U15XL_KV38,52.0,Farasis_24S2P_106Ah,106000,24,85019.0,22265.0,62754.0,26815.0,63.45236300281259,True,1077.742313234111,76899.49063213872,29100.509367861276,51.0,43.5,82.5,66.5,51.0,43.5
TailSitter_Quad_Compact,TMOTOR_U15XL_KV38,52.0,ZYE_UltraHV_24S_66Ah,66000,24,62617.0,22265.0,40352.0,27585.0,48.961424332344215,True,1073.8023292610367,63131.37008336711,2868.62991663289,45.5,40.0,78.5,59.5,45.5,40.0
TailSitter_Quad_Compact,TMOTOR_U15XL_KV38,52.0,Grepow_TARBG_24S_30Ah,30000,24,50962.0,22265.0,28697.0,30389.78,22.25519287833828,False,1072.7986503746872,57127.98348580828,-27127.983485808283,42.0,40.0,73.0,56.0,42.0,40.0
TailSitter_Quad_Compact,TMOTOR_U15XL_KV38,52.0,Amprius_SA08_24S1P_11Ah,11050,24,44317.0,22265.0,22052.0,29727.0,8.1973293768546,False,1071.2547574131042,54104.54462758629,-43054.54462758629,40.0,40.0,71.0,54.5,40.0,40.0
TailSitter_Quad_Compact,TMOTOR_U15XL_KV38,52.0,Amprius_SA08_24S2P_22Ah,22100,24,47017.0,22265.0,24752.0,34367.0,16.3946587537092,False,1072.449419808148,55192.363392379324,-33092.363392379324,40.5,40.0,72.0,55.0,40.5,40.0
TailSitter_Quad_Compact,TMOTOR_U15XL_KV38,52.0,Amprius_SA88_24S1P_10Ah,10500,24,44064.0,22265.0,21799.0,27031.0,7.7893175074183985,False,1070.9769540165491,54089.98930307444,-43589.98930307444,40.0,40.0,71.0,54.5,40.0,40.0
TailSitter_Quad_Compact,TMOTOR_U15XL_KV38,52.0,Amprius_SA88_24S2P_21Ah,21000,24,46510.0,22265.0,24245.0,28975.0,15.578635014836797,False,1071.8766565328215,55146.85510087264,-34146.85510087264,40.0,40.0,71.5,55.0,40.0,40.0
TailSitter_Quad_Compact,TMOTOR_U15XL_KV38,52.0,Grepow_NMC811_24S1P_87Ah,87000,24,64038.0,22265.0,41773.0,40465.12,64.54005934718101,True,1073.8442423178533,63956.29128571824,23043.70871428176,46.0,40.0,79.0,60.0,46.0,40.0
TailSitter_Quad_Compact,TMOTOR_U15XL_KV38,52.0,Grepow_NMC811_24S2P_24Ah,24000,24,48149.0,22265.0,25884.0,29329.239999999998,17.804154302670625,False,1071.5870846846246,56112.30733840635,-32112.307338406346,41.0,40.0,72.0,55.5,41.0,40.0
TailSitter_Quad_Compact,TMOTOR_U15XL_KV38,52.0,Amprius_SA88_24S4P_42Ah,42000,24,51405.0,22265.0,29140.0,32863.0,31.157270029673594,False,1071.655079210929,57954.82274864207,-15954.822748642073,42.0,40.0,73.5,56.5,42.0,40.0
TailSitter_Quad_Compact,TMOTOR_U15XL_KV38,52.0,Amprius_SA88_24S6P_63Ah,63000,24,56299.0,22265.0,34034.0,36751.0,46.73590504451039,True,1073.0621111449875,59796.66916342335,3203.3308365766497,44.0,40.0,76.0,57.5,44.0,40.0
TailSitter_Quad_Compact,TMOTOR_U15XL_KV38,52.0,Grepow_NMC811_small_24S4P_48Ah,48000,24,54681.0,22265.0,32416.0,33571.479999999996,35.60830860534125,False,1073.1064541494727,58942.59551747843,-10942.595517478432,43.5,40.0,75.0,57.0,43.5,40.0
TailSitter_Quad_Compact,TMOTOR_U15XXL_KV29,62.0,YANGDA_XTurbo_24S_44Ah,44000,24,59520.0,22490.0,37030.0,37387.0,28.241335044929397,False,1070.9483191568322,52913.69846858309,-8913.69846858309,40.0,40.0,66.5,55.0,40.0,40.0
TailSitter_Quad_Compact,TMOTOR_U15XXL_KV29,62.0,TATTU_NEO_24S_30Ah,30000,24,63690.0,22490.0,41200.0,35255.979999999996,19.25545571245186,False,1071.9925499010885,54288.84790465834,-24288.847904658338,41.0,40.0,67.0,55.5,41.0,40.0
TailSitter_Quad_Compact,TMOTOR_U15XXL_KV29,62.0,MAD_24S_55Ah_solid_state,55000,24,63358.0,22490.0,40868.0,38959.0,35.30166880616174,True,1071.9011397796141,54275.62803370207,724.3719662979274,41.0,40.0,66.5,55.5,41.0,40.0
TailSitter_Quad_Compact,TMOTOR_U15XXL_KV29,62.0,MAD_24S_100Ah_solid_state,100000,24,76995.0,22490.0,54505.0,46627.0,64.18485237483954,True,1073.4587741590742,60186.968169156324,39813.031830843676,46.0,40.0,68.5,57.5,46.0,40.0
TailSitter_Quad_Compact,TMOTOR_U15XXL_KV29,62.0,12Sx2_series_24S_66Ah,66000,24,68090.0,22490.0,45600.0,41440.6,42.36200256739409,True,1073.4979558974696,55783.660398268505,10216.339601731495,43.0,40.0,67.5,56.0,43.0,40.0
TailSitter_Quad_Compact,TMOTOR_U15XXL_KV29,62.0,12Sx4_2P2S_24S_132Ah,132000,24,89490.0,22490.0,67000.0,53294.2,84.72400513478819,True,1075.7337252190375,65884.20417356226,66115.79582643774,50.0,40.0,73.5,59.5,50.0,40.0
TailSitter_Quad_Compact,TMOTOR_U15XXL_KV29,62.0,Farasis_24S1P_53Ah,53000,24,68391.0,22490.0,45901.0,30451.0,34.017971758664956,False,1074.3710516534388,55834.16206160305,-2834.1620616030486,43.0,40.0,67.5,56.0,43.0,40.0
TailSitter_Quad_Compact,TMOTOR_U15XXL_KV29,62.0,Farasis_24S2P_106Ah,106000,24,90092.0,22490.0,67602.0,31315.0,68.03594351732991,True,1076.5890883249658,65934.34070873927,40065.65929126073,50.0,40.0,73.5,59.5,50.0,40.0
TailSitter_Quad_Compact,TMOTOR_U15XXL_KV29,62.0,ZYE_UltraHV_24S_66Ah,66000,24,67690.0,22490.0,45200.0,32085.0,42.36200256739409,True,1072.8502294982773,55747.04042330586,10252.959576694142,43.0,40.0,67.5,56.0,43.0,40.0
TailSitter_Quad_Compact,TMOTOR_U15XXL_KV29,62.0,Grepow_TARBG_24S_30Ah,30000,24,56035.0,22490.0,33545.0,34889.78,19.25545571245186,False,1073.083295565825,50501.25698875855,-20501.25698875855,40.0,40.0,66.0,54.0,40.0,40.0
TailSitter_Quad_Compact,TMOTOR_U15XXL_KV29,62.0,Amprius_SA08_24S1P_11Ah,11050,24,49390.0,22490.0,26900.0,34227.0,7.092426187419768,False,1070.4885425096345,47874.43433232748,-36824.43433232748,40.0,40.0,65.0,53.0,40.0,40.0
TailSitter_Quad_Compact,TMOTOR_U15XXL_KV29,62.0,Amprius_SA08_24S2P_22Ah,22100,24,52090.0,22490.0,29600.0,38867.0,14.184852374839537,False,1070.5364626790472,49114.9456573678,-27014.945657367804,40.0,40.0,65.5,53.5,40.0,40.0
TailSitter_Quad_Compact,TMOTOR_U15XXL_KV29,62.0,Amprius_SA88_24S1P_10Ah,10500,24,49137.0,22490.0,26647.0,31531.0,6.7394094993581515,False,1070.1333697139353,47857.185338255586,-37357.185338255586,40.0,40.0,65.0,53.0,40.0,40.0
TailSitter_Quad_Compact,TMOTOR_U15XXL_KV29,62.0,Amprius_SA88_24S2P_21Ah,21000,24,51583.0,22490.0,29093.0,33475.0,13.478818998716303,False,1070.0483156834623,49091.09277230699,-28091.09277230699,40.0,40.0,65.5,53.5,40.0,40.0
TailSitter_Quad_Compact,TMOTOR_U15XXL_KV29,62.0,Grepow_NMC811_24S1P_87Ah,87000,24,69111.0,22490.0,46621.0,44965.12,55.84082156611039,True,1071.9609765488315,57130.80009369482,29869.199906305177,43.5,40.0,67.5,56.5,43.5,40.0
TailSitter_Quad_Compact,TMOTOR_U15XXL_KV29,62.0,Grepow_NMC811_24S2P_24Ah,24000,24,53222.0,22490.0,30732.0,33829.24,15.404364569961489,False,1069.7617725073123,50326.609167879324,-26326.609167879324,40.0,40.0,65.5,54.0,40.0,40.0
TailSitter_Quad_Compact,TMOTOR_U15XXL_KV29,62.0,Amprius_SA88_24S4P_42Ah,42000,24,56478.0,22490.0,33988.0,37363.0,26.957637997432606,False,1070.3991254141094,51621.07439365589,-9621.074393655887,40.0,40.0,66.0,54.5,40.0,40.0
TailSitter_Quad_Compact,TMOTOR_U15XXL_KV29,62.0,Amprius_SA88_24S6P_63Ah,63000,24,61372.0,22490.0,38882.0,41251.0,40.436456996148905,True,1072.4715581556002,52990.91300490665,10009.086995093348,40.0,40.0,66.5,55.0,40.0,40.0
TailSitter_Quad_Compact,TMOTOR_U15XXL_KV29,62.0,Grepow_NMC811_small_24S4P_48Ah,48000,24,59754.0,22490.0,37264.0,38071.479999999996,30.808729139922978,False,1071.0891111909011,52920.57586402021,-4920.575864020211,40.0,40.0,66.5,55.0,40.0,40.0
TailSitter_Quad_Balanced,HOBBYWING_H13MD_coaxial_axis,54.0,YANGDA_XTurbo_24S_44Ah,44000,24,48120.0,23810.0,24310.0,7800.0,31.89619271424585,False,1070.5648471706754,54528.724716633515,-10528.724716633515,40.0,40.0,72.0,60.5,40.0,40.0
TailSitter_Quad_Balanced,HOBBYWING_H13MD_coaxial_axis,54.0,TATTU_NEO_24S_30Ah,30000,24,52290.0,23810.0,28480.0,5668.98,21.747404123349444,False,1070.6928978693343,57184.929942740746,-27184.929942740746,42.0,40.0,73.0,61.5,42.0,40.0
TailSitter_Quad_Balanced,HOBBYWING_H13MD_coaxial_axis,54.0,MAD_24S_55Ah_solid_state,55000,24,51958.0,23810.0,28148.0,9372.0,39.87024089280731,False,1072.4256156617523,55973.497717639766,-973.497717639766,42.0,40.0,73.0,61.0,42.0,40.0
TailSitter_Quad_Balanced,HOBBYWING_H13MD_coaxial_axis,54.0,MAD_24S_100Ah_solid_state,100000,24,65595.0,23810.0,41785.0,17040.0,72.49134707783148,True,1073.6022939398492,62847.115302670565,37152.884697329435,51.0,40.0,75.5,63.5,51.0,40.0
TailSitter_Quad_Balanced,HOBBYWING_H13MD_coaxial_axis,54.0,12Sx2_series_24S_66Ah,66000,24,56690.0,23810.0,32880.0,11853.6,47.84428907136877,True,1071.804956738435,58608.96292984774,7391.0370701522625,45.5,40.0,74.0,62.0,45.5,40.0
TailSitter_Quad_Balanced,HOBBYWING_H13MD_coaxial_axis,54.0,12Sx4_2P2S_24S_132Ah,132000,24,78090.0,23810.0,54280.0,23707.2,94.41084738327147,True,1076.4670783360184,70269.42726220368,61730.57273779632,54.0,41.0,77.5,66.0,54.0,41.0
TailSitter_Quad_Balanced,HOBBYWING_H13MD_coaxial_axis,54.0,Farasis_24S1P_53Ah,53000,24,56991.0,23810.0,33181.0,864.0,38.42041395125068,False,1072.0576475680696,58629.98974517657,-5629.989745176572,46.0,40.0,74.0,62.0,46.0,40.0
TailSitter_Quad_Balanced,HOBBYWING_H13MD_coaxial_axis,54.0,Farasis_24S2P_106Ah,106000,24,78692.0,23810.0,54882.0,1728.0,75.03606193732853,True,1076.3707471817302,70359.6251250806,35640.374874919406,54.5,41.5,78.0,66.0,54.5,41.5
TailSitter_Quad_Balanced,HOBBYWING_H13MD_coaxial_axis,54.0,ZYE_UltraHV_24S_66Ah,66000,24,56290.0,23810.0,32480.0,2498.0,47.84428907136877,True,1071.4323809869811,58588.01957292951,7411.980427070492,45.5,40.0,74.0,62.0,45.5,40.0
TailSitter_Quad_Balanced,HOBBYWING_H13MD_coaxial_axis,54.0,Grepow_TARBG_24S_30Ah,30000,24,44635.0,23810.0,20825.0,5302.78,21.747404123349444,False,1069.4616034641242,53122.704784133515,-23122.704784133515,40.0,40.0,71.5,60.0,40.0,40.0
TailSitter_Quad_Balanced,HOBBYWING_H13MD_coaxial_axis,54.0,Amprius_SA08_24S1P_11Ah,11050,24,37990.0,23810.0,14180.0,4640.0,8.010293852100379,False,1067.9319118664748,50288.65864871875,-39238.65864871875,40.0,40.0,70.0,59.0,40.0,40.0
TailSitter_Quad_Balanced,HOBBYWING_H13MD_coaxial_axis,54.0,Amprius_SA08_24S2P_22Ah,22100,24,40690.0,23810.0,16880.0,9280.0,16.020587704200757,False,1068.3792220703726,51694.94958047975,-29594.949580479748,40.0,40.0,70.5,59.5,40.0,40.0
TailSitter_Quad_Balanced,HOBBYWING_H13MD_coaxial_axis,54.0,Amprius_SA88_24S1P_10Ah,10500,24,37737.0,23810.0,13927.0,1944.0,7.611591443172305,False,1067.8120410970944,50283.130288291446,-39783.130288291446,40.0,40.0,70.0,59.0,40.0,40.0
TailSitter_Quad_Balanced,HOBBYWING_H13MD_coaxial_axis,54.0,Amprius_SA88_24S2P_21Ah,21000,24,40183.0,23810.0,16373.0,3888.0,15.22318288634461,False,1069.546620133058,50371.713370483674,-29371.713370483674,40.0,40.0,70.5,59.0,40.0,40.0
TailSitter_Quad_Balanced,HOBBYWING_H13MD_coaxial_axis,54.0,Grepow_NMC811_24S1P_87Ah,87000,24,57711.0,23810.0,33901.0,15378.12,63.06747195771338,True,1071.0718624915085,59913.96441922231,27086.035580777687,46.5,40.0,74.0,62.5,46.5,40.0
TailSitter_Quad_Balanced,HOBBYWING_H13MD_coaxial_axis,54.0,Grepow_NMC811_24S2P_24Ah,24000,24,41822.0,23810.0,18012.0,4242.24,17.397923298679554,False,1068.9159065871147,51724.20983150469,-27724.20983150469,40.0,40.0,71.0,59.5,40.0,40.0
TailSitter_Quad_Balanced,HOBBYWING_H13MD_coaxial_axis,54.0,Amprius_SA88_24S4P_42Ah,42000,24,45078.0,23810.0,21268.0,7776.0,30.44636577268922,False,1069.7648504115157,53137.77145658462,-11137.771456584618,40.0,40.0,71.5,60.0,40.0,40.0
TailSitter_Quad_Balanced,HOBBYWING_H13MD_coaxial_axis,54.0,Amprius_SA88_24S6P_63Ah,63000,24,49972.0,23810.0,26162.0,11664.0,45.66954865903383,True,1070.582084223776,55851.69168366747,7148.308316332528,40.0,40.0,72.5,61.0,40.0,40.0
TailSitter_Quad_Balanced,HOBBYWING_H13MD_coaxial_axis,54.0,Grepow_NMC811_small_24S4P_48Ah,48000,24,48354.0,23810.0,24544.0,8484.48,34.79584659735911,False,1070.7766185819594,54539.742715881795,-6539.742715881795,40.0,40.0,72.0,60.5,40.0,40.0
TailSitter_Quad_Balanced,HOBBYWING_H15MD_PLUS_coaxial_axis,73.0,YANGDA_XTurbo_24S_44Ah,44000,24,58667.5,24237.5,34430.0,7800.0,19.570535448390952,False,1067.0886629074728,49142.873302750995,-5142.873302750995,40.0,40.0,51.5,43.5,40.0,40.0
TailSitter_Quad_Balanced,HOBBYWING_H15MD_PLUS_coaxial_axis,73.0,TATTU_NEO_24S_30Ah,30000,24,62837.5,24237.5,38600.0,5668.98,13.343546896630194,False,1067.5263407447808,50655.81748581304,-20655.817485813037,40.0,40.0,52.0,44.0,40.0,40.0
TailSitter_Quad_Balanced,HOBBYWING_H15MD_PLUS_coaxial_axis,73.0,MAD_24S_55Ah_solid_state,55000,24,62505.5,24237.5,38268.0,9372.0,24.463169310488688,True,1069.2411657966218,49253.087430319996,5746.912569680004,40.0,40.0,52.0,43.5,40.0,40.0
TailSitter_Quad_Balanced,HOBBYWING_H15MD_PLUS_coaxial_axis,73.0,MAD_24S_100Ah_solid_state,100000,24,76142.5,24237.5,51905.0,17040.0,44.47848965543398,True,1069.059595417231,55446.87318379339,44553.12681620661,40.0,40.0,54.0,45.5,40.0,40.0
TailSitter_Quad_Balanced,HOBBYWING_H15MD_PLUS_coaxial_axis,73.0,12Sx2_series_24S_66Ah,66000,24,67237.5,24237.5,43000.0,11853.6,29.355803172586427,True,1068.0457440570758,52209.099466398366,13790.900533601634,40.0,40.0,52.5,44.5,40.0,40.0
TailSitter_Quad_Balanced,HOBBYWING_H15MD_PLUS_coaxial_axis,73.0,12Sx4_2P2S_24S_132Ah,132000,24,88637.5,24237.5,64400.0,23707.2,58.711606345172854,True,1072.6059843385526,58985.714806793236,73014.28519320677,40.0,40.0,55.5,46.5,40.0,40.0
TailSitter_Quad_Balanced,HOBBYWING_H15MD_PLUS_coaxial_axis,73.0,Farasis_24S1P_53Ah,53000,24,67538.5,24237.5,43301.0,864.0,23.57359951738001,True,1068.146953287848,52214.2822160593,785.7177839407013,40.0,40.0,52.5,44.5,40.0,40.0
TailSitter_Quad_Balanced,HOBBYWING_H15MD_PLUS_coaxial_axis,73.0,Farasis_24S2P_106Ah,106000,24,89239.5,24237.5,65002.0,1728.0,47.14719903476002,True,1070.830152446824,60607.66667715996,45392.33332284004,40.0,40.0,55.5,47.0,40.0,40.0
TailSitter_Quad_Balanced,HOBBYWING_H15MD_PLUS_coaxial_axis,73.0,ZYE_UltraHV_24S_66Ah,66000,24,66837.5,24237.5,42600.0,2498.0,29.355803172586427,True,1069.9411431622646,50782.427351078644,15217.572648921356,40.0,40.0,52.5,44.0,40.0,40.0
TailSitter_Quad_Balanced,HOBBYWING_H15MD_PLUS_coaxial_axis,73.0,Grepow_TARBG_24S_30Ah,30000,24,55182.5,24237.5,30945.0,5302.78,13.343546896630194,False,1066.8782261960703,47675.22133851867,-17675.22133851867,40.0,40.0,51.0,43.0,40.0,40.0
TailSitter_Quad_Balanced,HOBBYWING_H15MD_PLUS_coaxial_axis,73.0,Amprius_SA08_24S1P_11Ah,11050,24,48537.5,24237.5,24300.0,4640.0,4.914873106925454,False,1066.6472748499714,44895.4940125322,-33845.4940125322,40.0,40.0,50.0,42.0,40.0,40.0
TailSitter_Quad_Balanced,HOBBYWING_H15MD_PLUS_coaxial_axis,73.0,Amprius_SA08_24S2P_22Ah,22100,24,51237.5,24237.5,27000.0,9280.0,9.829746213850909,False,1066.5142485311537,46245.70659692702,-24145.70659692702,40.0,40.0,50.5,42.5,40.0,40.0
TailSitter_Quad_Balanced,HOBBYWING_H15MD_PLUS_coaxial_axis,73.0,Amprius_SA88_24S1P_10Ah,10500,24,48284.5,24237.5,24047.0,1944.0,4.670241413820568,False,1066.5288225276183,44890.190968071256,-34390.190968071256,40.0,40.0,50.0,42.0,40.0,40.0
TailSitter_Quad_Balanced,HOBBYWING_H15MD_PLUS_coaxial_axis,73.0,Amprius_SA88_24S2P_21Ah,21000,24,50730.5,24237.5,26493.0,3888.0,9.340482827641136,False,1066.450295151654,46237.77061820899,-25237.77061820899,40.0,40.0,50.0,42.5,40.0,40.0
TailSitter_Quad_Balanced,HOBBYWING_H15MD_PLUS_coaxial_axis,73.0,Grepow_NMC811_24S1P_87Ah,87000,24,68258.5,24237.5,44021.0,15378.12,38.69628600022756,True,1068.3093059683679,52227.80710624181,34772.19289375819,40.0,40.0,53.0,44.5,40.0,40.0
TailSitter_Quad_Balanced,HOBBYWING_H15MD_PLUS_coaxial_axis,73.0,Grepow_NMC811_24S2P_24Ah,24000,24,52369.5,24237.5,28132.0,4242.24,10.674837517304155,False,1066.9674274880117,46266.65509733755,-22266.65509733755,40.0,40.0,50.5,42.5,40.0,40.0
TailSitter_Quad_Balanced,HOBBYWING_H15MD_PLUS_coaxial_axis,73.0,Amprius_SA88_24S4P_42Ah,42000,24,55625.5,24237.5,31388.0,7776.0,18.68096565528227,False,1067.0377221038275,47682.811055789505,-5682.811055789505,40.0,40.0,51.0,43.0,40.0,40.0
TailSitter_Quad_Balanced,HOBBYWING_H15MD_PLUS_coaxial_axis,73.0,Amprius_SA88_24S6P_63Ah,63000,24,60519.5,24237.5,36282.0,11664.0,28.021448482923407,True,1067.777761598309,49176.53607070649,13823.46392929351,40.0,40.0,51.5,43.5,40.0,40.0
TailSitter_Quad_Balanced,HOBBYWING_H15MD_PLUS_coaxial_axis,73.0,Grepow_NMC811_small_24S4P_48Ah,48000,24,58901.5,24237.5,34664.0,8484.48,21.34967503460831,False,1067.163205985679,49146.5147791299,-1146.5147791299023,40.0,40.0,51.5,43.5,40.0,40.0
TailSitter_Quad_Balanced,HOBBYWING_H15MD_coaxial_axis,64.0,YANGDA_XTurbo_24S_44Ah,44000,24,52201.0,24035.0,28166.0,7800.0,23.409821106542246,False,1067.950286098565,48722.45277262136,-4722.452772621356,40.0,40.0,54.0,46.0,40.0,40.0
TailSitter_Quad_Balanced,HOBBYWING_H15MD_coaxial_axis,64.0,TATTU_NEO_24S_30Ah,30000,24,56371.0,24035.0,32336.0,5668.98,15.961241663551531,False,1068.6203034653226,50279.120615801905,-20279.120615801905,40.0,40.0,54.5,46.5,40.0,40.0
TailSitter_Quad_Balanced,HOBBYWING_H15MD_coaxial_axis,64.0,MAD_24S_55Ah_solid_state,55000,24,56039.0,24035.0,32004.0,9372.0,29.26227638317781,True,1068.4474852072397,50270.573193147386,4729.426806852614,40.0,40.0,54.5,46.5,40.0,40.0
TailSitter_Quad_Balanced,HOBBYWING_H15MD_coaxial_axis,64.0,MAD_24S_100Ah_solid_state,100000,24,69676.0,24035.0,45641.0,17040.0,53.204138878505105,True,1071.476567112099,55257.591145231,44742.408854769,40.0,40.0,56.5,48.0,40.0,40.0
TailSitter_Quad_Balanced,HOBBYWING_H15MD_coaxial_axis,64.0,12Sx2_series_24S_66Ah,66000,24,60771.0,24035.0,36736.0,11853.6,35.11473165981337,True,1069.4634193541767,51887.04817656431,14112.951823435687,40.0,40.0,55.0,47.0,40.0,40.0
TailSitter_Quad_Balanced,HOBBYWING_H15MD_coaxial_axis,64.0,12Sx4_2P2S_24S_132Ah,132000,24,82171.0,24035.0,58136.0,23707.2,70.22946331962675,True,1073.0163161488706,60630.26865442207,71369.73134557792,41.5,40.0,58.5,49.5,41.5,40.0
TailSitter_Quad_Balanced,HOBBYWING_H15MD_coaxial_axis,64.0,Farasis_24S1P_53Ah,53000,24,61072.0,24035.0,37037.0,864.0,28.198193605607706,True,1069.6865794133619,51898.53784785398,1101.4621521460213,40.0,40.0,55.0,47.0,40.0,40.0
TailSitter_Quad_Balanced,HOBBYWING_H15MD_coaxial_axis,64.0,Farasis_24S2P_106Ah,106000,24,82773.0,24035.0,58738.0,1728.0,56.39638721121541,True,1071.470374999782,62365.01056471872,43634.98943528128,41.5,40.0,58.5,50.0,41.5,40.0
TailSitter_Quad_Balanced,HOBBYWING_H15MD_coaxial_axis,64.0,ZYE_UltraHV_24S_66Ah,66000,24,60371.0,24035.0,36336.0,2498.0,35.11473165981337,True,1069.21255148177,51874.22530512035,14125.774694879648,40.0,40.0,55.0,47.0,40.0,40.0
TailSitter_Quad_Balanced,HOBBYWING_H15MD_coaxial_axis,64.0,Grepow_TARBG_24S_30Ah,30000,24,48716.0,24035.0,24681.0,5302.78,15.961241663551531,False,1067.6312186725131,47223.252612586766,-17223.252612586766,40.0,40.0,53.5,45.5,40.0,40.0
TailSitter_Quad_Balanced,HOBBYWING_H15MD_coaxial_axis,64.0,Amprius_SA08_24S1P_11Ah,11050,24,42071.0,24035.0,18036.0,4640.0,5.879057346074815,False,1067.2278326726444,44348.82644573656,-33298.82644573656,40.0,40.0,52.5,44.5,40.0,40.0
TailSitter_Quad_Balanced,HOBBYWING_H15MD_coaxial_axis,64.0,Amprius_SA08_24S2P_22Ah,22100,24,44771.0,24035.0,20736.0,9280.0,11.75811469214963,False,1067.0723445474034,45751.38142881328,-23651.381428813278,40.0,40.0,53.0,45.0,40.0,40.0
TailSitter_Quad_Balanced,HOBBYWING_H15MD_coaxial_axis,64.0,Amprius_SA88_24S1P_10Ah,10500,24,41818.0,24035.0,17783.0,1944.0,5.586434582243036,False,1067.048561115083,44340.86201332874,-33840.86201332874,40.0,40.0,52.5,44.5,40.0,40.0
TailSitter_Quad_Balanced,HOBBYWING_H15MD_coaxial_axis,64.0,Amprius_SA88_24S2P_21Ah,21000,24,44264.0,24035.0,20229.0,3888.0,11.172869164486071,False,1066.8405595335166,45740.82589156766,-24740.825891567663,40.0,40.0,53.0,45.0,40.0,40.0
TailSitter_Quad_Balanced,HOBBYWING_H15MD_coaxial_axis,64.0,Grepow_NMC811_24S1P_87Ah,87000,24,61792.0,24035.0,37757.0,15378.12,46.28760082429944,True,1070.3790282848477,51940.32338776467,35059.67661223533,40.0,40.0,55.5,47.0,40.0,40.0
TailSitter_Quad_Balanced,HOBBYWING_H15MD_coaxial_axis,64.0,Grepow_NMC811_24S2P_24Ah,24000,24,45903.0,24035.0,21868.0,4242.24,12.768993330841225,False,1067.785631721198,45784.03022777352,-21784.030227773517,40.0,40.0,53.0,45.0,40.0,40.0
TailSitter_Quad_Balanced,HOBBYWING_H15MD_coaxial_axis,64.0,Amprius_SA88_24S4P_42Ah,42000,24,49159.0,24035.0,25124.0,7776.0,22.345738328972143,False,1067.8890818342861,47235.39037209553,-5235.390372095528,40.0,40.0,53.5,45.5,40.0,40.0
TailSitter_Quad_Balanced,HOBBYWING_H15MD_coaxial_axis,64.0,Amprius_SA88_24S6P_63Ah,63000,24,54053.0,24035.0,30018.0,11664.0,33.51860749345822,True,1069.4533808161243,48795.82641546484,14204.173584535158,40.0,40.0,54.0,46.0,40.0,40.0
TailSitter_Quad_Balanced,HOBBYWING_H15MD_coaxial_axis,64.0,Grepow_NMC811_small_24S4P_48Ah,48000,24,52435.0,24035.0,28400.0,8484.48,25.53798666168245,False,1068.0687229118948,48728.15883143129,-728.1588314312903,40.0,40.0,54.0,46.0,40.0,40.0
TailSitter_Quad_Balanced,M50C35_PRO_EEE_34kv,30.0,YANGDA_XTurbo_24S_44Ah,44000,24,43300.0,23270.0,20030.0,11200.0,28.16619373703088,False,1068.7573419631071,45819.81904276061,-1819.8190427606096,40.0,40.0,61.5,50.5,40.0,40.0
TailSitter_Quad_Balanced,M50C35_PRO_EEE_34kv,30.0,TATTU_NEO_24S_30Ah,30000,24,47470.0,23270.0,24200.0,9068.98,19.204223002521054,False,1068.7131596911595,47825.24111793849,-17825.241117938487,40.0,40.0,62.5,51.5,40.0,40.0
TailSitter_Quad_Balanced,M50C35_PRO_EEE_34kv,30.0,MAD_24S_55Ah_solid_state,55000,24,47138.0,23270.0,23868.0,12772.0,35.2077421712886,True,1068.5193159183345,47816.219154124454,7183.780845875546,40.0,40.0,62.5,51.5,40.0,40.0
TailSitter_Quad_Balanced,M50C35_PRO_EEE_34kv,30.0,MAD_24S_100Ah_solid_state,100000,24,60775.0,23270.0,37505.0,20440.0,64.01407667507019,True,1070.9114137800902,53512.05576329652,46487.94423670348,40.0,40.0,65.5,54.0,40.0,40.0
TailSitter_Quad_Balanced,M50C35_PRO_EEE_34kv,30.0,12Sx2_series_24S_66Ah,66000,24,51870.0,23270.0,28600.0,15253.6,42.24929060554632,True,1069.0846858673099,49985.64644248136,16014.35355751864,40.0,40.0,63.5,52.5,40.0,40.0
TailSitter_Quad_Balanced,M50C35_PRO_EEE_34kv,30.0,12Sx4_2P2S_24S_132Ah,132000,24,73270.0,23270.0,50000.0,27107.2,84.49858121109264,True,1072.6087975957107,58600.13802407021,73399.86197592979,43.5,40.0,68.0,56.0,43.5,40.0
TailSitter_Quad_Balanced,M50C35_PRO_EEE_34kv,30.0,Farasis_24S1P_53Ah,53000,24,52171.0,23270.0,28901.0,4264.0,33.9274606377872,True,1069.234049098725,49992.67222164207,3007.3277783579324,40.0,40.0,63.5,52.5,40.0,40.0
TailSitter_Quad_Balanced,M50C35_PRO_EEE_34kv,30.0,Farasis_24S2P_106Ah,106000,24,73872.0,23270.0,50602.0,5128.0,67.8549212755744,True,1073.173994421544,58636.9151496026,47363.0848503974,43.5,40.0,68.5,56.0,43.5,40.0
TailSitter_Quad_Balanced,M50C35_PRO_EEE_34kv,30.0,ZYE_UltraHV_24S_66Ah,66000,24,51470.0,23270.0,28200.0,5898.0,42.24929060554632,True,1070.390195278073,48965.521804549775,17034.478195450225,40.0,40.0,63.5,52.0,40.0,40.0
TailSitter_Quad_Balanced,M50C35_PRO_EEE_34kv,30.0,Grepow_TARBG_24S_30Ah,30000,24,39815.0,23270.0,16545.0,8702.779999999999,19.204223002521054,False,1067.571644600159,44817.682260800975,-14817.682260800975,40.0,40.0,61.0,50.0,40.0,40.0
TailSitter_Quad_Balanced,M50C35_PRO_EEE_34kv,30.0,Amprius_SA08_24S1P_11Ah,11050,24,33170.0,23270.0,9900.0,8040.0,7.073555472595255,False,1067.1230587060986,42033.12527950502,-30983.125279505017,40.0,40.0,59.5,48.5,40.0,40.0
TailSitter_Quad_Balanced,M50C35_PRO_EEE_34kv,30.0,Amprius_SA08_24S2P_22Ah,22100,24,35870.0,23270.0,12600.0,12680.0,14.14711094519051,False,1067.7366103436516,42976.43953335242,-20876.439533352423,40.0,40.0,60.0,49.0,40.0,40.0
TailSitter_Quad_Balanced,M50C35_PRO_EEE_34kv,30.0,Amprius_SA88_24S1P_10Ah,10500,24,32917.0,23270.0,9647.0,5344.0,6.721478050882369,False,1066.8933865662855,42023.39309087316,-31523.393090873164,40.0,40.0,59.5,48.5,40.0,40.0
TailSitter_Quad_Balanced,M50C35_PRO_EEE_34kv,30.0,Amprius_SA88_24S2P_21Ah,21000,24,35363.0,23270.0,12093.0,7288.0,13.442956101764738,False,1067.2208760754997,42954.04410126317,-21954.04410126317,40.0,40.0,60.0,49.0,40.0,40.0
TailSitter_Quad_Balanced,M50C35_PRO_EEE_34kv,30.0,Grepow_NMC811_24S1P_87Ah,87000,24,52891.0,23270.0,29621.0,18778.120000000003,55.69224670731106,True,1069.6465104810004,50012.36795747426,36987.63204252574,40.0,40.0,63.5,52.5,40.0,40.0
TailSitter_Quad_Balanced,M50C35_PRO_EEE_34kv,30.0,Grepow_NMC811_24S2P_24Ah,24000,24,37002.0,23270.0,13732.0,7642.24,15.363378402016844,False,1067.0244790196573,43867.26436548177,-19867.264365481773,40.0,40.0,60.5,49.5,40.0,40.0
TailSitter_Quad_Balanced,M50C35_PRO_EEE_34kv,30.0,Amprius_SA88_24S4P_42Ah,42000,24,40258.0,23270.0,16988.0,11176.0,26.885912203529475,False,1067.8786776631446,44831.39030552975,-2831.3903055297487,40.0,40.0,61.0,50.0,40.0,40.0
TailSitter_Quad_Balanced,M50C35_PRO_EEE_34kv,30.0,Amprius_SA88_24S6P_63Ah,63000,24,45152.0,23270.0,21882.0,15064.0,40.328868305294215,True,1068.4995612817104,46793.73698021099,16206.26301978901,40.0,40.0,62.0,51.0,40.0,40.0
TailSitter_Quad_Balanced,M50C35_PRO_EEE_34kv,30.0,Grepow_NMC811_small_24S4P_48Ah,48000,24,43534.0,23270.0,20264.0,11884.48,30.726756804033688,True,1069.0955054780532,45835.604702895274,2164.3952971047256,40.0,40.0,61.5,50.5,40.0,40.0
TailSitter_Quad_Balanced,TMOTOR_U15L_KV43,47.0,YANGDA_XTurbo_24S_44Ah,44000,24,52162.5,23652.5,28510.0,25087.0,39.473684210526315,False,1072.7582897524771,62536.63656548521,-18536.636565485212,45.0,40.0,89.0,68.5,45.0,40.0
TailSitter_Quad_Balanced,TMOTOR_U15L_KV43,47.0,TATTU_NEO_24S_30Ah,30000,24,56332.5,23652.5,32680.0,22955.98,26.913875598086126,False,1073.2267459239156,65778.47694883295,-35778.47694883295,46.5,40.0,90.0,70.5,46.5,40.0
TailSitter_Quad_Balanced,TMOTOR_U15L_KV43,47.0,MAD_24S_55Ah_solid_state,55000,24,56000.5,23652.5,32348.0,26659.0,49.3421052631579,False,1074.757237559682,64672.79602499858,-9672.796024998577,46.0,40.0,90.0,70.0,46.0,40.0
TailSitter_Quad_Balanced,TMOTOR_U15L_KV43,47.0,MAD_24S_100Ah_solid_state,100000,24,69637.5,23652.5,45985.0,34327.0,73.20442345827664,True,1074.0922498381574,76083.80663912688,23916.19336087312,51.5,43.0,93.5,72.5,51.5,43.0
TailSitter_Quad_Balanced,TMOTOR_U15L_KV43,47.0,12Sx2_series_24S_66Ah,66000,24,60732.5,23652.5,37080.0,29140.6,58.039450947505905,False,1075.827842382682,67842.38807104553,-1842.3880710455269,48.0,40.5,91.0,71.0,48.0,40.5
TailSitter_Quad_Balanced,TMOTOR_U15L_KV43,47.0,12Sx4_2P2S_24S_132Ah,132000,24,82132.5,23652.5,58480.0,40994.2,77.23228913496857,True,1075.990188795078,82769.21991924045,49230.78008075955,58.5,46.0,100.0,73.5,58.5,46.0
TailSitter_Quad_Balanced,TMOTOR_U15L_KV43,47.0,Farasis_24S1P_53Ah,53000,24,61033.5,23652.5,37381.0,18151.0,46.30309166123952,False,1076.7716536010905,67891.5359953047,-14891.535995304701,48.0,40.5,91.0,71.0,48.0,40.5
TailSitter_Quad_Balanced,TMOTOR_U15L_KV43,47.0,Farasis_24S2P_106Ah,106000,24,82734.5,23652.5,59082.0,19015.0,61.3956275865891,True,1077.1190947791144,82853.28414103645,23146.71585896355,59.0,46.0,100.0,73.5,59.0,46.0
TailSitter_Quad_Balanced,TMOTOR_U15L_KV43,47.0,ZYE_UltraHV_24S_66Ah,66000,24,60332.5,23652.5,36680.0,19785.0,58.54874370312215,False,1075.2445234792224,67802.05373279341,-1802.0537327934144,47.5,40.5,90.5,71.0,47.5,40.5
TailSitter_Quad_Balanced,TMOTOR_U15L_KV43,47.0,Grepow_TARBG_24S_30Ah,30000,24,48677.5,23652.5,25025.0,22589.78,26.913875598086126,False,1072.3688011980569,60222.38472840387,-30222.38472840387,43.5,40.0,88.0,66.0,43.5,40.0
TailSitter_Quad_Balanced,TMOTOR_U15L_KV43,47.0,Amprius_SA08_24S1P_11Ah,11050,24,42032.5,23652.5,18380.0,21927.0,9.913277511961724,False,1070.8019605869813,56968.96871126937,-45918.96871126937,41.5,40.0,82.5,64.0,41.5,40.0
TailSitter_Quad_Balanced,TMOTOR_U15L_KV43,47.0,Amprius_SA08_24S2P_22Ah,22100,24,44732.5,23652.5,21080.0,26567.0,19.826555023923447,False,1071.4601425882163,58059.36502337922,-35959.36502337922,42.5,40.0,84.5,64.5,42.5,40.0
TailSitter_Quad_Balanced,TMOTOR_U15L_KV43,47.0,Amprius_SA88_24S1P_10Ah,10500,24,41779.5,23652.5,18127.0,19231.0,9.419856459330145,False,1070.6287268083397,56960.6778602913,-46460.6778602913,41.5,40.0,82.5,64.0,41.5,40.0
TailSitter_Quad_Balanced,TMOTOR_U15L_KV43,47.0,Amprius_SA88_24S2P_21Ah,21000,24,44225.5,23652.5,20573.0,21175.0,18.83971291866029,False,1071.2940014084502,58036.70058482043,-37036.70058482043,42.0,40.0,84.5,64.5,42.0,40.0
TailSitter_Quad_Balanced,TMOTOR_U15L_KV43,47.0,Grepow_NMC811_24S1P_87Ah,87000,24,61753.5,23652.5,38101.0,32665.120000000003,74.83163504164197,True,1073.9371187186666,70107.9881988525,16892.0118011475,48.5,41.0,91.0,71.5,48.5,41.0
TailSitter_Quad_Balanced,TMOTOR_U15L_KV43,47.0,Grepow_NMC811_24S2P_24Ah,24000,24,45864.5,23652.5,22212.0,21529.239999999998,21.5311004784689,False,1071.2734777376447,58910.65320342093,-34910.65320342093,43.0,40.0,86.5,65.0,43.0,40.0
TailSitter_Quad_Balanced,TMOTOR_U15L_KV43,47.0,Amprius_SA88_24S4P_42Ah,42000,24,49120.5,23652.5,25468.0,25063.0,37.67942583732058,False,1072.8550645817556,60266.78413241744,-18266.784132417437,44.0,40.0,88.0,66.0,44.0,40.0
TailSitter_Quad_Balanced,TMOTOR_U15L_KV43,47.0,Amprius_SA88_24S6P_63Ah,63000,24,54014.5,23652.5,30362.0,28951.0,56.51913875598086,False,1073.1743247617628,63776.73000296415,-776.7300029641483,45.5,40.0,89.5,69.5,45.5,40.0
TailSitter_Quad_Balanced,TMOTOR_U15L_KV43,47.0,Grepow_NMC811_small_24S4P_48Ah,48000,24,52396.5,23652.5,28744.0,25771.48,43.0622009569378,False,1073.072748467384,62555.39910428899,-14555.39910428899,45.0,40.0,89.0,68.5,45.0,40.0
TailSitter_Quad_Balanced,TMOTOR_U15XL_KV38,52.0,YANGDA_XTurbo_24S_44Ah,44000,24,55947.0,23765.0,32182.0,32887.0,32.640949554896146,False,1071.952674042319,59718.702451580335,-15718.702451580335,43.5,40.0,76.0,57.5,43.5,40.0
TailSitter_Quad_Balanced,TMOTOR_U15XL_KV38,52.0,TATTU_NEO_24S_30Ah,30000,24,60117.0,23765.0,36352.0,30755.98,22.25519287833828,False,1073.327702816493,61482.08861762327,-31482.088617623267,45.0,40.0,77.5,58.5,45.0,40.0
TailSitter_Quad_Balanced,TMOTOR_U15XL_KV38,52.0,MAD_24S_55Ah_solid_state,55000,24,59785.0,23765.0,36020.0,34459.0,40.80118694362018,False,1072.6953552651266,61442.348561682506,-6442.3485616825055,45.0,40.0,77.5,58.5,45.0,40.0
TailSitter_Quad_Balanced,TMOTOR_U15XL_KV38,52.0,MAD_24S_100Ah_solid_state,100000,24,73422.0,23765.0,49657.0,42127.0,72.51691756699707,True,1077.0925092312536,68711.51050700646,31288.48949299354,48.0,40.5,81.0,63.0,48.0,40.5
TailSitter_Quad_Balanced,TMOTOR_U15XL_KV38,52.0,12Sx2_series_24S_66Ah,66000,24,64517.0,23765.0,40752.0,36940.6,48.961424332344215,True,1073.425349996067,63934.92955843224,2065.070441567761,46.0,40.0,79.0,60.0,46.0,40.0
TailSitter_Quad_Balanced,TMOTOR_U15XL_KV38,52.0,12Sx4_2P2S_24S_132Ah,132000,24,85917.0,23765.0,62152.0,48794.2,77.92533117946022,True,1075.528375544655,77051.49738584847,54948.502614151526,51.5,44.0,83.0,66.5,51.5,44.0
TailSitter_Quad_Balanced,TMOTOR_U15XL_KV38,52.0,Farasis_24S1P_53Ah,53000,24,64818.0,23765.0,41053.0,25951.0,39.317507418397625,False,1073.8796105021893,63963.380030253575,-10963.380030253575,46.0,40.0,79.0,60.0,46.0,40.0
TailSitter_Quad_Balanced,TMOTOR_U15XL_KV38,52.0,Farasis_24S2P_106Ah,106000,24,86519.0,23765.0,62754.0,26815.0,61.99971809085787,True,1076.658032682027,77124.7655609483,28875.234439051696,51.5,44.0,83.0,66.5,51.5,44.0
TailSitter_Quad_Balanced,TMOTOR_U15XL_KV38,52.0,ZYE_UltraHV_24S_66Ah,66000,24,64117.0,23765.0,40352.0,27585.0,48.961424332344215,True,1072.9796359740387,63908.08053954474,2091.9194604552613,46.0,40.0,79.0,60.0,46.0,40.0
TailSitter_Quad_Balanced,TMOTOR_U15XL_KV38,52.0,Grepow_TARBG_24S_30Ah,30000,24,52462.0,23765.0,28697.0,30389.78,22.25519287833828,False,1071.6780407756912,57965.14177021966,-27965.141770219663,42.5,40.0,73.5,56.5,42.5,40.0
TailSitter_Quad_Balanced,TMOTOR_U15XL_KV38,52.0,Amprius_SA08_24S1P_11Ah,11050,24,45817.0,23765.0,22052.0,29727.0,8.1973293768546,False,1070.5686313975368,55075.75524235446,-44025.75524235446,40.0,40.0,71.5,55.0,40.0,40.0
TailSitter_Quad_Balanced,TMOTOR_U15XL_KV38,52.0,Amprius_SA08_24S2P_22Ah,22100,24,48517.0,23765.0,24752.0,34367.0,16.3946587537092,False,1071.1983640903961,56091.38098345219,-33991.38098345219,41.0,40.0,72.5,55.5,41.0,40.0
TailSitter_Quad_Balanced,TMOTOR_U15XL_KV38,52.0,Amprius_SA88_24S1P_10Ah,10500,24,45564.0,23765.0,21799.0,27031.0,7.7893175074183985,False,1070.3941611890762,55067.18980546025,-44567.18980546025,40.0,40.0,71.5,55.0,40.0,40.0
TailSitter_Quad_Balanced,TMOTOR_U15XL_KV38,52.0,Amprius_SA88_24S2P_21Ah,21000,24,48010.0,23765.0,24245.0,28975.0,15.578635014836797,False,1070.8164992021736,56068.72084775721,-35068.72084775721,41.0,40.0,72.0,55.5,41.0,40.0
TailSitter_Quad_Balanced,TMOTOR_U15XL_KV38,52.0,Grepow_NMC811_24S1P_87Ah,87000,24,65538.0,23765.0,41773.0,40465.12,64.54005934718101,True,1073.3554639034933,64715.47081718827,22284.529182811733,46.0,40.0,79.5,60.5,46.0,40.0
TailSitter_Quad_Balanced,TMOTOR_U15XL_KV38,52.0,Grepow_NMC811_24S2P_24Ah,24000,24,49649.0,23765.0,25884.0,29329.239999999998,17.804154302670625,False,1070.8902862149257,57006.60913255786,-33006.60913255786,41.5,40.0,72.5,56.0,41.5,40.0
TailSitter_Quad_Balanced,TMOTOR_U15XL_KV38,52.0,Amprius_SA88_24S4P_42Ah,42000,24,52905.0,23765.0,29140.0,32863.0,31.157270029673594,False,1071.9908604719903,57997.80704448699,-15997.807044486988,43.0,40.0,74.0,56.5,43.0,40.0
TailSitter_Quad_Balanced,TMOTOR_U15XL_KV38,52.0,Amprius_SA88_24S6P_63Ah,63000,24,57799.0,23765.0,34034.0,36751.0,46.73590504451039,True,1072.0765231766434,60578.619783416536,2421.380216583464,44.5,40.0,77.0,58.0,44.5,40.0
TailSitter_Quad_Balanced,TMOTOR_U15XL_KV38,52.0,Grepow_NMC811_small_24S4P_48Ah,48000,24,56181.0,23765.0,32416.0,33571.479999999996,35.60830860534125,False,1071.9859030506195,59733.2194956389,-11733.2194956389,44.0,40.0,76.0,57.5,44.0,40.0
TailSitter_Quad_Balanced,TMOTOR_U15XXL_KV29,62.0,YANGDA_XTurbo_24S_44Ah,44000,24,61020.0,23990.0,37030.0,37387.0,28.241335044929397,False,1071.3475402082258,52931.50173670777,-8931.501736707767,40.0,40.0,66.5,55.0,40.0,40.0
TailSitter_Quad_Balanced,TMOTOR_U15XXL_KV29,62.0,TATTU_NEO_24S_30Ah,30000,24,65190.0,23990.0,41200.0,35255.979999999996,19.25545571245186,False,1072.8407607298482,54350.189950631095,-24350.189950631095,42.0,40.0,67.0,55.5,42.0,40.0
TailSitter_Quad_Balanced,TMOTOR_U15XXL_KV29,62.0,MAD_24S_55Ah_solid_state,55000,24,64858.0,23990.0,40868.0,38959.0,35.30166880616174,True,1072.296755397087,54312.07062153104,687.929378468958,41.5,40.0,67.0,55.5,41.5,40.0
TailSitter_Quad_Balanced,TMOTOR_U15XXL_KV29,62.0,MAD_24S_100Ah_solid_state,100000,24,78495.0,23990.0,54505.0,46627.0,64.18485237483954,True,1072.1360730841304,61575.87576908292,38424.12423091708,46.5,40.0,69.0,58.0,46.5,40.0
TailSitter_Quad_Balanced,TMOTOR_U15XXL_KV29,62.0,12Sx2_series_24S_66Ah,66000,24,69590.0,23990.0,45600.0,41440.6,42.36200256739409,True,1071.6087450178502,57111.11825558399,8888.881744416009,43.5,40.0,67.5,56.5,43.5,40.0
TailSitter_Quad_Balanced,TMOTOR_U15XXL_KV29,62.0,12Sx4_2P2S_24S_132Ah,132000,24,90990.0,23990.0,67000.0,53294.2,84.72400513478819,True,1074.580295622643,66993.28762242841,65006.71237757159,50.5,40.0,74.0,60.0,50.5,40.0
TailSitter_Quad_Balanced,TMOTOR_U15XXL_KV29,62.0,Farasis_24S1P_53Ah,53000,24,69891.0,23990.0,45901.0,30451.0,34.017971758664956,False,1071.7893912612685,57120.66423802919,-4120.664238029189,43.5,40.0,67.5,56.5,43.5,40.0
TailSitter_Quad_Balanced,TMOTOR_U15XXL_KV29,62.0,Farasis_24S2P_106Ah,106000,24,91592.0,23990.0,67602.0,31315.0,68.03594351732991,True,1075.1491923886213,67021.35944683489,38978.64055316511,50.5,40.0,74.0,60.0,50.5,40.0
TailSitter_Quad_Balanced,TMOTOR_U15XXL_KV29,62.0,ZYE_UltraHV_24S_66Ah,66000,24,69190.0,23990.0,45200.0,32085.0,42.36200256739409,True,1071.38887333012,57099.64392037651,8900.356079623489,43.5,40.0,67.5,56.5,43.5,40.0
TailSitter_Quad_Balanced,TMOTOR_U15XXL_KV29,62.0,Grepow_TARBG_24S_30Ah,30000,24,57535.0,23990.0,33545.0,34889.78,19.25545571245186,False,1070.4688980623766,51622.50568568328,-21622.50568568328,40.0,40.0,66.0,54.5,40.0,40.0
TailSitter_Quad_Balanced,TMOTOR_U15XXL_KV29,62.0,Amprius_SA08_24S1P_11Ah,11050,24,50890.0,23990.0,26900.0,34227.0,7.092426187419768,False,1069.0113067170064,49040.19249874858,-37990.19249874858,40.0,40.0,65.5,53.5,40.0,40.0
TailSitter_Quad_Balanced,TMOTOR_U15XXL_KV29,62.0,Amprius_SA08_24S2P_22Ah,22100,24,53590.0,23990.0,29600.0,38867.0,14.184852374839537,False,1069.4413470005547,50309.53291796095,-28209.532917960947,40.0,40.0,65.5,54.0,40.0,40.0
TailSitter_Quad_Balanced,TMOTOR_U15XXL_KV29,62.0,Amprius_SA88_24S1P_10Ah,10500,24,50637.0,23990.0,26647.0,31531.0,6.7394094993581515,False,1068.8811370592412,49034.11846610903,-38534.11846610903,40.0,40.0,65.5,53.5,40.0,40.0
TailSitter_Quad_Balanced,TMOTOR_U15XXL_KV29,62.0,Amprius_SA88_24S2P_21Ah,21000,24,53083.0,23990.0,29093.0,33475.0,13.478818998716303,False,1069.2018597520987,50298.33368416591,-29298.33368416591,40.0,40.0,65.5,54.0,40.0,40.0
TailSitter_Quad_Balanced,TMOTOR_U15XXL_KV29,62.0,Grepow_NMC811_24S1P_87Ah,87000,24,70611.0,23990.0,46621.0,44965.12,55.84082156611039,True,1072.1512073067659,57148.333179337256,29851.666820662744,44.0,40.0,67.5,56.5,44.0,40.0
TailSitter_Quad_Balanced,TMOTOR_U15XXL_KV29,62.0,Grepow_NMC811_24S2P_24Ah,24000,24,54722.0,23990.0,30732.0,33829.24,15.404364569961489,False,1070.108003451993,50341.489713537885,-26341.489713537885,40.0,40.0,65.5,54.0,40.0,40.0
TailSitter_Quad_Balanced,TMOTOR_U15XXL_KV29,62.0,Amprius_SA88_24S4P_42Ah,42000,24,57978.0,23990.0,33988.0,37363.0,26.957637997432606,False,1070.7907766742796,51638.460221497626,-9638.460221497626,40.0,40.0,66.0,54.5,40.0,40.0
TailSitter_Quad_Balanced,TMOTOR_U15XXL_KV29,62.0,Amprius_SA88_24S6P_63Ah,63000,24,62872.0,23990.0,38882.0,41251.0,40.436456996148905,True,1071.130285541978,54227.58567055265,8772.414329447347,40.5,40.0,66.5,55.5,40.5,40.0
TailSitter_Quad_Balanced,TMOTOR_U15XXL_KV29,62.0,Grepow_NMC811_small_24S4P_48Ah,48000,24,61254.0,23990.0,37264.0,38071.479999999996,30.808729139922978,False,1071.5538636841306,52942.04684480033,-4942.04684480033,40.0,40.0,66.5,55.0,40.0,40.0
TailSitter_Quad_Big,HOBBYWING_H13MD_coaxial_axis,54.0,YANGDA_XTurbo_24S_44Ah,44000,24,49620.0,25310.0,24310.0,7800.0,31.89619271424585,False,1069.9963281085056,55819.632591939924,-11819.632591939924,40.0,40.0,72.5,61.0,40.0,40.0
TailSitter_Quad_Big,HOBBYWING_H13MD_coaxial_axis,54.0,TATTU_NEO_24S_30Ah,30000,24,53790.0,25310.0,28480.0,5668.98,21.747404123349444,False,1070.8722533689045,57209.166490121024,-27209.166490121024,43.5,40.0,73.5,61.5,43.5,40.0
TailSitter_Quad_Big,HOBBYWING_H13MD_coaxial_axis,54.0,MAD_24S_55Ah_solid_state,55000,24,53458.0,25310.0,28148.0,9372.0,39.87024089280731,False,1070.7273792665949,57196.30330462725,-2196.3033046272467,43.0,40.0,73.5,61.5,43.0,40.0
TailSitter_Quad_Big,HOBBYWING_H13MD_coaxial_axis,54.0,MAD_24S_100Ah_solid_state,100000,24,67095.0,25310.0,41785.0,17040.0,72.49134707783148,True,1072.1949434775029,64144.85664751425,35855.14335248575,51.0,40.0,76.0,64.0,51.0,40.0
TailSitter_Quad_Big,HOBBYWING_H13MD_coaxial_axis,54.0,12Sx2_series_24S_66Ah,66000,24,58190.0,25310.0,32880.0,11853.6,47.84428907136877,True,1070.9113943240304,59902.413327863724,6097.586672136276,46.5,40.0,74.0,62.5,46.5,40.0
TailSitter_Quad_Big,HOBBYWING_H13MD_coaxial_axis,54.0,12Sx4_2P2S_24S_132Ah,132000,24,79590.0,25310.0,54280.0,23707.2,92.02591387242937,True,1076.1364041379438,70436.58509164496,61563.414908355044,54.5,42.0,78.0,66.0,54.5,42.0
TailSitter_Quad_Big,HOBBYWING_H13MD_coaxial_axis,54.0,Farasis_24S1P_53Ah,53000,24,58491.0,25310.0,33181.0,864.0,38.42041395125068,False,1070.9709284520775,59911.54394007689,-6911.543940076888,47.0,40.0,74.0,62.5,47.0,40.0
TailSitter_Quad_Big,HOBBYWING_H13MD_coaxial_axis,54.0,Farasis_24S2P_106Ah,106000,24,80192.0,25310.0,54882.0,1728.0,73.15416203598241,True,1075.831766807251,71892.23027250574,34107.76972749426,55.0,42.0,78.0,66.5,55.0,42.0
TailSitter_Quad_Big,HOBBYWING_H13MD_coaxial_axis,54.0,ZYE_UltraHV_24S_66Ah,66000,24,57790.0,25310.0,32480.0,2498.0,47.84428907136877,True,1070.6998012650347,59891.42063395925,6108.579366040751,46.5,40.0,74.0,62.5,46.5,40.0
TailSitter_Quad_Big,HOBBYWING_H13MD_coaxial_axis,54.0,Grepow_TARBG_24S_30Ah,30000,24,46135.0,25310.0,20825.0,5302.78,21.747404123349444,False,1070.2787142091067,53162.1940141325,-23162.194014132503,40.0,40.0,71.5,60.0,40.0,40.0
TailSitter_Quad_Big,HOBBYWING_H13MD_coaxial_axis,54.0,Amprius_SA08_24S1P_11Ah,11050,24,39490.0,25310.0,14180.0,4640.0,8.010293852100379,False,1068.3969965050517,50308.38601402916,-39258.38601402916,40.0,40.0,70.0,59.0,40.0,40.0
TailSitter_Quad_Big,HOBBYWING_H13MD_coaxial_axis,54.0,Amprius_SA08_24S2P_22Ah,22100,24,42190.0,25310.0,16880.0,9280.0,16.020587704200757,False,1068.7327776826794,51712.78409716287,-29612.78409716287,40.0,40.0,71.0,59.5,40.0,40.0
TailSitter_Quad_Big,HOBBYWING_H13MD_coaxial_axis,54.0,Amprius_SA88_24S1P_10Ah,10500,24,39237.0,25310.0,13927.0,1944.0,7.611591443172305,False,1068.2314196919226,50300.40948528951,-39800.40948528951,40.0,40.0,70.0,59.0,40.0,40.0
TailSitter_Quad_Big,HOBBYWING_H13MD_coaxial_axis,54.0,Amprius_SA88_24S2P_21Ah,21000,24,41683.0,25310.0,16373.0,3888.0,15.22318288634461,False,1068.5184748706456,51698.748255205865,-30698.748255205865,40.0,40.0,70.5,59.5,40.0,40.0
TailSitter_Quad_Big,HOBBYWING_H13MD_coaxial_axis,54.0,Grepow_NMC811_24S1P_87Ah,87000,24,59211.0,25310.0,33901.0,15378.12,63.06747195771338,True,1071.3781596445242,59937.981050913906,27062.018949086094,47.0,40.0,74.5,62.5,47.0,40.0
TailSitter_Quad_Big,HOBBYWING_H13MD_coaxial_axis,54.0,Grepow_NMC811_24S2P_24Ah,24000,24,43322.0,25310.0,18012.0,4242.24,17.397923298679554,False,1069.803804504438,51767.32031517822,-27767.32031517822,40.0,40.0,71.0,59.5,40.0,40.0
TailSitter_Quad_Big,HOBBYWING_H13MD_coaxial_axis,54.0,Amprius_SA88_24S4P_42Ah,42000,24,46578.0,25310.0,21268.0,7776.0,30.44636577268922,False,1069.2214640694376,54459.590589055435,-12459.590589055435,40.0,40.0,72.0,60.5,40.0,40.0
TailSitter_Quad_Big,HOBBYWING_H13MD_coaxial_axis,54.0,Amprius_SA88_24S6P_63Ah,63000,24,51472.0,25310.0,26162.0,11664.0,45.66954865903383,True,1070.956204716836,55883.55127100778,7116.448728992218,41.5,40.0,73.0,61.0,41.5,40.0
TailSitter_Quad_Big,HOBBYWING_H13MD_coaxial_axis,54.0,Grepow_NMC811_small_24S4P_48Ah,48000,24,49854.0,25310.0,24544.0,8484.48,34.79584659735911,False,1070.119469165996,55825.44296046639,-7825.442960466389,40.0,40.0,72.5,61.0,40.0,40.0
TailSitter_Quad_Big,HOBBYWING_H15MD_PLUS_coaxial_axis,73.0,YANGDA_XTurbo_24S_44Ah,44000,24,60167.5,25737.5,34430.0,7800.0,19.570535448390952,False,1067.2597625988042,49151.37237470272,-5151.372374702718,40.0,40.0,51.5,43.5,40.0,40.0
TailSitter_Quad_Big,HOBBYWING_H15MD_PLUS_coaxial_axis,73.0,TATTU_NEO_24S_30Ah,30000,24,64337.5,25737.5,38600.0,5668.98,13.343546896630194,False,1067.6941045381448,50664.226666965784,-20664.226666965784,40.0,40.0,52.0,44.0,40.0,40.0
TailSitter_Quad_Big,HOBBYWING_H15MD_PLUS_coaxial_axis,73.0,MAD_24S_55Ah_solid_state,55000,24,64005.5,25737.5,38268.0,9372.0,24.463169310488688,True,1067.5770309984878,50658.358096366435,4341.641903633565,40.0,40.0,52.0,44.0,40.0,40.0
TailSitter_Quad_Big,HOBBYWING_H15MD_PLUS_coaxial_axis,73.0,MAD_24S_100Ah_solid_state,100000,24,77642.5,25737.5,51905.0,17040.0,44.47848965543398,True,1069.2428402381463,55456.3212295388,44543.6787704612,40.0,40.0,54.0,45.5,40.0,40.0
TailSitter_Quad_Big,HOBBYWING_H15MD_PLUS_coaxial_axis,73.0,12Sx2_series_24S_66Ah,66000,24,68737.5,25737.5,43000.0,11853.6,29.355803172586427,True,1068.1167696574666,52217.82011811725,13782.179881882752,40.0,40.0,53.0,44.5,40.0,40.0
TailSitter_Quad_Big,HOBBYWING_H15MD_PLUS_coaxial_axis,73.0,12Sx4_2P2S_24S_132Ah,132000,24,90137.5,25737.5,64400.0,23707.2,58.711606345172854,True,1070.7624901596168,60602.85593862671,71397.14406137328,40.0,40.0,55.5,47.0,40.0,40.0
TailSitter_Quad_Big,HOBBYWING_H15MD_PLUS_coaxial_axis,73.0,Farasis_24S1P_53Ah,53000,24,69038.5,25737.5,43301.0,864.0,23.57359951738001,True,1068.2356256032494,52223.93299509648,776.067004903518,40.0,40.0,53.0,44.5,40.0,40.0
TailSitter_Quad_Big,HOBBYWING_H15MD_PLUS_coaxial_axis,73.0,Farasis_24S2P_106Ah,106000,24,90739.5,25737.5,65002.0,1728.0,47.14719903476002,True,1070.7411245110327,60616.407249453856,45383.592750546144,40.5,40.0,55.5,47.0,40.5,40.0
TailSitter_Quad_Big,HOBBYWING_H15MD_PLUS_coaxial_axis,73.0,ZYE_UltraHV_24S_66Ah,66000,24,68337.5,25737.5,42600.0,2498.0,29.355803172586427,True,1067.9709384234354,52210.33109285256,13789.66890714744,40.0,40.0,53.0,44.5,40.0,40.0
TailSitter_Quad_Big,HOBBYWING_H15MD_PLUS_coaxial_axis,73.0,Grepow_TARBG_24S_30Ah,30000,24,56682.5,25737.5,30945.0,5302.78,13.343546896630194,False,1067.0955937704728,47685.82553498289,-17685.82553498289,40.0,40.0,51.0,43.0,40.0,40.0
TailSitter_Quad_Big,HOBBYWING_H15MD_PLUS_coaxial_axis,73.0,Amprius_SA08_24S1P_11Ah,11050,24,50037.5,25737.5,24300.0,4640.0,4.914873106925454,False,1067.185174229024,44919.79758005107,-33869.79758005107,40.0,40.0,50.0,42.0,40.0,40.0
TailSitter_Quad_Big,HOBBYWING_H15MD_PLUS_coaxial_axis,73.0,Amprius_SA08_24S2P_22Ah,22100,24,52737.5,25737.5,27000.0,9280.0,9.829746213850909,False,1066.7469534052284,46256.844103932395,-24156.844103932395,40.0,40.0,50.5,42.5,40.0,40.0
TailSitter_Quad_Big,HOBBYWING_H15MD_PLUS_coaxial_axis,73.0,Amprius_SA88_24S1P_10Ah,10500,24,49784.5,25737.5,24047.0,1944.0,4.670241413820568,False,1066.9583338434686,44909.75599681712,-34409.75599681712,40.0,40.0,50.0,42.0,40.0,40.0
TailSitter_Quad_Big,HOBBYWING_H15MD_PLUS_coaxial_axis,73.0,Amprius_SA88_24S2P_21Ah,21000,24,52230.5,25737.5,26493.0,3888.0,9.340482827641136,False,1066.5362903408245,46247.10760751761,-25247.10760751761,40.0,40.0,50.5,42.5,40.0,40.0
TailSitter_Quad_Big,HOBBYWING_H15MD_PLUS_coaxial_axis,73.0,Grepow_NMC811_24S1P_87Ah,87000,24,69758.5,25737.5,44021.0,15378.12,38.69628600022756,True,1068.5657106746205,52240.952475282,34759.047524718,40.0,40.0,53.0,44.5,40.0,40.0
TailSitter_Quad_Big,HOBBYWING_H15MD_PLUS_coaxial_axis,73.0,Grepow_NMC811_24S2P_24Ah,24000,24,53869.5,25737.5,28132.0,4242.24,10.674837517304155,False,1067.422517946488,46287.89025001156,-22287.89025001156,40.0,40.0,50.5,42.5,40.0,40.0
TailSitter_Quad_Big,HOBBYWING_H15MD_PLUS_coaxial_axis,73.0,Amprius_SA88_24S4P_42Ah,42000,24,57125.5,25737.5,31388.0,7776.0,18.68096565528227,False,1067.3021294868743,47695.63503137947,-5695.635031379468,40.0,40.0,51.0,43.0,40.0,40.0
TailSitter_Quad_Big,HOBBYWING_H15MD_PLUS_coaxial_axis,73.0,Amprius_SA88_24S6P_63Ah,63000,24,62019.5,25737.5,36282.0,11664.0,28.021448482923407,True,1068.0818483862183,49196.66372360929,13803.336276390713,40.0,40.0,52.0,43.5,40.0,40.0
TailSitter_Quad_Big,HOBBYWING_H15MD_PLUS_coaxial_axis,73.0,Grepow_NMC811_small_24S4P_48Ah,48000,24,60401.5,25737.5,34664.0,8484.48,21.34967503460831,False,1067.3471633047584,49155.64521699378,-1155.6452169937766,40.0,40.0,51.5,43.5,40.0,40.0
TailSitter_Quad_Big,HOBBYWING_H15MD_coaxial_axis,64.0,YANGDA_XTurbo_24S_44Ah,44000,24,53701.0,25535.0,28166.0,7800.0,23.409821106542246,False,1068.4345432358577,48745.48165514387,-4745.481655143871,40.0,40.0,54.0,46.0,40.0,40.0
TailSitter_Quad_Big,HOBBYWING_H15MD_coaxial_axis,64.0,TATTU_NEO_24S_30Ah,30000,24,57871.0,25535.0,32336.0,5668.98,15.961241663551531,False,1069.1554383234477,50310.92894404508,-20310.92894404508,40.0,40.0,55.0,46.5,40.0,40.0
TailSitter_Quad_Big,HOBBYWING_H15MD_coaxial_axis,64.0,MAD_24S_55Ah_solid_state,55000,24,57539.0,25535.0,32004.0,9372.0,29.26227638317781,True,1068.9296597297064,50294.00659548225,4705.993404517751,40.0,40.0,54.5,46.5,40.0,40.0
TailSitter_Quad_Big,HOBBYWING_H15MD_coaxial_axis,64.0,MAD_24S_100Ah_solid_state,100000,24,71176.0,25535.0,45641.0,17040.0,53.204138878505105,True,1070.073177369781,56871.03487902127,43128.96512097873,40.0,40.0,56.5,48.5,40.0,40.0
TailSitter_Quad_Big,HOBBYWING_H15MD_coaxial_axis,64.0,12Sx2_series_24S_66Ah,66000,24,62271.0,25535.0,36736.0,11853.6,35.11473165981337,True,1068.5242340294276,53445.51284733235,12554.48715266765,40.0,40.0,55.5,47.5,40.0,40.0
TailSitter_Quad_Big,HOBBYWING_H15MD_coaxial_axis,64.0,12Sx4_2P2S_24S_132Ah,132000,24,83671.0,25535.0,58136.0,23707.2,70.22946331962675,True,1071.1428401426501,62360.37357852934,69639.62642147066,42.0,40.0,58.5,50.0,42.0,40.0
TailSitter_Quad_Big,HOBBYWING_H15MD_coaxial_axis,64.0,Farasis_24S1P_53Ah,53000,24,62572.0,25535.0,37037.0,864.0,28.198193605607706,False,1068.627140802942,53450.65876420921,-450.6587642092127,40.0,40.0,55.5,47.5,40.0,40.0
TailSitter_Quad_Big,HOBBYWING_H15MD_coaxial_axis,64.0,Farasis_24S2P_106Ah,106000,24,84273.0,25535.0,58738.0,1728.0,56.39638721121541,True,1071.4066814357577,62375.45595052111,43624.54404947889,42.0,40.0,58.5,50.0,42.0,40.0
TailSitter_Quad_Big,HOBBYWING_H15MD_coaxial_axis,64.0,ZYE_UltraHV_24S_66Ah,66000,24,61871.0,25535.0,36336.0,2498.0,35.11473165981337,True,1069.8173346791764,51910.533489034126,14089.466510965874,40.0,40.0,55.5,47.0,40.0,40.0
TailSitter_Quad_Big,HOBBYWING_H15MD_coaxial_axis,64.0,Grepow_TARBG_24S_30Ah,30000,24,50216.0,25535.0,24681.0,5302.78,15.961241663551531,False,1068.2683586538346,47253.11693984668,-17253.11693984668,40.0,40.0,53.5,45.5,40.0,40.0
TailSitter_Quad_Big,HOBBYWING_H15MD_coaxial_axis,64.0,Amprius_SA08_24S1P_11Ah,11050,24,43571.0,25535.0,18036.0,4640.0,5.879057346074815,False,1066.3655234446962,45714.010851793835,-34664.010851793835,40.0,40.0,52.5,45.0,40.0,40.0
TailSitter_Quad_Big,HOBBYWING_H15MD_coaxial_axis,64.0,Amprius_SA08_24S2P_22Ah,22100,24,46271.0,25535.0,20736.0,9280.0,11.75811469214963,False,1067.5978907233182,45775.27287659435,-23675.272876594347,40.0,40.0,53.0,45.0,40.0,40.0
TailSitter_Quad_Big,HOBBYWING_H15MD_coaxial_axis,64.0,Amprius_SA88_24S1P_10Ah,10500,24,43318.0,25535.0,17783.0,1944.0,5.586434582243036,False,1066.2832350436815,45710.29162237208,-35210.29162237208,40.0,40.0,52.5,45.0,40.0,40.0
TailSitter_Quad_Big,HOBBYWING_H15MD_coaxial_axis,64.0,Amprius_SA88_24S2P_21Ah,21000,24,45764.0,25535.0,20229.0,3888.0,11.172869164486071,False,1067.210369645381,45757.49055548051,-24757.49055548051,40.0,40.0,53.0,45.0,40.0,40.0
TailSitter_Quad_Big,HOBBYWING_H15MD_coaxial_axis,64.0,Grepow_NMC811_24S1P_87Ah,87000,24,63292.0,25535.0,37757.0,15378.12,46.28760082429944,True,1068.8933106674,53464.06639469281,33535.93360530719,40.0,40.0,55.5,47.5,40.0,40.0
TailSitter_Quad_Big,HOBBYWING_H15MD_coaxial_axis,64.0,Grepow_NMC811_24S2P_24Ah,24000,24,47403.0,25535.0,21868.0,4242.24,12.768993330841225,False,1066.7282633723712,47180.70286045308,-23180.70286045308,40.0,40.0,53.5,45.5,40.0,40.0
TailSitter_Quad_Big,HOBBYWING_H15MD_coaxial_axis,64.0,Amprius_SA88_24S4P_42Ah,42000,24,50659.0,25535.0,25124.0,7776.0,22.345738328972143,False,1067.0134324738026,48677.174478172405,-6677.174478172405,40.0,40.0,54.0,46.0,40.0,40.0
TailSitter_Quad_Big,HOBBYWING_H15MD_coaxial_axis,64.0,Amprius_SA88_24S6P_63Ah,63000,24,55553.0,25535.0,30018.0,11664.0,33.51860749345822,True,1067.864271713644,50241.205049699216,12758.794950300784,40.0,40.0,54.5,46.5,40.0,40.0
TailSitter_Quad_Big,HOBBYWING_H15MD_coaxial_axis,64.0,Grepow_NMC811_small_24S4P_48Ah,48000,24,53935.0,25535.0,28400.0,8484.48,25.53798666168245,False,1068.6593794642595,48756.49725717549,-756.4972571754915,40.0,40.0,54.0,46.0,40.0,40.0
TailSitter_Quad_Big,M50C35_PRO_EEE_34kv,30.0,YANGDA_XTurbo_24S_44Ah,44000,24,44800.0,24770.0,20030.0,11200.0,28.16619373703088,False,1067.8684335669927,46763.66520791528,-2763.6652079152773,40.0,40.0,62.0,51.0,40.0,40.0
TailSitter_Quad_Big,M50C35_PRO_EEE_34kv,30.0,TATTU_NEO_24S_30Ah,30000,24,48970.0,24770.0,24200.0,9068.98,19.204223002521054,False,1069.5733828038806,47869.158248558364,-17869.158248558364,40.0,40.0,63.0,51.5,40.0,40.0
TailSitter_Quad_Big,M50C35_PRO_EEE_34kv,30.0,MAD_24S_55Ah_solid_state,55000,24,48638.0,24770.0,23868.0,12772.0,35.2077421712886,True,1069.1586144718049,47845.340171804026,7154.659828195974,40.0,40.0,62.5,51.5,40.0,40.0
TailSitter_Quad_Big,M50C35_PRO_EEE_34kv,30.0,MAD_24S_100Ah_solid_state,100000,24,62275.0,24770.0,37505.0,20440.0,64.01407667507019,True,1071.5251777641809,53541.039565415114,46458.960434584886,40.0,40.0,65.5,54.0,40.0,40.0
TailSitter_Quad_Big,M50C35_PRO_EEE_34kv,30.0,12Sx2_series_24S_66Ah,66000,24,53370.0,24770.0,28600.0,15253.6,42.24929060554632,True,1069.5139865841581,50004.40988390923,15995.590116090767,40.0,40.0,63.5,52.5,40.0,40.0
TailSitter_Quad_Big,M50C35_PRO_EEE_34kv,30.0,12Sx4_2P2S_24S_132Ah,132000,24,74770.0,24770.0,50000.0,27107.2,84.49858121109264,True,1071.6342199952721,59835.24318095151,72164.75681904849,44.0,40.0,68.5,56.5,44.0,40.0
TailSitter_Quad_Big,M50C35_PRO_EEE_34kv,30.0,Farasis_24S1P_53Ah,53000,24,53671.0,24770.0,28901.0,4264.0,33.9274606377872,True,1069.6635382944314,50015.297851171104,2984.7021488288956,40.0,40.0,64.0,52.5,40.0,40.0
TailSitter_Quad_Big,M50C35_PRO_EEE_34kv,30.0,Farasis_24S2P_106Ah,106000,24,75372.0,24770.0,50602.0,5128.0,67.8549212755744,True,1071.9471468031536,59852.20857463351,46147.79142536649,44.0,40.0,68.5,56.5,44.0,40.0
TailSitter_Quad_Big,M50C35_PRO_EEE_34kv,30.0,ZYE_UltraHV_24S_66Ah,66000,24,52970.0,24770.0,28200.0,5898.0,42.24929060554632,True,1069.2649754089462,49992.41957240247,16007.580427597532,40.0,40.0,63.5,52.5,40.0,40.0
TailSitter_Quad_Big,M50C35_PRO_EEE_34kv,30.0,Grepow_TARBG_24S_30Ah,30000,24,41315.0,24770.0,16545.0,8702.779999999999,19.204223002521054,False,1067.1431376314174,45742.42488681241,-15742.424886812412,40.0,40.0,61.0,50.5,40.0,40.0
TailSitter_Quad_Big,M50C35_PRO_EEE_34kv,30.0,Amprius_SA08_24S1P_11Ah,11050,24,34670.0,24770.0,9900.0,8040.0,7.073555472595255,False,1066.3782414241878,42917.38303400518,-31867.38303400518,40.0,40.0,60.0,49.0,40.0,40.0
TailSitter_Quad_Big,M50C35_PRO_EEE_34kv,30.0,Amprius_SA08_24S2P_22Ah,22100,24,37370.0,24770.0,12600.0,12680.0,14.14711094519051,False,1066.8377972065875,43858.41014970788,-21758.41014970788,40.0,40.0,60.5,49.5,40.0,40.0
TailSitter_Quad_Big,M50C35_PRO_EEE_34kv,30.0,Amprius_SA88_24S1P_10Ah,10500,24,34417.0,24770.0,9647.0,5344.0,6.721478050882369,False,1066.3349936283616,42912.34897115831,-32412.34897115831,40.0,40.0,59.5,49.0,40.0,40.0
TailSitter_Quad_Big,M50C35_PRO_EEE_34kv,30.0,Amprius_SA88_24S2P_21Ah,21000,24,36863.0,24770.0,12093.0,7288.0,13.442956101764738,False,1066.5891855974328,43847.69298664678,-22847.692986646784,40.0,40.0,60.5,49.5,40.0,40.0
TailSitter_Quad_Big,M50C35_PRO_EEE_34kv,30.0,Grepow_NMC811_24S1P_87Ah,87000,24,54391.0,24770.0,29621.0,18778.120000000003,55.69224670731106,True,1070.5427932545203,50059.60930703711,36940.39069296289,40.0,40.0,64.0,52.5,40.0,40.0
TailSitter_Quad_Big,M50C35_PRO_EEE_34kv,30.0,Grepow_NMC811_24S2P_24Ah,24000,24,38502.0,24770.0,13732.0,7642.24,15.363378402016844,False,1067.7076621833644,43896.67435578233,-19896.67435578233,40.0,40.0,60.5,49.5,40.0,40.0
TailSitter_Quad_Big,M50C35_PRO_EEE_34kv,30.0,Amprius_SA88_24S4P_42Ah,42000,24,41758.0,24770.0,16988.0,11176.0,26.885912203529475,False,1067.2568703916274,45750.72449178032,-3750.724491780318,40.0,40.0,61.5,50.5,40.0,40.0
TailSitter_Quad_Big,M50C35_PRO_EEE_34kv,30.0,Amprius_SA88_24S6P_63Ah,63000,24,46652.0,24770.0,21882.0,15064.0,40.328868305294215,True,1067.9142354769074,47787.09976015515,15212.90023984485,40.0,40.0,62.5,51.5,40.0,40.0
TailSitter_Quad_Big,M50C35_PRO_EEE_34kv,30.0,Grepow_NMC811_small_24S4P_48Ah,48000,24,45034.0,24770.0,20264.0,11884.48,30.726756804033688,True,1067.9955244402556,46769.45873833849,1230.5412616615067,40.0,40.0,62.0,51.0,40.0,40.0
TailSitter_Quad_Big,TMOTOR_U15L_KV43,47.0,YANGDA_XTurbo_24S_44Ah,44000,24,53662.5,25152.5,28510.0,25087.0,39.473684210526315,False,1073.0702571319662,63119.09077594619,-19119.09077594619,45.5,40.0,89.5,69.0,45.5,40.0
TailSitter_Quad_Big,TMOTOR_U15L_KV43,47.0,TATTU_NEO_24S_30Ah,30000,24,57832.5,25152.5,32680.0,22955.98,26.913875598086126,False,1074.0344885988993,65831.4172782288,-35831.41727822879,47.0,40.0,90.0,70.5,47.0,40.0
TailSitter_Quad_Big,TMOTOR_U15L_KV43,47.0,MAD_24S_55Ah_solid_state,55000,24,57500.5,25152.5,32348.0,26659.0,49.3421052631579,False,1073.7505445481254,65803.57076179632,-10803.57076179632,46.5,40.0,90.0,70.5,46.5,40.0
TailSitter_Quad_Big,TMOTOR_U15L_KV43,47.0,MAD_24S_100Ah_solid_state,100000,24,71137.5,25152.5,45985.0,34327.0,71.13196733776311,True,1074.5146439118844,76112.19206113306,23887.807938866943,52.5,43.0,95.5,72.5,52.5,43.0
TailSitter_Quad_Big,TMOTOR_U15L_KV43,47.0,12Sx2_series_24S_66Ah,66000,24,62232.5,25152.5,37080.0,29140.6,56.187363655013556,False,1073.691710387476,70092.77457922572,-4092.774579225719,48.5,41.0,91.0,71.5,48.5,41.0
TailSitter_Quad_Big,TMOTOR_U15L_KV43,47.0,12Sx4_2P2S_24S_132Ah,132000,24,83632.5,25152.5,58480.0,40994.2,75.31716494131433,True,1075.3730907039835,84965.008598018,47034.991401982,59.5,46.0,100.0,74.0,59.5,46.0
TailSitter_Quad_Big,TMOTOR_U15L_KV43,47.0,Farasis_24S1P_53Ah,53000,24,62533.5,25152.5,37381.0,18151.0,44.830578608829555,False,1074.0372108831396,70105.82156591336,-17105.821565913357,48.5,41.0,91.0,71.5,48.5,41.0
TailSitter_Quad_Big,TMOTOR_U15L_KV43,47.0,Farasis_24S2P_106Ah,106000,24,84234.5,25152.5,59082.0,19015.0,59.88108279838599,True,1074.5238581358935,85159.47442141172,20840.525578588276,59.5,46.5,100.0,74.0,59.5,46.5
TailSitter_Quad_Big,TMOTOR_U15L_KV43,47.0,ZYE_UltraHV_24S_66Ah,66000,24,61832.5,25152.5,36680.0,19785.0,56.672282984427746,False,1073.3015166364107,70077.43490852093,-4077.434908520925,48.5,41.0,91.0,71.5,48.5,41.0
TailSitter_Quad_Big,TMOTOR_U15L_KV43,47.0,Grepow_TARBG_24S_30Ah,30000,24,50177.5,25152.5,25025.0,22589.78,26.913875598086126,False,1072.0010265553385,61135.210482590526,-31135.210482590526,44.0,40.0,88.5,67.0,44.0,40.0
TailSitter_Quad_Big,TMOTOR_U15L_KV43,47.0,Amprius_SA08_24S1P_11Ah,11050,24,43532.5,25152.5,18380.0,21927.0,9.913277511961724,False,1071.345726671138,57010.89500897968,-45960.89500897968,42.0,40.0,84.0,64.0,42.0,40.0
TailSitter_Quad_Big,TMOTOR_U15L_KV43,47.0,Amprius_SA08_24S2P_22Ah,22100,24,46232.5,25152.5,21080.0,26567.0,19.826555023923447,False,1071.0558570920716,58896.77383928671,-36796.77383928671,43.0,40.0,87.0,65.0,43.0,40.0
TailSitter_Quad_Big,TMOTOR_U15L_KV43,47.0,Amprius_SA88_24S1P_10Ah,10500,24,43279.5,25152.5,18127.0,19231.0,9.419856459330145,False,1071.0618704290173,56993.95332467541,-46493.95332467541,42.0,40.0,83.5,64.0,42.0,40.0
TailSitter_Quad_Big,TMOTOR_U15L_KV43,47.0,Amprius_SA88_24S2P_21Ah,21000,24,45725.5,25152.5,20573.0,21175.0,18.83971291866029,False,1070.9701009921023,58877.36974952317,-37877.36974952317,42.5,40.0,86.5,65.0,42.5,40.0
TailSitter_Quad_Big,TMOTOR_U15L_KV43,47.0,Grepow_NMC811_24S1P_87Ah,87000,24,63253.5,25152.5,38101.0,32665.120000000003,72.47238823517733,True,1075.0751454581984,70147.99729842902,16852.00270157098,49.0,41.0,91.5,71.5,49.0,41.0
TailSitter_Quad_Big,TMOTOR_U15L_KV43,47.0,Grepow_NMC811_24S2P_24Ah,24000,24,47364.5,25152.5,22212.0,21529.239999999998,21.5311004784689,False,1071.1391149330416,59587.38455376344,-35587.38455376344,43.5,40.0,87.5,65.5,43.5,40.0
TailSitter_Quad_Big,TMOTOR_U15L_KV43,47.0,Amprius_SA88_24S4P_42Ah,42000,24,50620.5,25152.5,25468.0,25063.0,37.67942583732058,False,1072.3462072864002,61170.00120176461,-19170.001201764608,44.5,40.0,88.5,67.0,44.5,40.0
TailSitter_Quad_Big,TMOTOR_U15L_KV43,47.0,Amprius_SA88_24S6P_63Ah,63000,24,55514.5,25152.5,30362.0,28951.0,56.51913875598086,False,1073.02281594476,64567.37843228588,-1567.3784322858774,46.0,40.0,90.0,70.0,46.0,40.0
TailSitter_Quad_Big,TMOTOR_U15L_KV43,47.0,Grepow_NMC811_small_24S4P_48Ah,48000,24,53896.5,25152.5,28744.0,25771.48,43.0622009569378,False,1072.4063677332467,63731.55592146845,-15731.555921468447,45.5,40.0,89.5,69.5,45.5,40.0
TailSitter_Quad_Big,TMOTOR_U15XL_KV38,52.0,YANGDA_XTurbo_24S_44Ah,44000,24,57447.0,25265.0,32182.0,32887.0,32.640949554896146,False,1071.4520088194033,60526.32867437969,-16526.328674379693,44.0,40.0,76.5,58.0,44.0,40.0
TailSitter_Quad_Big,TMOTOR_U15XL_KV38,52.0,TATTU_NEO_24S_30Ah,30000,24,61617.0,25265.0,36352.0,30755.98,22.25519287833828,False,1072.45045246379,62248.363538902944,-32248.363538902944,45.5,40.0,78.0,59.0,45.5,40.0
TailSitter_Quad_Big,TMOTOR_U15XL_KV38,52.0,MAD_24S_55Ah_solid_state,55000,24,61285.0,25265.0,36020.0,34459.0,40.80118694362018,False,1072.2903601959244,62224.001146142014,-7224.0011461420145,45.0,40.0,78.0,59.0,45.0,40.0
TailSitter_Quad_Big,TMOTOR_U15XL_KV38,52.0,MAD_24S_100Ah_solid_state,100000,24,74922.0,25265.0,49657.0,42127.0,70.62645365824085,True,1075.5290489661961,69581.93726127651,30418.062738723485,48.5,41.0,81.0,63.5,48.5,41.0
TailSitter_Quad_Big,TMOTOR_U15XL_KV38,52.0,12Sx2_series_24S_66Ah,66000,24,66017.0,25265.0,40752.0,36940.6,48.961424332344215,True,1073.1273651549334,64702.88034264873,1297.1196573512716,46.0,40.0,79.5,60.5,46.0,40.0
TailSitter_Quad_Big,TMOTOR_U15XL_KV38,52.0,12Sx4_2P2S_24S_132Ah,132000,24,87417.0,25265.0,62152.0,48794.2,76.15492643103714,True,1075.0612133199718,78403.84731475919,53596.15268524081,52.0,44.0,83.0,67.0,52.0,44.0
TailSitter_Quad_Big,TMOTOR_U15XL_KV38,52.0,Farasis_24S1P_53Ah,53000,24,66318.0,25265.0,41053.0,25951.0,39.317507418397625,False,1073.2045098043964,64724.1401930697,-11724.140193069703,46.5,40.0,79.5,60.5,46.5,40.0
TailSitter_Quad_Big,TMOTOR_U15XL_KV38,52.0,Farasis_24S2P_106Ah,106000,24,88019.0,25265.0,62754.0,26815.0,60.5981799786295,True,1076.4650444227284,78460.87550055148,27539.124499448517,52.0,44.0,83.0,67.0,52.0,44.0
TailSitter_Quad_Big,TMOTOR_U15XL_KV38,52.0,ZYE_UltraHV_24S_66Ah,66000,24,65617.0,25265.0,40352.0,27585.0,48.961424332344215,True,1072.7574423235335,64681.345506360405,1318.6544936395949,46.0,40.0,79.5,60.5,46.0,40.0
TailSitter_Quad_Big,TMOTOR_U15XL_KV38,52.0,Grepow_TARBG_24S_30Ah,30000,24,53962.0,25265.0,28697.0,30389.78,22.25519287833828,False,1071.0783432312985,58808.2107272087,-28808.2107272087,43.0,40.0,74.5,57.0,43.0,40.0
TailSitter_Quad_Big,TMOTOR_U15XL_KV38,52.0,Amprius_SA08_24S1P_11Ah,11050,24,47317.0,25265.0,22052.0,29727.0,8.1973293768546,False,1071.3923152722389,55129.97697608455,-44079.97697608455,40.5,40.0,72.0,55.0,40.5,40.0
TailSitter_Quad_Big,TMOTOR_U15XL_KV38,52.0,Amprius_SA08_24S2P_22Ah,22100,24,50017.0,25265.0,24752.0,34367.0,16.3946587537092,False,1070.6491291147418,56993.27029414063,-34893.27029414063,41.5,40.0,73.0,56.0,41.5,40.0
TailSitter_Quad_Big,TMOTOR_U15XL_KV38,52.0,Amprius_SA88_24S1P_10Ah,10500,24,47064.0,25265.0,21799.0,27031.0,7.7893175074183985,False,1070.966425333485,55106.30105644227,-44606.30105644227,40.5,40.0,72.0,55.0,40.5,40.0
TailSitter_Quad_Big,TMOTOR_U15XL_KV38,52.0,Amprius_SA88_24S2P_21Ah,21000,24,49510.0,25265.0,24245.0,28975.0,15.578635014836797,False,1070.3827865625576,56977.398603814494,-35977.398603814494,41.5,40.0,72.5,56.0,41.5,40.0
TailSitter_Quad_Big,TMOTOR_U15XL_KV38,52.0,Grepow_NMC811_24S1P_87Ah,87000,24,67038.0,25265.0,41773.0,40465.12,64.54005934718101,True,1072.9294387077368,65450.597501155855,21549.402498844145,46.5,40.0,80.0,61.0,46.5,40.0
TailSitter_Quad_Big,TMOTOR_U15XL_KV38,52.0,Grepow_NMC811_24S2P_24Ah,24000,24,51149.0,25265.0,25884.0,29329.239999999998,17.804154302670625,False,1071.4997504092908,57050.75196016352,-33050.75196016352,42.0,40.0,73.0,56.0,42.0,40.0
TailSitter_Quad_Big,TMOTOR_U15XL_KV38,52.0,Amprius_SA88_24S4P_42Ah,42000,24,54405.0,25265.0,29140.0,32863.0,31.157270029673594,False,1071.1878964079153,58828.52586841013,-16828.525868410128,43.5,40.0,75.0,57.0,43.5,40.0
TailSitter_Quad_Big,TMOTOR_U15XL_KV38,52.0,Amprius_SA88_24S6P_63Ah,63000,24,59299.0,25265.0,34034.0,36751.0,46.73590504451039,True,1071.7679811945743,61373.03537736023,1626.9646226397672,44.5,40.0,77.5,58.5,44.5,40.0
TailSitter_Quad_Big,TMOTOR_U15XL_KV38,52.0,Grepow_NMC811_small_24S4P_48Ah,48000,24,57681.0,25265.0,32416.0,33571.479999999996,35.60830860534125,False,1071.4169198680593,60536.76348365116,-12536.763483651157,44.5,40.0,76.5,58.0,44.5,40.0
TailSitter_Quad_Big,TMOTOR_U15XXL_KV29,62.0,YANGDA_XTurbo_24S_44Ah,44000,24,62520.0,25490.0,37030.0,37387.0,28.241335044929397,False,1070.5519366844958,54197.123592474105,-10197.123592474105,40.5,40.0,66.5,55.5,40.5,40.0
TailSitter_Quad_Big,TMOTOR_U15XXL_KV29,62.0,TATTU_NEO_24S_30Ah,30000,24,66690.0,25490.0,41200.0,35255.979999999996,19.25545571245186,False,1071.0445831354314,55631.71381884324,-25631.713818843236,42.5,40.0,67.0,56.0,42.5,40.0
TailSitter_Quad_Big,TMOTOR_U15XXL_KV29,62.0,MAD_24S_55Ah_solid_state,55000,24,66358.0,25490.0,40868.0,38959.0,35.30166880616174,False,1070.8677389775555,55622.68539654441,-622.6853965444097,42.5,40.0,67.0,56.0,42.5,40.0
TailSitter_Quad_Big,TMOTOR_U15XXL_KV29,62.0,MAD_24S_100Ah_solid_state,100000,24,79995.0,25490.0,54505.0,46627.0,64.18485237483954,True,1072.2267283218073,61590.463017207985,38409.536982792015,47.0,40.0,69.0,58.0,47.0,40.0
TailSitter_Quad_Big,TMOTOR_U15XXL_KV29,62.0,12Sx2_series_24S_66Ah,66000,24,71090.0,25490.0,45600.0,41440.6,42.36200256739409,True,1071.969984300179,57137.83814533879,8862.161854661208,44.0,40.0,67.5,56.5,44.0,40.0
TailSitter_Quad_Big,TMOTOR_U15XXL_KV29,62.0,12Sx4_2P2S_24S_132Ah,132000,24,92490.0,25490.0,67000.0,53294.2,84.72400513478819,True,1074.968271027228,67023.72062450832,64976.27937549168,51.0,40.0,74.0,60.0,51.0,40.0
TailSitter_Quad_Big,TMOTOR_U15XXL_KV29,62.0,Farasis_24S1P_53Ah,53000,24,71391.0,25490.0,45901.0,30451.0,34.017971758664956,False,1072.1280462990062,57155.3710916461,-4155.371091646099,44.5,40.0,67.5,56.5,44.5,40.0
TailSitter_Quad_Big,TMOTOR_U15XXL_KV29,62.0,Farasis_24S2P_106Ah,106000,24,93092.0,25490.0,67602.0,31315.0,68.03594351732991,True,1075.9262819079677,67073.41786554785,38926.582134452154,51.0,40.0,74.0,60.0,51.0,40.0
TailSitter_Quad_Big,TMOTOR_U15XXL_KV29,62.0,ZYE_UltraHV_24S_66Ah,66000,24,70690.0,25490.0,45200.0,32085.0,42.36200256739409,True,1071.6492628115882,57120.083346406296,8879.916653593704,44.0,40.0,67.5,56.5,44.0,40.0
TailSitter_Quad_Big,TMOTOR_U15XXL_KV29,62.0,Grepow_TARBG_24S_30Ah,30000,24,59035.0,25490.0,33545.0,34889.78,19.25545571245186,False,1071.4084851568782,51669.04324650934,-21669.04324650934,40.0,40.0,66.0,54.5,40.0,40.0
TailSitter_Quad_Big,TMOTOR_U15XXL_KV29,62.0,Amprius_SA08_24S1P_11Ah,11050,24,52390.0,25490.0,26900.0,34227.0,7.092426187419768,False,1069.5660303592922,49065.29921095836,-38015.29921095836,40.0,40.0,65.5,53.5,40.0,40.0
TailSitter_Quad_Big,TMOTOR_U15XXL_KV29,62.0,Amprius_SA08_24S2P_22Ah,22100,24,55090.0,25490.0,29600.0,38867.0,14.184852374839537,False,1069.7660679722906,50329.658092722064,-28229.658092722064,40.0,40.0,66.0,54.0,40.0,40.0
TailSitter_Quad_Big,TMOTOR_U15XXL_KV29,62.0,Amprius_SA88_24S1P_10Ah,10500,24,52137.0,25490.0,26647.0,31531.0,6.7394094993581515,False,1069.353793352029,49054.99469594348,-38554.99469594348,40.0,40.0,65.5,53.5,40.0,40.0
TailSitter_Quad_Big,TMOTOR_U15XXL_KV29,62.0,Amprius_SA88_24S2P_21Ah,21000,24,54583.0,25490.0,29093.0,33475.0,13.478818998716303,False,1069.5704720849235,50313.83137068415,-29313.83137068415,40.0,40.0,65.5,54.0,40.0,40.0
TailSitter_Quad_Big,TMOTOR_U15XXL_KV29,62.0,Grepow_NMC811_24S1P_87Ah,87000,24,72111.0,25490.0,46621.0,44965.12,55.84082156611039,True,1071.0811982457278,58560.72139235569,28439.278607644308,44.5,40.0,68.0,57.0,44.5,40.0
TailSitter_Quad_Big,TMOTOR_U15XXL_KV29,62.0,Grepow_NMC811_24S2P_24Ah,24000,24,56222.0,25490.0,30732.0,33829.24,15.404364569961489,False,1069.3916937554802,51568.98431136775,-27568.98431136775,40.0,40.0,66.0,54.5,40.0,40.0
TailSitter_Quad_Big,TMOTOR_U15XXL_KV29,62.0,Amprius_SA88_24S4P_42Ah,42000,24,59478.0,25490.0,33988.0,37363.0,26.957637997432606,False,1070.0022625820548,52863.529781587895,-10863.529781587895,40.0,40.0,66.5,55.0,40.0,40.0
TailSitter_Quad_Big,TMOTOR_U15XXL_KV29,62.0,Amprius_SA88_24S6P_63Ah,63000,24,64372.0,25490.0,38882.0,41251.0,40.436456996148905,True,1071.1671418119572,54250.45437587765,8749.545624122351,41.5,40.0,67.0,55.5,41.5,40.0
TailSitter_Quad_Big,TMOTOR_U15XXL_KV29,62.0,Grepow_NMC811_small_24S4P_48Ah,48000,24,62754.0,25490.0,37264.0,38071.479999999996,30.808729139922978,False,1070.6619415855243,54202.38002244184,-6202.380022441837,40.5,40.0,66.5,55.5,40.5,40.0
TailSitter_Bicopter_Compact,HOBBYWING_H13MD_coaxial_axis,54.0,YANGDA_XTurbo_24S_44Ah,44000,24,38880.0,20310.0,18570.0,7800.0,63.29980996023416,False,1076.1505304467294,66272.9138677679,-22272.9138677679,54.0,40.5,91.5,80.5,54.0,40.5
TailSitter_Bicopter_Compact,HOBBYWING_H13MD_coaxial_axis,54.0,TATTU_NEO_24S_30Ah,30000,24,43050.0,20310.0,22740.0,5668.98,37.627314915727545,False,1075.9003462838762,69025.70279257456,-39025.702792574564,56.5,45.5,93.0,81.0,56.5,45.5
TailSitter_Bicopter_Compact,HOBBYWING_H13MD_coaxial_axis,54.0,MAD_24S_55Ah_solid_state,55000,24,42718.0,20310.0,22408.0,9372.0,69.70713269738636,False,1076.0345076282456,68966.63316068568,-13966.633160685684,56.5,45.0,93.0,81.0,56.5,45.0
TailSitter_Bicopter_Compact,HOBBYWING_H13MD_coaxial_axis,54.0,MAD_24S_100Ah_solid_state,100000,24,56355.0,20310.0,36045.0,17040.0,85.67487198735083,True,1076.018864190519,81759.0393526758,18240.960647324202,63.5,54.5,96.5,83.0,63.5,54.5
TailSitter_Bicopter_Compact,HOBBYWING_H13MD_coaxial_axis,54.0,12Sx2_series_24S_66Ah,66000,24,47450.0,20310.0,27140.0,11853.6,72.57497840053468,False,1077.4053119249854,72117.42129578989,-6117.421295789885,59.0,49.0,94.5,81.5,59.0,49.0
TailSitter_Bicopter_Compact,HOBBYWING_H13MD_coaxial_axis,54.0,12Sx4_2P2S_24S_132Ah,132000,24,68850.0,20310.0,48540.0,23707.2,83.62555900800038,True,1079.3553901555738,91663.97076235201,40336.02923764799,70.0,59.0,98.0,84.5,70.0,59.0
TailSitter_Bicopter_Compact,HOBBYWING_H13MD_coaxial_axis,54.0,Farasis_24S1P_53Ah,53000,24,47751.0,20310.0,27441.0,864.0,57.78156178883559,False,1077.25780471675,72205.06562296918,-19205.06562296918,59.0,49.5,94.5,81.5,59.0,49.5
TailSitter_Bicopter_Compact,HOBBYWING_H13MD_coaxial_axis,54.0,Farasis_24S2P_106Ah,106000,24,69452.0,20310.0,49142.0,1728.0,66.29736050463718,True,1078.053557566706,93513.61545638232,12486.384543617678,70.0,59.0,98.0,85.0,70.0,59.0
TailSitter_Bicopter_Compact,HOBBYWING_H13MD_coaxial_axis,54.0,ZYE_UltraHV_24S_66Ah,66000,24,47050.0,20310.0,26740.0,2498.0,73.41344473603633,False,1078.0886069978023,72038.28389185092,-6038.283891850922,58.5,48.5,94.5,81.5,58.5,48.5
TailSitter_Bicopter_Compact,HOBBYWING_H13MD_coaxial_axis,54.0,Grepow_TARBG_24S_30Ah,30000,24,35395.0,20310.0,15085.0,5302.78,43.49480824669889,False,1073.932504699416,62743.02654632859,-32743.02654632859,52.0,40.0,90.0,79.5,52.0,40.0
TailSitter_Bicopter_Compact,HOBBYWING_H13MD_coaxial_axis,54.0,Amprius_SA08_24S1P_11Ah,11050,24,28750.0,20310.0,8440.0,4640.0,16.020587704200757,False,1072.0451278120997,58288.57075507165,-47238.57075507165,46.0,40.0,87.0,78.0,46.0,40.0
TailSitter_Bicopter_Compact,HOBBYWING_H13MD_coaxial_axis,54.0,Amprius_SA08_24S2P_22Ah,22100,24,31450.0,20310.0,11140.0,9280.0,32.041175408401514,False,1072.957011806209,59742.47718320931,-37642.47718320931,49.5,40.0,88.5,78.5,49.5,40.0
TailSitter_Bicopter_Compact,HOBBYWING_H13MD_coaxial_axis,54.0,Amprius_SA88_24S1P_10Ah,10500,24,28497.0,20310.0,8187.0,1944.0,15.22318288634461,False,1071.7611223953559,58275.11105761394,-47775.11105761394,46.0,40.0,87.0,78.0,46.0,40.0
TailSitter_Bicopter_Compact,HOBBYWING_H13MD_coaxial_axis,54.0,Amprius_SA88_24S2P_21Ah,21000,24,30943.0,20310.0,10633.0,3888.0,30.44636577268922,False,1072.4007407536935,59703.58549323988,-38703.58549323988,49.0,40.0,88.0,78.5,49.0,40.0
TailSitter_Bicopter_Compact,HOBBYWING_H13MD_coaxial_axis,54.0,Grepow_NMC811_24S1P_87Ah,87000,24,48471.0,20310.0,28161.0,15378.12,92.93807718240082,True,1075.639222929754,74929.73113850925,12070.268861490753,59.5,50.0,94.5,82.0,59.5,50.0
TailSitter_Bicopter_Compact,HOBBYWING_H13MD_coaxial_axis,54.0,Grepow_NMC811_24S2P_24Ah,24000,24,32582.0,20310.0,12272.0,4242.24,34.79584659735911,False,1072.4537296651438,61154.406412072196,-37154.406412072196,50.5,40.0,89.0,79.0,50.5,40.0
TailSitter_Bicopter_Compact,HOBBYWING_H13MD_coaxial_axis,54.0,Amprius_SA88_24S4P_42Ah,42000,24,35838.0,20310.0,15528.0,7776.0,60.89273154537844,False,1074.4059334009585,62778.392666608765,-20778.392666608765,52.5,40.0,90.5,79.5,52.5,40.0
TailSitter_Bicopter_Compact,HOBBYWING_H13MD_coaxial_axis,54.0,Amprius_SA88_24S6P_63Ah,63000,24,40732.0,20310.0,20422.0,11664.0,85.1343479999817,False,1076.780594681879,66538.23971506186,-3538.2397150618635,55.0,43.0,92.5,80.5,55.0,43.0
TailSitter_Bicopter_Compact,HOBBYWING_H13MD_coaxial_axis,54.0,Grepow_NMC811_small_24S4P_48Ah,48000,24,39114.0,20310.0,18804.0,8484.48,68.49966754183096,False,1075.939436987251,66307.77747657138,-18307.777476571384,54.0,41.0,91.5,80.5,54.0,41.0
TailSitter_Bicopter_Compact,HOBBYWING_H15MD_PLUS_coaxial_axis,73.0,YANGDA_XTurbo_24S_44Ah,44000,24,44367.5,20737.5,23630.0,7800.0,39.141070896781905,False,1072.206696182389,50988.07673529128,-6988.076735291281,40.0,40.0,67.0,56.5,40.0,40.0
TailSitter_Bicopter_Compact,HOBBYWING_H15MD_PLUS_coaxial_axis,73.0,TATTU_NEO_24S_30Ah,30000,24,48537.5,20737.5,27800.0,5668.98,26.687093793260388,False,1071.7813174305504,53668.97004458166,-23668.970044581663,41.5,40.0,67.5,57.5,41.5,40.0
TailSitter_Bicopter_Compact,HOBBYWING_H15MD_PLUS_coaxial_axis,73.0,MAD_24S_55Ah_solid_state,55000,24,48205.5,20737.5,27468.0,9372.0,48.926338620977376,True,1071.547500284923,53658.234763926426,1341.7652360735738,41.5,40.0,67.5,57.5,41.5,40.0
TailSitter_Bicopter_Compact,HOBBYWING_H15MD_PLUS_coaxial_axis,73.0,MAD_24S_100Ah_solid_state,100000,24,61842.5,20737.5,41105.0,17040.0,88.95697931086796,True,1075.094728560614,59584.76057564134,40415.23942435866,46.0,40.0,70.5,59.5,46.0,40.0
TailSitter_Bicopter_Compact,HOBBYWING_H15MD_PLUS_coaxial_axis,73.0,12Sx2_series_24S_66Ah,66000,24,52937.5,20737.5,32200.0,11853.6,58.711606345172854,True,1073.3510667052742,55160.71812105242,10839.281878947579,43.0,40.0,68.5,58.0,43.0,40.0
TailSitter_Bicopter_Compact,HOBBYWING_H15MD_PLUS_coaxial_axis,73.0,12Sx4_2P2S_24S_132Ah,132000,24,74337.5,20737.5,53600.0,23707.2,102.22961020589614,True,1078.9346080122455,66654.01011054327,65345.98988945673,50.0,42.0,72.5,61.5,50.0,42.0
TailSitter_Bicopter_Compact,HOBBYWING_H15MD_PLUS_coaxial_axis,73.0,Farasis_24S1P_53Ah,53000,24,53238.5,20737.5,32501.0,864.0,47.14719903476002,False,1073.9088289249405,55191.66704805779,-2191.6670480577886,43.0,40.0,68.5,58.0,43.0,40.0
TailSitter_Bicopter_Compact,HOBBYWING_H15MD_PLUS_coaxial_axis,73.0,Farasis_24S2P_106Ah,106000,24,74939.5,20737.5,54202.0,1728.0,81.18253694494409,True,1078.3055678369328,68153.18321988235,37846.816780117646,50.0,42.0,72.5,62.0,50.0,42.0
TailSitter_Bicopter_Compact,HOBBYWING_H15MD_PLUS_coaxial_axis,73.0,ZYE_UltraHV_24S_66Ah,66000,24,52537.5,20737.5,31800.0,2498.0,58.711606345172854,True,1072.8267515267628,55132.70905400752,10867.290945992478,43.0,40.0,68.5,58.0,43.0,40.0
TailSitter_Bicopter_Compact,HOBBYWING_H15MD_PLUS_coaxial_axis,73.0,Grepow_TARBG_24S_30Ah,30000,24,40882.5,20737.5,20145.0,5302.78,26.687093793260388,False,1070.720518799026,49622.205204919475,-19622.205204919475,40.0,40.0,66.0,56.0,40.0,40.0
TailSitter_Bicopter_Compact,HOBBYWING_H15MD_PLUS_coaxial_axis,73.0,Amprius_SA08_24S1P_11Ah,11050,24,34237.5,20737.5,13500.0,4640.0,9.829746213850909,False,1068.6701144511023,47026.36349164269,-35976.36349164269,40.0,40.0,64.5,55.0,40.0,40.0
TailSitter_Bicopter_Compact,HOBBYWING_H15MD_PLUS_coaxial_axis,73.0,Amprius_SA08_24S2P_22Ah,22100,24,36937.5,20737.5,16200.0,9280.0,19.659492427701817,False,1069.1814810620567,48290.070377028365,-26190.070377028365,40.0,40.0,65.5,55.5,40.0,40.0
TailSitter_Bicopter_Compact,HOBBYWING_H15MD_PLUS_coaxial_axis,73.0,Amprius_SA88_24S1P_10Ah,10500,24,33984.5,20737.5,13247.0,1944.0,9.340482827641136,False,1070.7593507918646,45916.257076944145,-35416.257076944145,40.0,40.0,64.5,54.5,40.0,40.0
TailSitter_Bicopter_Compact,HOBBYWING_H15MD_PLUS_coaxial_axis,73.0,Amprius_SA88_24S2P_21Ah,21000,24,36430.5,20737.5,15693.0,3888.0,18.68096565528227,False,1070.6660159420935,47121.8262541508,-26121.8262541508,40.0,40.0,65.0,55.0,40.0,40.0
TailSitter_Bicopter_Compact,HOBBYWING_H15MD_PLUS_coaxial_axis,73.0,Grepow_NMC811_24S1P_87Ah,87000,24,53958.5,20737.5,33221.0,15378.12,77.39257200045512,True,1072.2109048222321,56507.85513437761,30492.144865622387,43.5,40.0,69.0,58.5,43.5,40.0
TailSitter_Bicopter_Compact,HOBBYWING_H15MD_PLUS_coaxial_axis,73.0,Grepow_NMC811_24S2P_24Ah,24000,24,38069.5,20737.5,17332.0,4242.24,21.34967503460831,False,1069.972784991574,48325.08769395226,-24325.087693952257,40.0,40.0,65.5,55.5,40.0,40.0
TailSitter_Bicopter_Compact,HOBBYWING_H15MD_PLUS_coaxial_axis,73.0,Amprius_SA88_24S4P_42Ah,42000,24,41325.5,20737.5,20588.0,7776.0,37.36193131056454,False,1071.166545371195,49643.215413880964,-7643.215413880964,40.0,40.0,66.0,56.0,40.0,40.0
TailSitter_Bicopter_Compact,HOBBYWING_H15MD_PLUS_coaxial_axis,73.0,Amprius_SA88_24S6P_63Ah,63000,24,46219.5,20737.5,25482.0,11664.0,56.042896965846815,True,1071.852270857382,52299.44505522943,10700.55494477057,40.5,40.0,67.0,57.0,40.5,40.0
TailSitter_Bicopter_Compact,HOBBYWING_H15MD_PLUS_coaxial_axis,73.0,Grepow_NMC811_small_24S4P_48Ah,48000,24,44601.5,20737.5,23864.0,8484.48,42.69935006921662,False,1072.5912801723705,51007.46863258799,-3007.4686325879884,40.0,40.0,67.0,56.5,40.0,40.0
TailSitter_Bicopter_Compact,HOBBYWING_H15MD_coaxial_axis,64.0,YANGDA_XTurbo_24S_44Ah,44000,24,41033.0,20535.0,20498.0,7800.0,46.81964221308449,False,1072.5120510790623,55176.474997924604,-11176.474997924604,41.5,40.0,69.5,60.0,41.5,40.0
TailSitter_Bicopter_Compact,HOBBYWING_H15MD_coaxial_axis,64.0,TATTU_NEO_24S_30Ah,30000,24,45203.0,20535.0,24668.0,5668.98,31.922483327103063,False,1072.5715772222143,58217.78991772378,-28217.789917723778,43.0,40.0,70.5,61.0,43.0,40.0
TailSitter_Bicopter_Compact,HOBBYWING_H15MD_coaxial_axis,64.0,MAD_24S_55Ah_solid_state,55000,24,44871.0,20535.0,24336.0,9372.0,58.52455276635562,False,1074.833547628339,56831.417953861615,-1831.4179538616154,43.0,40.0,70.5,60.5,43.0,40.0
TailSitter_Bicopter_Compact,HOBBYWING_H15MD_coaxial_axis,64.0,MAD_24S_100Ah_solid_state,100000,24,58508.0,20535.0,37973.0,17040.0,99.88812039385068,True,1077.7205203408823,65273.89756709617,34726.10243290383,48.0,41.0,73.0,63.0,48.0,41.0
TailSitter_Bicopter_Compact,HOBBYWING_H15MD_coaxial_axis,64.0,12Sx2_series_24S_66Ah,66000,24,49603.0,20535.0,29068.0,11853.6,70.22946331962675,True,1074.140539933534,59902.84198997908,6097.158010020918,45.0,40.0,71.5,61.5,45.0,40.0
TailSitter_Bicopter_Compact,HOBBYWING_H15MD_coaxial_axis,64.0,12Sx4_2P2S_24S_132Ah,132000,24,71003.0,20535.0,50468.0,23707.2,99.39389279389935,True,1077.5865690641174,75346.19455611217,56653.80544388783,52.5,44.5,75.5,65.5,52.5,44.5
TailSitter_Bicopter_Compact,HOBBYWING_H15MD_coaxial_axis,64.0,Farasis_24S1P_53Ah,53000,24,49904.0,20535.0,29369.0,864.0,56.39638721121541,False,1074.6106783528007,59929.01210361964,-6929.012103619643,45.0,40.0,71.5,61.5,45.0,40.0
TailSitter_Bicopter_Compact,HOBBYWING_H15MD_coaxial_axis,64.0,Farasis_24S2P_106Ah,106000,24,71605.0,20535.0,51070.0,1728.0,78.83764781324487,True,1076.444061414256,75520.30955713156,30479.690442868436,52.5,45.0,75.5,65.5,52.5,45.0
TailSitter_Bicopter_Compact,HOBBYWING_H15MD_coaxial_axis,64.0,ZYE_UltraHV_24S_66Ah,66000,24,49203.0,20535.0,28668.0,2498.0,70.22946331962675,True,1073.7361740044296,59876.53822153084,6123.461778469158,45.0,40.0,71.0,61.5,45.0,40.0
TailSitter_Bicopter_Compact,HOBBYWING_H15MD_coaxial_axis,64.0,Grepow_TARBG_24S_30Ah,30000,24,37548.0,20535.0,17013.0,5302.78,31.922483327103063,False,1071.5977982913178,53650.4557000685,-23650.4557000685,40.0,40.0,69.0,59.5,40.0,40.0
TailSitter_Bicopter_Compact,HOBBYWING_H15MD_coaxial_axis,64.0,Amprius_SA08_24S1P_11Ah,11050,24,30903.0,20535.0,10368.0,4640.0,11.75811469214963,False,1070.422389865214,49443.21305944998,-38393.21305944998,40.0,40.0,67.5,58.0,40.0,40.0
TailSitter_Bicopter_Compact,HOBBYWING_H15MD_coaxial_axis,64.0,Amprius_SA08_24S2P_22Ah,22100,24,33603.0,20535.0,13068.0,9280.0,23.51622938429926,False,1071.3157113396608,50842.619852720076,-28742.619852720076,40.0,40.0,68.0,58.5,40.0,40.0
TailSitter_Bicopter_Compact,HOBBYWING_H15MD_coaxial_axis,64.0,Amprius_SA88_24S1P_10Ah,10500,24,30650.0,20535.0,10115.0,1944.0,11.172869164486071,False,1070.087492317612,49426.91679242397,-38926.91679242397,40.0,40.0,67.5,58.0,40.0,40.0
TailSitter_Bicopter_Compact,HOBBYWING_H15MD_coaxial_axis,64.0,Amprius_SA88_24S2P_21Ah,21000,24,33096.0,20535.0,12561.0,3888.0,22.345738328972143,False,1070.6462395315561,50809.700378678266,-29809.700378678266,40.0,40.0,68.0,58.5,40.0,40.0
TailSitter_Bicopter_Compact,HOBBYWING_H15MD_coaxial_axis,64.0,Grepow_NMC811_24S1P_87Ah,87000,24,50624.0,20535.0,30089.0,15378.12,92.57520164859888,True,1073.4289573445299,61454.67004856079,25545.329951439213,45.5,40.0,71.5,62.0,45.5,40.0
TailSitter_Bicopter_Compact,HOBBYWING_H15MD_coaxial_axis,64.0,Grepow_NMC811_24S2P_24Ah,24000,24,34735.0,20535.0,14200.0,4242.24,25.53798666168245,False,1070.5711273577208,52190.73839672999,-28190.73839672999,40.0,40.0,68.5,59.0,40.0,40.0
TailSitter_Bicopter_Compact,HOBBYWING_H15MD_coaxial_axis,64.0,Amprius_SA88_24S4P_42Ah,42000,24,37991.0,20535.0,17456.0,7776.0,44.691476657944285,False,1071.9955268460517,53668.20420390444,-11668.204203904439,40.0,40.0,69.0,59.5,40.0,40.0
TailSitter_Bicopter_Compact,HOBBYWING_H15MD_coaxial_axis,64.0,Amprius_SA88_24S6P_63Ah,63000,24,42885.0,20535.0,22350.0,11664.0,67.03721498691644,True,1072.4249111983622,56666.48352490948,6333.516475090517,42.0,40.0,70.0,60.5,42.0,40.0
TailSitter_Bicopter_Compact,HOBBYWING_H15MD_coaxial_axis,64.0,Grepow_NMC811_small_24S4P_48Ah,48000,24,41267.0,20535.0,20732.0,8484.48,51.0759733233649,False,1072.7886363595444,55190.36353202103,-7190.363532021031,41.5,40.0,69.5,60.0,41.5,40.0
TailSitter_Bicopter_Compact,M50C35_PRO_EEE_34kv,30.0,YANGDA_XTurbo_24S_44Ah,44000,24,36200.0,19770.0,16430.0,11200.0,56.33238747406176,False,1071.779062968599,56111.08334195761,-12111.083341957608,43.0,40.0,100.0,73.0,43.0,40.0
TailSitter_Bicopter_Compact,M50C35_PRO_EEE_34kv,30.0,TATTU_NEO_24S_30Ah,30000,24,40370.0,19770.0,20600.0,9068.98,38.40844600504211,False,1073.5239547919282,58244.19039661027,-28244.19039661027,46.0,40.0,100.0,74.0,46.0,40.0
TailSitter_Bicopter_Compact,M50C35_PRO_EEE_34kv,30.0,MAD_24S_55Ah_solid_state,55000,24,40038.0,19770.0,20268.0,12772.0,70.4154843425772,False,1073.0620104747802,58207.66373386063,-3207.6637338606306,45.5,40.0,100.0,74.0,45.5,40.0
TailSitter_Bicopter_Compact,M50C35_PRO_EEE_34kv,30.0,MAD_24S_100Ah_solid_state,100000,24,53675.0,19770.0,33905.0,20440.0,104.7898719681855,True,1075.411832621655,68759.12948641389,31240.87051358611,53.5,43.5,100.0,78.5,53.5,43.5
TailSitter_Bicopter_Compact,M50C35_PRO_EEE_34kv,30.0,12Sx2_series_24S_66Ah,66000,24,44770.0,19770.0,25000.0,15253.6,84.49858121109264,True,1074.39946218615,61398.16264996982,4601.837350030182,49.0,40.0,100.0,75.5,49.0,40.0
TailSitter_Bicopter_Compact,M50C35_PRO_EEE_34kv,30.0,12Sx4_2P2S_24S_132Ah,132000,24,66170.0,19770.0,46400.0,27107.2,102.87298134097608,True,1078.1382270793347,78454.59772173477,53545.40227826523,59.5,48.5,100.0,82.0,59.5,48.5
TailSitter_Bicopter_Compact,M50C35_PRO_EEE_34kv,30.0,Farasis_24S1P_53Ah,53000,24,45071.0,19770.0,25301.0,4264.0,67.8549212755744,False,1074.8665371646753,61429.78275797882,-8429.78275797882,49.5,40.0,100.0,75.5,49.5,40.0
TailSitter_Bicopter_Compact,M50C35_PRO_EEE_34kv,30.0,Farasis_24S2P_106Ah,106000,24,66772.0,19770.0,47002.0,5128.0,81.5852243916624,True,1081.6390025737137,78630.03521812793,27369.96478187207,59.5,48.5,100.0,82.0,59.5,48.5
TailSitter_Bicopter_Compact,M50C35_PRO_EEE_34kv,30.0,ZYE_UltraHV_24S_66Ah,66000,24,44370.0,19770.0,24600.0,5898.0,84.49858121109264,True,1073.7585035886761,61367.90598869216,4632.0940113078395,49.0,40.0,100.0,75.5,49.0,40.0
TailSitter_Bicopter_Compact,M50C35_PRO_EEE_34kv,30.0,Grepow_TARBG_24S_30Ah,30000,24,32715.0,19770.0,12945.0,8702.779999999999,38.40844600504211,False,1073.5261740017395,53268.91370770104,-23268.91370770104,40.5,40.0,92.5,71.5,40.5,40.0
TailSitter_Bicopter_Compact,M50C35_PRO_EEE_34kv,30.0,Amprius_SA08_24S1P_11Ah,11050,24,26070.0,19770.0,6300.0,8040.0,14.14711094519051,False,1070.784857770046,49481.443324026295,-38431.443324026295,40.0,40.0,83.0,69.5,40.0,40.0
TailSitter_Bicopter_Compact,M50C35_PRO_EEE_34kv,30.0,Amprius_SA08_24S2P_22Ah,22100,24,28770.0,19770.0,9000.0,12680.0,28.29422189038102,False,1071.3724919062092,51278.72314340363,-29178.72314340363,40.0,40.0,84.0,70.5,40.0,40.0
TailSitter_Bicopter_Compact,M50C35_PRO_EEE_34kv,30.0,Amprius_SA88_24S1P_10Ah,10500,24,25817.0,19770.0,6047.0,5344.0,13.442956101764738,False,1070.4192397814395,49463.88892987335,-38963.88892987335,40.0,40.0,83.0,69.5,40.0,40.0
TailSitter_Bicopter_Compact,M50C35_PRO_EEE_34kv,30.0,Amprius_SA88_24S2P_21Ah,21000,24,28263.0,19770.0,8493.0,7288.0,26.885912203529475,False,1070.8159832387155,51253.369909322384,-30253.369909322384,40.0,40.0,84.0,70.5,40.0,40.0
TailSitter_Bicopter_Compact,M50C35_PRO_EEE_34kv,30.0,Grepow_NMC811_24S1P_87Ah,87000,24,45791.0,19770.0,26021.0,18778.120000000003,111.38449341462211,True,1074.5893202555098,62454.58692611943,24545.41307388057,50.0,40.0,100.0,76.0,50.0,40.0
TailSitter_Bicopter_Compact,M50C35_PRO_EEE_34kv,30.0,Grepow_NMC811_24S2P_24Ah,24000,24,29902.0,19770.0,10132.0,7642.24,30.726756804033688,False,1071.5039581066926,52194.040892705096,-28194.040892705096,40.0,40.0,84.5,71.0,40.0,40.0
TailSitter_Bicopter_Compact,M50C35_PRO_EEE_34kv,30.0,Amprius_SA88_24S4P_42Ah,42000,24,33158.0,19770.0,13388.0,11176.0,53.77182440705895,False,1071.7513738775942,54127.20604270509,-12127.20604270509,41.0,40.0,93.5,72.0,41.0,40.0
TailSitter_Bicopter_Compact,M50C35_PRO_EEE_34kv,30.0,Amprius_SA88_24S6P_63Ah,63000,24,38052.0,19770.0,18282.0,15064.0,80.65773661058843,True,1072.173773618923,57144.48479654871,5855.515203451287,44.5,40.0,100.0,73.5,44.5,40.0
TailSitter_Bicopter_Compact,M50C35_PRO_EEE_34kv,30.0,Grepow_NMC811_small_24S4P_48Ah,48000,24,36434.0,19770.0,16664.0,11884.48,61.453513608067375,False,1072.0441755556817,56123.71534242478,-8123.715342424781,43.0,40.0,100.0,73.0,43.0,40.0
TailSitter_Bicopter_Compact,TMOTOR_U15L_KV43,47.0,YANGDA_XTurbo_24S_44Ah,44000,24,40822.5,20152.5,20670.0,25087.0,51.91364518086929,False,20243.04944808366,2003346.1356909042,-1959346.1356909042,58.0,45.5,100.0,100.0,58.0,45.5
TailSitter_Bicopter_Compact,TMOTOR_U15L_KV43,47.0,TATTU_NEO_24S_30Ah,30000,24,44992.5,20152.5,24840.0,22955.98,30.899332960204397,False,20241.973752612485,2003875.2984044647,-1973875.2984044647,62.0,48.0,100.0,100.0,62.0,48.0
TailSitter_Bicopter_Compact,TMOTOR_U15L_KV43,47.0,MAD_24S_55Ah_solid_state,55000,24,44660.5,20152.5,24508.0,26659.0,57.2418640893564,False,20242.99074181894,2003783.901957975,-1948783.901957975,61.5,47.5,100.0,100.0,61.5,47.5
TailSitter_Bicopter_Compact,TMOTOR_U15L_KV43,47.0,MAD_24S_100Ah_solid_state,100000,24,58297.5,20152.5,38145.0,34327.0,71.38897750378656,False,20243.705031297923,2005460.1386329571,-1905460.1386329571,72.5,56.5,100.0,100.0,72.5,56.5
TailSitter_Bicopter_Compact,TMOTOR_U15L_KV43,47.0,12Sx2_series_24S_66Ah,66000,24,49392.5,20152.5,29240.0,29140.6,59.60966574547423,False,20243.891202282775,2004330.0136880968,-1938330.0136880968,64.0,50.0,100.0,100.0,64.0,50.0
TailSitter_Bicopter_Compact,TMOTOR_U15L_KV43,47.0,12Sx4_2P2S_24S_132Ah,132000,24,70792.5,20152.5,50640.0,40994.2,71.0709776557144,False,20243.299861540516,2007260.723208693,-1875260.723208693,82.5,64.0,100.0,100.0,82.5,64.0
TailSitter_Bicopter_Compact,TMOTOR_U15L_KV43,47.0,Farasis_24S1P_53Ah,53000,24,49693.5,20152.5,29541.0,18151.0,47.46109342398806,False,20242.710731799143,2004403.2532375248,-1951403.2532375248,64.5,50.5,100.0,100.0,64.5,50.5
TailSitter_Bicopter_Compact,TMOTOR_U15L_KV43,47.0,Farasis_24S2P_106Ah,106000,24,71394.5,20152.5,51242.0,19015.0,56.368350375298725,False,20244.283882861284,2007296.9408384445,-1901296.9408384445,83.5,64.0,100.0,100.0,83.5,64.0
TailSitter_Bicopter_Compact,TMOTOR_U15L_KV43,47.0,ZYE_UltraHV_24S_66Ah,66000,24,48992.5,20152.5,28840.0,19785.0,60.29551737668668,False,20242.83480897768,2004309.3405591233,-1938309.3405591233,64.0,50.0,100.0,100.0,64.0,50.0
TailSitter_Bicopter_Compact,TMOTOR_U15L_KV43,47.0,Grepow_TARBG_24S_30Ah,30000,24,37337.5,20152.5,17185.0,22589.78,39.973051032523436,False,20241.88931730184,2003010.8584964175,-1973010.8584964175,54.0,44.0,100.0,100.0,54.0,44.0
TailSitter_Bicopter_Compact,TMOTOR_U15L_KV43,47.0,Amprius_SA08_24S1P_11Ah,11050,24,30692.5,20152.5,10540.0,21927.0,19.160876086051708,False,20242.62311243446,2002314.6918696587,-1991264.6918696587,48.0,40.5,100.0,100.0,48.0,40.5
TailSitter_Bicopter_Compact,TMOTOR_U15L_KV43,47.0,Amprius_SA08_24S2P_22Ah,22100,24,33392.5,20152.5,13240.0,26567.0,34.23027420665448,False,20242.078156174113,2002588.383131677,-1980488.383131677,50.5,42.0,100.0,100.0,50.5,42.0
TailSitter_Bicopter_Compact,TMOTOR_U15L_KV43,47.0,Amprius_SA88_24S1P_10Ah,10500,24,30439.5,20152.5,10287.0,19231.0,18.40825985634055,False,20241.824925866484,2002306.4561083918,-1991806.4561083918,48.0,40.5,100.0,100.0,48.0,40.5
TailSitter_Bicopter_Compact,TMOTOR_U15L_KV43,47.0,Amprius_SA88_24S2P_21Ah,21000,24,32885.5,20152.5,12733.0,21175.0,33.20241916274696,False,20241.341779252845,2002577.5801861405,-1981577.5801861405,50.0,42.0,100.0,100.0,50.0,42.0
TailSitter_Bicopter_Compact,TMOTOR_U15L_KV43,47.0,Grepow_NMC811_24S1P_87Ah,87000,24,50413.5,20152.5,30261.0,32665.120000000003,76.34704370252364,False,20242.79699779415,2004497.0577677328,-1917497.0577677328,64.5,51.0,100.0,100.0,64.5,51.0
TailSitter_Bicopter_Compact,TMOTOR_U15L_KV43,47.0,Grepow_NMC811_24S2P_24Ah,24000,24,34524.5,20152.5,14372.0,21529.239999999998,35.54209158271201,False,20242.342971555732,2002695.424756244,-1978695.424756244,51.5,42.5,100.0,100.0,51.5,42.5
TailSitter_Bicopter_Compact,TMOTOR_U15L_KV43,47.0,Amprius_SA88_24S4P_42Ah,42000,24,37780.5,20152.5,17628.0,25063.0,55.07639971493507,False,20242.72944207238,2003024.1320641239,-1961024.1320641239,54.5,44.0,100.0,100.0,54.5,44.0
TailSitter_Bicopter_Compact,TMOTOR_U15L_KV43,47.0,Amprius_SA88_24S6P_63Ah,63000,24,42674.5,20152.5,22522.0,28951.0,69.88587938389199,False,20242.723883533356,2003559.7019819359,-1940559.7019819359,60.5,46.5,100.0,100.0,60.5,46.5
TailSitter_Bicopter_Compact,TMOTOR_U15L_KV43,47.0,Grepow_NMC811_small_24S4P_48Ah,48000,24,41056.5,20152.5,20904.0,25771.48,56.187394089821,False,20241.825053156113,2003432.0986725267,-1955432.0986725267,58.5,46.0,100.0,100.0,58.5,46.0
TailSitter_Bicopter_Compact,TMOTOR_U15XL_KV38,52.0,YANGDA_XTurbo_24S_44Ah,44000,24,42771.0,20265.0,22506.0,32887.0,52.25197504997837,False,1079.315600668481,70194.31177452793,-26194.31177452793,51.5,43.5,100.0,85.5,51.5,43.5
TailSitter_Bicopter_Compact,TMOTOR_U15XL_KV38,52.0,TATTU_NEO_24S_30Ah,30000,24,46941.0,20265.0,26676.0,30755.98,31.44655404042468,False,1080.161167796436,73572.27230871402,-43572.27230871402,53.5,45.5,100.0,88.5,53.5,45.5
TailSitter_Bicopter_Compact,TMOTOR_U15XL_KV38,52.0,MAD_24S_55Ah_solid_state,55000,24,46609.0,20265.0,26344.0,34459.0,58.214239412956125,False,1080.246546780974,73211.17116779099,-18211.17116779099,53.5,45.5,100.0,88.0,53.5,45.5
TailSitter_Bicopter_Compact,TMOTOR_U15XL_KV38,52.0,MAD_24S_100Ah_solid_state,100000,24,60246.0,20265.0,39981.0,42127.0,73.69579501155236,True,1088.8187856095496,85796.37515808176,14203.624841918238,64.5,50.0,100.0,98.5,64.5,50.0
TailSitter_Bicopter_Compact,TMOTOR_U15XL_KV38,52.0,12Sx2_series_24S_66Ah,66000,24,51341.0,20265.0,31076.0,36940.6,61.00408035824876,False,1081.3308202924368,77398.44260937293,-11398.442609372927,57.0,47.0,100.0,92.0,57.0,47.0
TailSitter_Bicopter_Compact,TMOTOR_U15XL_KV38,52.0,12Sx4_2P2S_24S_132Ah,132000,24,72741.0,20265.0,52476.0,48794.2,74.66246389840629,False,20243.702974625085,2006922.9210649182,-1874922.9210649182,71.5,55.0,100.0,100.0,71.5,55.0
TailSitter_Bicopter_Compact,TMOTOR_U15XL_KV38,52.0,Farasis_24S1P_53Ah,53000,24,51642.0,20265.0,31377.0,25951.0,48.58288214009444,False,1082.717451062696,77481.26408585707,-24481.264085857067,57.5,47.0,100.0,92.0,57.5,47.0
TailSitter_Bicopter_Compact,TMOTOR_U15XL_KV38,52.0,Farasis_24S2P_106Ah,106000,24,73343.0,20265.0,53078.0,26815.0,59.26752403963822,False,20244.98098844665,2006966.0715833982,-1900966.0715833982,72.0,55.0,100.0,100.0,72.0,55.0
TailSitter_Bicopter_Compact,TMOTOR_U15XL_KV38,52.0,ZYE_UltraHV_24S_66Ah,66000,24,50941.0,20265.0,30676.0,27585.0,61.685449379085846,False,1081.4774922219488,76944.33191181642,-10944.331911816422,56.5,47.0,100.0,91.5,56.5,47.0
TailSitter_Bicopter_Compact,TMOTOR_U15XL_KV38,52.0,Grepow_TARBG_24S_30Ah,30000,24,39286.0,20265.0,19021.0,30389.78,39.82876951530006,False,1078.1692096846054,67140.42520894762,-37140.42520894762,49.5,42.0,100.0,84.0,49.5,42.0
TailSitter_Bicopter_Compact,TMOTOR_U15XL_KV38,52.0,Amprius_SA08_24S1P_11Ah,11050,24,32641.0,20265.0,12376.0,29727.0,16.3946587537092,False,1075.6224815637713,62053.823243092294,-51003.823243092294,46.0,40.0,100.0,82.5,46.0,40.0
TailSitter_Bicopter_Compact,TMOTOR_U15XL_KV38,52.0,Amprius_SA08_24S2P_22Ah,22100,24,35341.0,20265.0,15076.0,34367.0,32.7893175074184,False,1075.7791378426998,65225.17981296559,-43125.17981296559,47.5,40.0,100.0,83.5,47.5,40.0
TailSitter_Bicopter_Compact,TMOTOR_U15XL_KV38,52.0,Amprius_SA88_24S1P_10Ah,10500,24,32388.0,20265.0,12123.0,27031.0,15.578635014836797,False,1075.0252978137746,62019.42375077004,-51519.42375077004,46.0,40.0,100.0,82.5,46.0,40.0
TailSitter_Bicopter_Compact,TMOTOR_U15XL_KV38,52.0,Amprius_SA88_24S2P_21Ah,21000,24,34834.0,20265.0,14569.0,28975.0,31.157270029673594,False,1076.5702144570141,63727.90835996322,-42727.90835996322,47.0,40.0,100.0,83.0,47.0,40.0
TailSitter_Bicopter_Compact,TMOTOR_U15XL_KV38,52.0,Grepow_NMC811_24S1P_87Ah,87000,24,52362.0,20265.0,32097.0,40465.12,78.19461518052631,True,1081.7276671413497,78147.1558193064,8852.844180693603,58.0,47.5,100.0,92.5,58.0,47.5
TailSitter_Bicopter_Compact,TMOTOR_U15XL_KV38,52.0,Grepow_NMC811_24S2P_24Ah,24000,24,36473.0,20265.0,16208.0,29329.239999999998,35.10578853882358,False,1076.8846592477078,65366.451310106524,-41366.451310106524,48.0,40.5,100.0,83.5,48.0,40.5
TailSitter_Bicopter_Compact,TMOTOR_U15XL_KV38,52.0,Amprius_SA88_24S4P_42Ah,42000,24,39729.0,20265.0,19464.0,32863.0,54.950607092221404,False,1078.412043280039,68262.32529337886,-26262.32529337886,49.5,42.0,100.0,84.5,49.5,42.0
TailSitter_Bicopter_Compact,TMOTOR_U15XL_KV38,52.0,Amprius_SA88_24S6P_63Ah,63000,24,44623.0,20265.0,24358.0,36751.0,70.71182846691202,False,1079.4020936027098,71570.93231022371,-8570.93231022371,52.5,44.5,100.0,86.5,52.5,44.5
TailSitter_Bicopter_Compact,TMOTOR_U15XL_KV38,52.0,Grepow_NMC811_small_24S4P_48Ah,48000,24,43005.0,20265.0,22740.0,33571.479999999996,56.591789875624215,False,1078.2419215270106,70304.56597552581,-22304.56597552581,51.5,44.0,100.0,85.5,51.5,44.0
TailSitter_Bicopter_Compact,TMOTOR_U15XXL_KV29,62.0,YANGDA_XTurbo_24S_44Ah,44000,24,45420.0,20490.0,24930.0,37387.0,56.48267008985879,False,1075.407829942255,59526.30428513707,-15526.30428513707,50.5,40.0,100.0,76.0,50.5,40.0
TailSitter_Bicopter_Compact,TMOTOR_U15XXL_KV29,62.0,TATTU_NEO_24S_30Ah,30000,24,49590.0,20490.0,29100.0,35255.979999999996,35.83077415251161,False,1077.8501223212684,62170.34104681385,-32170.341046813854,52.5,42.0,100.0,78.0,52.5,42.0
TailSitter_Bicopter_Compact,TMOTOR_U15XXL_KV29,62.0,MAD_24S_55Ah_solid_state,55000,24,49258.0,20490.0,28768.0,38959.0,66.2939971718633,False,1078.0767866479484,62069.12911221937,-7069.1291122193725,52.5,41.5,100.0,78.0,52.5,41.5
TailSitter_Bicopter_Compact,TMOTOR_U15XXL_KV29,62.0,MAD_24S_100Ah_solid_state,100000,24,62895.0,20490.0,42405.0,46627.0,85.4129310916118,True,1079.2472273868543,72125.37166996193,27874.628330038075,58.5,49.0,100.0,84.0,58.5,49.0
TailSitter_Bicopter_Compact,TMOTOR_U15XXL_KV29,62.0,12Sx2_series_24S_66Ah,66000,24,53990.0,20490.0,33500.0,41440.6,70.13944049400777,True,1077.8822063880384,65696.01181994258,303.98818005742214,54.5,44.5,100.0,80.5,54.5,44.5
TailSitter_Bicopter_Compact,TMOTOR_U15XXL_KV29,62.0,12Sx4_2P2S_24S_132Ah,132000,24,75390.0,20490.0,54900.0,53294.2,86.71355406531718,True,1079.8133484769746,82889.28777394853,49110.71222605147,65.5,53.5,100.0,89.5,65.5,53.5
TailSitter_Bicopter_Compact,TMOTOR_U15XXL_KV29,62.0,Farasis_24S1P_53Ah,53000,24,54291.0,20490.0,33801.0,30451.0,55.88988671204772,False,1079.065928322404,65744.78031176998,-12744.78031176998,55.0,44.5,100.0,80.5,55.0,44.5
TailSitter_Bicopter_Compact,TMOTOR_U15XXL_KV29,62.0,Farasis_24S2P_106Ah,106000,24,75992.0,20490.0,55502.0,31315.0,68.83461464034895,True,1081.7049769480032,82991.59032872628,23008.409671273723,65.5,53.5,100.0,89.5,65.5,53.5
TailSitter_Bicopter_Compact,TMOTOR_U15XXL_KV29,62.0,ZYE_UltraHV_24S_66Ah,66000,24,53590.0,20490.0,33100.0,32085.0,70.86765379008219,True,1078.621907349984,65112.05578396703,887.9442160329709,54.5,44.5,100.0,80.0,54.5,44.5
TailSitter_Bicopter_Compact,TMOTOR_U15XXL_KV29,62.0,Grepow_TARBG_24S_30Ah,30000,24,41935.0,20490.0,21445.0,34889.78,38.51091142490372,False,1075.5009694118767,57157.49633261157,-27157.49633261157,48.0,40.0,98.0,73.5,48.0,40.0
TailSitter_Bicopter_Compact,TMOTOR_U15XXL_KV29,62.0,Amprius_SA08_24S1P_11Ah,11050,24,35290.0,20490.0,14800.0,34227.0,14.184852374839537,False,1073.7207442586205,53641.074113287206,-42591.074113287206,44.0,40.0,94.0,70.0,44.0,40.0
TailSitter_Bicopter_Compact,TMOTOR_U15XXL_KV29,62.0,Amprius_SA08_24S2P_22Ah,22100,24,37990.0,20490.0,17500.0,38867.0,28.369704749679073,False,1073.251196912316,55368.025332616366,-33268.025332616366,45.5,40.0,95.5,71.5,45.5,40.0
TailSitter_Bicopter_Compact,TMOTOR_U15XXL_KV29,62.0,Amprius_SA88_24S1P_10Ah,10500,24,35037.0,20490.0,14547.0,31531.0,13.478818998716303,False,1073.0313449531347,53603.24066866788,-43103.24066866788,44.0,40.0,94.0,70.0,44.0,40.0
TailSitter_Bicopter_Compact,TMOTOR_U15XXL_KV29,62.0,Amprius_SA88_24S2P_21Ah,21000,24,37483.0,20490.0,16993.0,33475.0,26.957637997432606,False,1073.637375754006,54892.80631032997,-33892.80631032997,45.5,40.0,95.5,71.0,45.5,40.0
TailSitter_Bicopter_Compact,TMOTOR_U15XXL_KV29,62.0,Grepow_NMC811_24S1P_87Ah,87000,24,55011.0,20490.0,34521.0,44965.12,90.07148479481842,True,1078.12055813166,66492.28157710703,20507.71842289297,55.0,45.0,100.0,81.0,55.0,45.0
TailSitter_Bicopter_Compact,TMOTOR_U15XXL_KV29,62.0,Grepow_NMC811_24S2P_24Ah,24000,24,39122.0,20490.0,18632.0,33829.24,30.808729139922978,False,1073.6384368383297,55851.01004494662,-31851.01004494662,46.5,40.0,96.5,72.0,46.5,40.0
TailSitter_Bicopter_Compact,TMOTOR_U15XXL_KV29,62.0,Amprius_SA88_24S4P_42Ah,42000,24,42378.0,20490.0,21888.0,37363.0,53.91527599486521,False,1074.703280979772,57517.81088103512,-15517.810881035119,48.5,40.0,98.5,74.0,48.5,40.0
TailSitter_Bicopter_Compact,TMOTOR_U15XXL_KV29,62.0,Amprius_SA88_24S6P_63Ah,63000,24,47272.0,20490.0,26782.0,41251.0,80.33207213931308,True,1076.685312282781,60734.14925768604,2265.85074231396,51.5,40.5,100.0,77.0,51.5,40.5
TailSitter_Bicopter_Compact,TMOTOR_U15XXL_KV29,62.0,Grepow_NMC811_small_24S4P_48Ah,48000,24,45654.0,20490.0,25164.0,38071.479999999996,61.617458279845955,False,1075.901565151039,59548.80425536163,-11548.804255361632,50.5,40.0,100.0,76.0,50.5,40.0
TailSitter_Bicopter_Balanced,HOBBYWING_H13MD_coaxial_axis,54.0,YANGDA_XTurbo_24S_44Ah,44000,24,40380.0,21810.0,18570.0,7800.0,60.157635347486256,False,1075.2653989976286,66421.66836554454,-22421.668365544538,55.0,42.5,92.0,80.5,55.0,42.5
TailSitter_Bicopter_Balanced,HOBBYWING_H13MD_coaxial_axis,54.0,TATTU_NEO_24S_30Ah,30000,24,44550.0,21810.0,22740.0,5668.98,35.928103630676304,False,1076.578091785793,69200.80133722314,-39200.801337223136,57.5,46.5,93.5,81.0,57.5,46.5
TailSitter_Bicopter_Balanced,HOBBYWING_H13MD_coaxial_axis,54.0,MAD_24S_55Ah_solid_state,55000,24,44218.0,21810.0,22408.0,9372.0,66.53674369713814,False,1075.618522974802,69149.0579432761,-14149.0579432761,57.0,46.5,93.5,81.0,57.0,46.5
TailSitter_Bicopter_Balanced,HOBBYWING_H13MD_coaxial_axis,54.0,MAD_24S_100Ah_solid_state,100000,24,57855.0,21810.0,36045.0,17040.0,82.30053528242657,True,1075.6485557705184,81925.0094111494,18074.990588850604,64.5,55.0,96.5,83.0,64.5,55.0
TailSitter_Bicopter_Balanced,HOBBYWING_H13MD_coaxial_axis,54.0,12Sx2_series_24S_66Ah,66000,24,48950.0,21810.0,27140.0,11853.6,69.56646998606342,False,1075.7086941938442,74914.15439805973,-8914.154398059734,59.5,50.0,95.0,82.0,59.5,50.0
TailSitter_Bicopter_Balanced,HOBBYWING_H13MD_coaxial_axis,54.0,12Sx4_2P2S_24S_132Ah,132000,24,70350.0,21810.0,48540.0,23707.2,81.01319753716595,True,1076.5910542145307,93657.84092280448,38342.15907719552,70.5,59.5,98.0,85.0,70.5,59.5
TailSitter_Bicopter_Balanced,HOBBYWING_H13MD_coaxial_axis,54.0,Farasis_24S1P_53Ah,53000,24,49251.0,21810.0,27441.0,864.0,55.39876257321871,False,1074.8532790340832,74972.40194288616,-21972.401942886165,60.0,50.5,95.0,82.0,60.0,50.5
TailSitter_Bicopter_Balanced,HOBBYWING_H13MD_coaxial_axis,54.0,Farasis_24S2P_106Ah,106000,24,70952.0,21810.0,49142.0,1728.0,64.24728316492458,True,1077.6647424969017,93741.93740283343,12258.062597166572,71.0,59.5,98.5,85.0,71.0,59.5
TailSitter_Bicopter_Balanced,HOBBYWING_H13MD_coaxial_axis,54.0,ZYE_UltraHV_24S_66Ah,66000,24,48550.0,21810.0,26740.0,2498.0,70.34859241897338,False,1074.5871502036107,74886.43608853506,-8886.436088535062,59.5,50.0,95.0,82.0,59.5,50.0
TailSitter_Bicopter_Balanced,HOBBYWING_H13MD_coaxial_axis,54.0,Grepow_TARBG_24S_30Ah,30000,24,36895.0,21810.0,15085.0,5302.78,43.49480824669889,False,1073.3344078962155,64298.31184939085,-34298.31184939085,53.0,40.0,91.0,80.0,53.0,40.0
TailSitter_Bicopter_Balanced,HOBBYWING_H13MD_coaxial_axis,54.0,Amprius_SA08_24S1P_11Ah,11050,24,30250.0,21810.0,8440.0,4640.0,16.020587704200757,False,1071.3149156876646,59633.31308206732,-48583.31308206732,48.0,40.0,88.0,78.5,48.0,40.0
TailSitter_Bicopter_Balanced,HOBBYWING_H13MD_coaxial_axis,54.0,Amprius_SA08_24S2P_22Ah,22100,24,32950.0,21810.0,11140.0,9280.0,32.041175408401514,False,1072.0651754815872,61133.227253384386,-39033.227253384386,51.0,40.0,89.0,79.0,51.0,40.0
TailSitter_Bicopter_Balanced,HOBBYWING_H13MD_coaxial_axis,54.0,Amprius_SA88_24S1P_10Ah,10500,24,29997.0,21810.0,8187.0,1944.0,15.22318288634461,False,1071.2195893638896,59624.39679815056,-49124.39679815056,47.5,40.0,88.0,78.5,47.5,40.0
TailSitter_Bicopter_Balanced,HOBBYWING_H13MD_coaxial_axis,54.0,Amprius_SA88_24S2P_21Ah,21000,24,32443.0,21810.0,10633.0,3888.0,30.44636577268922,False,1071.707897508179,61111.861730968994,-40111.861730968994,50.5,40.0,89.0,79.0,50.5,40.0
TailSitter_Bicopter_Balanced,HOBBYWING_H13MD_coaxial_axis,54.0,Grepow_NMC811_24S1P_87Ah,87000,24,49971.0,21810.0,28161.0,15378.12,89.15167165405403,True,1075.226506157842,75065.35405765446,11934.645942345538,60.5,51.0,95.0,82.0,60.5,51.0
TailSitter_Bicopter_Balanced,HOBBYWING_H13MD_coaxial_axis,54.0,Grepow_NMC811_24S2P_24Ah,24000,24,34082.0,21810.0,12272.0,4242.24,34.79584659735911,False,1073.5238411448668,61220.884158452856,-37220.884158452856,51.5,40.0,89.5,79.0,51.5,40.0
TailSitter_Bicopter_Balanced,HOBBYWING_H13MD_coaxial_axis,54.0,Amprius_SA88_24S4P_42Ah,42000,24,37338.0,21810.0,15528.0,7776.0,60.89273154537844,False,1073.8809970172401,64318.235001491754,-22318.235001491754,53.0,40.0,91.0,80.0,53.0,40.0
TailSitter_Bicopter_Balanced,HOBBYWING_H13MD_coaxial_axis,54.0,Amprius_SA88_24S6P_63Ah,63000,24,42232.0,21810.0,20422.0,11664.0,81.08713926339377,False,1074.7557063826039,68853.83711449466,-5853.837114494658,56.0,44.5,93.0,81.0,56.0,44.5
TailSitter_Bicopter_Balanced,HOBBYWING_H13MD_coaxial_axis,54.0,Grepow_NMC811_small_24S4P_48Ah,48000,24,40614.0,21810.0,18804.0,8484.48,65.11808354353643,False,1075.1380185547991,66469.30585642805,-18469.30585642805,55.0,43.0,92.0,80.5,55.0,43.0
TailSitter_Bicopter_Balanced,HOBBYWING_H15MD_PLUS_coaxial_axis,73.0,YANGDA_XTurbo_24S_44Ah,44000,24,45867.5,22237.5,23630.0,7800.0,39.141070896781905,False,1071.001618516081,52256.265757250054,-8256.265757250054,40.5,40.0,67.0,57.0,40.5,40.0
TailSitter_Bicopter_Balanced,HOBBYWING_H15MD_PLUS_coaxial_axis,73.0,TATTU_NEO_24S_30Ah,30000,24,50037.5,22237.5,27800.0,5668.98,26.687093793260388,False,1072.0959829619533,53697.40129221896,-23697.401292218958,42.0,40.0,68.0,57.5,42.0,40.0
TailSitter_Bicopter_Balanced,HOBBYWING_H15MD_PLUS_coaxial_axis,73.0,MAD_24S_55Ah_solid_state,55000,24,49705.5,22237.5,27468.0,9372.0,48.926338620977376,True,1071.7502970933388,53679.88016651139,1320.1198334886067,42.0,40.0,68.0,57.5,42.0,40.0
TailSitter_Bicopter_Balanced,HOBBYWING_H15MD_PLUS_coaxial_axis,73.0,MAD_24S_100Ah_solid_state,100000,24,63342.5,22237.5,41105.0,17040.0,88.95697931086796,True,1073.5223729923994,60980.75963731427,39019.24036268573,46.5,40.0,70.5,60.0,46.5,40.0
TailSitter_Bicopter_Balanced,HOBBYWING_H15MD_PLUS_coaxial_axis,73.0,12Sx2_series_24S_66Ah,66000,24,54437.5,22237.5,32200.0,11853.6,58.711606345172854,True,1071.8884765019243,56489.666587660606,9510.333412339394,43.5,40.0,69.0,58.5,43.5,40.0
TailSitter_Bicopter_Balanced,HOBBYWING_H15MD_PLUS_coaxial_axis,73.0,12Sx4_2P2S_24S_132Ah,132000,24,75837.5,22237.5,53600.0,23707.2,99.44200498032123,True,1075.2245033427394,68260.41526863868,63739.58473136132,50.5,42.5,73.0,62.0,50.5,42.5
TailSitter_Bicopter_Balanced,HOBBYWING_H15MD_PLUS_coaxial_axis,73.0,Farasis_24S1P_53Ah,53000,24,54738.5,22237.5,32501.0,864.0,47.14719903476002,False,1072.0983807299292,56499.812348244384,-3499.8123482443843,43.5,40.0,69.0,58.5,43.5,40.0
TailSitter_Bicopter_Balanced,HOBBYWING_H15MD_PLUS_coaxial_axis,73.0,Farasis_24S2P_106Ah,106000,24,76439.5,22237.5,54202.0,1728.0,78.98236127689694,True,1076.2010699544767,68301.59902055303,37698.400979446975,50.5,42.5,73.0,62.0,50.5,42.5
TailSitter_Bicopter_Balanced,HOBBYWING_H15MD_PLUS_coaxial_axis,73.0,ZYE_UltraHV_24S_66Ah,66000,24,54037.5,22237.5,31800.0,2498.0,58.711606345172854,True,1071.6325845735148,56477.54847560955,9522.451524390453,43.5,40.0,69.0,58.5,43.5,40.0
TailSitter_Bicopter_Balanced,HOBBYWING_H15MD_PLUS_coaxial_axis,73.0,Grepow_TARBG_24S_30Ah,30000,24,42382.5,22237.5,20145.0,5302.78,26.687093793260388,False,1070.0440102133405,50880.82241655104,-20880.82241655104,40.0,40.0,66.5,56.5,40.0,40.0
TailSitter_Bicopter_Balanced,HOBBYWING_H15MD_PLUS_coaxial_axis,73.0,Amprius_SA08_24S1P_11Ah,11050,24,35737.5,22237.5,13500.0,4640.0,9.829746213850909,False,1069.0771942541369,47044.5713875747,-35994.5713875747,40.0,40.0,65.0,55.0,40.0,40.0
TailSitter_Bicopter_Balanced,HOBBYWING_H15MD_PLUS_coaxial_axis,73.0,Amprius_SA08_24S2P_22Ah,22100,24,38437.5,22237.5,16200.0,9280.0,19.659492427701817,False,1069.6862305504712,48308.528796670784,-26208.528796670784,40.0,40.0,65.5,55.5,40.0,40.0
TailSitter_Bicopter_Balanced,HOBBYWING_H15MD_PLUS_coaxial_axis,73.0,Amprius_SA88_24S1P_10Ah,10500,24,35484.5,22237.5,13247.0,1944.0,9.340482827641136,False,1068.8797872833015,47035.75794109213,-36535.75794109213,40.0,40.0,65.0,55.0,40.0,40.0
TailSitter_Bicopter_Balanced,HOBBYWING_H15MD_PLUS_coaxial_axis,73.0,Amprius_SA88_24S2P_21Ah,21000,24,37930.5,22237.5,15693.0,3888.0,18.68096565528227,False,1069.3061080866412,48291.50358051619,-27291.50358051619,40.0,40.0,65.5,55.5,40.0,40.0
TailSitter_Bicopter_Balanced,HOBBYWING_H15MD_PLUS_coaxial_axis,73.0,Grepow_NMC811_24S1P_87Ah,87000,24,55458.5,22237.5,33221.0,15378.12,77.39257200045512,True,1072.444245320663,56529.67550402595,30470.324495974048,44.0,40.0,69.0,58.5,44.0,40.0
TailSitter_Bicopter_Balanced,HOBBYWING_H15MD_PLUS_coaxial_axis,73.0,Grepow_NMC811_24S2P_24Ah,24000,24,39569.5,22237.5,17332.0,4242.24,21.34967503460831,False,1069.3098131330319,49555.786770775856,-25555.786770775856,40.0,40.0,66.0,56.0,40.0,40.0
TailSitter_Bicopter_Balanced,HOBBYWING_H15MD_PLUS_coaxial_axis,73.0,Amprius_SA88_24S4P_42Ah,42000,24,42825.5,22237.5,20588.0,7776.0,37.36193131056454,False,1070.3032417965608,50891.75434334853,-8891.754343348533,40.0,40.0,66.5,56.5,40.0,40.0
TailSitter_Bicopter_Balanced,HOBBYWING_H15MD_PLUS_coaxial_axis,73.0,Amprius_SA88_24S6P_63Ah,63000,24,47719.5,22237.5,25482.0,11664.0,56.042896965846815,True,1072.356244370388,52351.964666676766,10648.035333323234,41.5,40.0,67.5,57.0,41.5,40.0
TailSitter_Bicopter_Balanced,HOBBYWING_H15MD_PLUS_coaxial_axis,73.0,Grepow_NMC811_small_24S4P_48Ah,48000,24,46101.5,22237.5,23864.0,8484.48,42.69935006921662,False,1071.1618952083477,52263.36417434076,-4263.364174340757,40.5,40.0,67.0,57.0,40.5,40.0
TailSitter_Bicopter_Balanced,HOBBYWING_H15MD_coaxial_axis,64.0,YANGDA_XTurbo_24S_44Ah,44000,24,42533.0,22035.0,20498.0,7800.0,46.81964221308449,False,1071.5933998123876,56622.87870618607,-12622.878706186071,42.0,40.0,70.0,60.5,42.0,40.0
TailSitter_Bicopter_Balanced,HOBBYWING_H15MD_coaxial_axis,64.0,TATTU_NEO_24S_30Ah,30000,24,46703.0,22035.0,24668.0,5668.98,31.922483327103063,False,1072.9280176131394,58243.32257569685,-28243.322575696853,43.5,40.0,70.5,61.0,43.5,40.0
TailSitter_Bicopter_Balanced,HOBBYWING_H15MD_coaxial_axis,64.0,MAD_24S_55Ah_solid_state,55000,24,46371.0,22035.0,24336.0,9372.0,58.52455276635562,False,1072.608411221094,58227.30327369697,-3227.303273696969,43.5,40.0,70.5,61.0,43.5,40.0
TailSitter_Bicopter_Balanced,HOBBYWING_H15MD_coaxial_axis,64.0,MAD_24S_100Ah_solid_state,100000,24,60008.0,22035.0,37973.0,17040.0,96.30406724289966,True,1075.3070372390953,67008.38081924,32991.61918076,48.5,41.5,73.0,63.5,48.5,41.5
TailSitter_Bicopter_Balanced,HOBBYWING_H15MD_coaxial_axis,64.0,12Sx2_series_24S_66Ah,66000,24,51103.0,22035.0,29068.0,11853.6,70.22946331962675,True,1073.0642262269519,61434.81729728589,4565.182702714112,45.5,40.0,71.5,62.0,45.5,40.0
TailSitter_Bicopter_Balanced,HOBBYWING_H15MD_coaxial_axis,64.0,12Sx4_2P2S_24S_132Ah,132000,24,72503.0,22035.0,50468.0,23707.2,96.40433010523012,True,1076.3000069850555,75520.4001037954,56479.5998962046,53.0,45.0,75.5,65.5,53.0,45.0
TailSitter_Bicopter_Balanced,HOBBYWING_H15MD_coaxial_axis,64.0,Farasis_24S1P_53Ah,53000,24,51404.0,22035.0,29369.0,864.0,56.39638721121541,False,1073.3114640145996,61446.08802739653,-8446.08802739653,45.5,40.0,71.5,62.0,45.5,40.0
TailSitter_Bicopter_Balanced,HOBBYWING_H15MD_coaxial_axis,64.0,Farasis_24S2P_106Ah,106000,24,73105.0,22035.0,51070.0,1728.0,76.48660097141595,True,1077.8019858743135,75589.47451664766,30410.525483352336,53.0,45.0,76.0,65.5,53.0,45.0
TailSitter_Bicopter_Balanced,HOBBYWING_H15MD_coaxial_axis,64.0,ZYE_UltraHV_24S_66Ah,66000,24,50703.0,22035.0,28668.0,2498.0,70.22946331962675,True,1072.7607779956372,61421.24014865775,4578.759851342249,45.5,40.0,71.5,62.0,45.5,40.0
TailSitter_Bicopter_Balanced,HOBBYWING_H15MD_coaxial_axis,64.0,Grepow_TARBG_24S_30Ah,30000,24,39048.0,22035.0,17013.0,5302.78,31.922483327103063,False,1072.2570365477281,53688.70053461636,-23688.700534616357,40.5,40.0,69.0,59.5,40.5,40.0
TailSitter_Bicopter_Balanced,HOBBYWING_H15MD_coaxial_axis,64.0,Amprius_SA08_24S1P_11Ah,11050,24,32403.0,22035.0,10368.0,4640.0,11.75811469214963,False,1069.5801385022799,50751.469191427146,-39701.469191427146,40.0,40.0,67.5,58.5,40.0,40.0
TailSitter_Bicopter_Balanced,HOBBYWING_H15MD_coaxial_axis,64.0,Amprius_SA08_24S2P_22Ah,22100,24,35103.0,22035.0,13068.0,9280.0,23.51622938429926,False,1070.3255931874396,52173.60155818733,-30073.60155818733,40.0,40.0,68.5,59.0,40.0,40.0
TailSitter_Bicopter_Balanced,HOBBYWING_H15MD_coaxial_axis,64.0,Amprius_SA88_24S1P_10Ah,10500,24,32150.0,22035.0,10115.0,1944.0,11.172869164486071,False,1069.4101587846117,50744.1883728175,-40244.1883728175,40.0,40.0,67.5,58.5,40.0,40.0
TailSitter_Bicopter_Balanced,HOBBYWING_H15MD_coaxial_axis,64.0,Amprius_SA88_24S2P_21Ah,21000,24,34596.0,22035.0,12561.0,3888.0,22.345738328972143,False,1070.0696097615607,52158.7578906914,-31158.7578906914,40.0,40.0,68.0,59.0,40.0,40.0
TailSitter_Bicopter_Balanced,HOBBYWING_H15MD_coaxial_axis,64.0,Grepow_NMC811_24S1P_87Ah,87000,24,52124.0,22035.0,30089.0,15378.12,92.57520164859888,True,1073.7397226307298,61478.5341338192,25521.4658661808,46.0,40.0,71.5,62.0,46.0,40.0
TailSitter_Bicopter_Balanced,HOBBYWING_H15MD_coaxial_axis,64.0,Grepow_NMC811_24S2P_24Ah,24000,24,36235.0,22035.0,14200.0,4242.24,25.53798666168245,False,1071.3906695680366,52222.747027739504,-28222.747027739504,40.0,40.0,68.5,59.0,40.0,40.0
TailSitter_Bicopter_Balanced,HOBBYWING_H15MD_coaxial_axis,64.0,Amprius_SA88_24S4P_42Ah,42000,24,39491.0,22035.0,17456.0,7776.0,44.691476657944285,False,1071.0533404853823,55087.60013792926,-13087.600137929257,41.0,40.0,69.0,60.0,41.0,40.0
TailSitter_Bicopter_Balanced,HOBBYWING_H15MD_coaxial_axis,64.0,Amprius_SA88_24S6P_63Ah,63000,24,44385.0,22035.0,22350.0,11664.0,67.03721498691644,True,1072.7074496010205,56702.59835055446,6297.401649445543,43.0,40.0,70.0,60.5,43.0,40.0
TailSitter_Bicopter_Balanced,HOBBYWING_H15MD_coaxial_axis,64.0,Grepow_NMC811_small_24S4P_48Ah,48000,24,42767.0,22035.0,20732.0,8484.48,51.0759733233649,False,1071.7559766210786,56629.9542743183,-8629.954274318297,42.0,40.0,70.0,60.5,42.0,40.0
TailSitter_Bicopter_Balanced,M50C35_PRO_EEE_34kv,30.0,YANGDA_XTurbo_24S_44Ah,44000,24,37700.0,21270.0,16430.0,11200.0,56.33238747406176,False,1071.3331217149453,57088.36351037553,-13088.36351037553,44.0,40.0,100.0,73.5,44.0,40.0
TailSitter_Bicopter_Balanced,M50C35_PRO_EEE_34kv,30.0,TATTU_NEO_24S_30Ah,30000,24,41870.0,21270.0,20600.0,9068.98,38.40844600504211,False,1072.7266133342293,59226.17309157517,-29226.17309157517,47.0,40.0,100.0,74.5,47.0,40.0
TailSitter_Bicopter_Balanced,M50C35_PRO_EEE_34kv,30.0,MAD_24S_55Ah_solid_state,55000,24,41538.0,21270.0,20268.0,12772.0,70.4154843425772,False,1072.2629082358303,59201.55384905599,-4201.553849055992,47.0,40.0,100.0,74.5,47.0,40.0
TailSitter_Bicopter_Balanced,M50C35_PRO_EEE_34kv,30.0,MAD_24S_100Ah_solid_state,100000,24,55175.0,21270.0,33905.0,20440.0,100.70842632052826,True,1076.016086936837,68934.04549557084,31065.95450442916,54.0,44.0,100.0,78.5,54.0,44.0
TailSitter_Bicopter_Balanced,M50C35_PRO_EEE_34kv,30.0,12Sx2_series_24S_66Ah,66000,24,46270.0,21270.0,25000.0,15253.6,84.49858121109264,True,1074.31922975767,62436.64971082595,3563.35028917405,50.0,40.0,100.0,76.0,50.0,40.0
TailSitter_Bicopter_Balanced,M50C35_PRO_EEE_34kv,30.0,12Sx4_2P2S_24S_132Ah,132000,24,67670.0,21270.0,46400.0,27107.2,99.74862114821285,True,1076.9372408867914,79797.5827362157,52202.4172637843,60.0,49.0,100.0,82.5,60.0,49.0
TailSitter_Bicopter_Balanced,M50C35_PRO_EEE_34kv,30.0,Farasis_24S1P_53Ah,53000,24,46571.0,21270.0,25301.0,4264.0,67.8549212755744,False,1074.9374498493771,62462.72241001238,-9462.722410012379,50.5,40.0,100.0,76.0,50.5,40.0
TailSitter_Bicopter_Balanced,M50C35_PRO_EEE_34kv,30.0,Farasis_24S2P_106Ah,106000,24,68272.0,21270.0,47002.0,5128.0,79.1351920585045,True,1077.0280350961518,79969.90089041904,26030.09910958096,60.0,49.5,100.0,82.5,60.0,49.5
TailSitter_Bicopter_Balanced,M50C35_PRO_EEE_34kv,30.0,ZYE_UltraHV_24S_66Ah,66000,24,45870.0,21270.0,24600.0,5898.0,84.49858121109264,True,1073.5978517636672,62411.09032354672,3588.9096764532806,50.0,40.0,100.0,76.0,50.0,40.0
TailSitter_Bicopter_Balanced,M50C35_PRO_EEE_34kv,30.0,Grepow_TARBG_24S_30Ah,30000,24,34215.0,21270.0,12945.0,8702.779999999999,38.40844600504211,False,1072.0075818323894,54164.35178385929,-24164.35178385929,41.5,40.0,100.0,72.0,41.5,40.0
TailSitter_Bicopter_Balanced,M50C35_PRO_EEE_34kv,30.0,Amprius_SA08_24S1P_11Ah,11050,24,27570.0,21270.0,6300.0,8040.0,14.14711094519051,False,1070.5654584041615,50343.18930748128,-39293.18930748128,40.0,40.0,83.5,70.0,40.0,40.0
TailSitter_Bicopter_Balanced,M50C35_PRO_EEE_34kv,30.0,Amprius_SA08_24S2P_22Ah,22100,24,30270.0,21270.0,9000.0,12680.0,28.29422189038102,False,1071.2217618577088,52177.162022176075,-30077.162022176075,40.0,40.0,85.0,71.0,40.0,40.0
TailSitter_Bicopter_Balanced,M50C35_PRO_EEE_34kv,30.0,Amprius_SA88_24S1P_10Ah,10500,24,27317.0,21270.0,6047.0,5344.0,13.442956101764738,False,1070.2703887953458,50329.52711348615,-39829.52711348615,40.0,40.0,83.5,70.0,40.0,40.0
TailSitter_Bicopter_Balanced,M50C35_PRO_EEE_34kv,30.0,Amprius_SA88_24S2P_21Ah,21000,24,29763.0,21270.0,8493.0,7288.0,26.885912203529475,False,1070.8087600093393,52156.519277536965,-31156.519277536965,40.0,40.0,84.5,71.0,40.0,40.0
TailSitter_Bicopter_Balanced,M50C35_PRO_EEE_34kv,30.0,Grepow_NMC811_24S1P_87Ah,87000,24,47291.0,21270.0,26021.0,18778.120000000003,109.64352234258176,True,1074.0060222191494,63600.20469626416,23399.79530373584,50.5,40.5,100.0,76.5,50.5,40.5
TailSitter_Bicopter_Balanced,M50C35_PRO_EEE_34kv,30.0,Grepow_NMC811_24S2P_24Ah,24000,24,31402.0,21270.0,10132.0,7642.24,30.726756804033688,False,1071.4542600026177,53113.32935757692,-29113.32935757692,40.0,40.0,85.5,71.5,40.0,40.0
TailSitter_Bicopter_Balanced,M50C35_PRO_EEE_34kv,30.0,Amprius_SA88_24S4P_42Ah,42000,24,34658.0,21270.0,13388.0,11176.0,53.77182440705895,False,1070.927255682812,55074.356867942006,-13074.356867942006,42.0,40.0,100.0,72.5,42.0,40.0
TailSitter_Bicopter_Balanced,M50C35_PRO_EEE_34kv,30.0,Amprius_SA88_24S6P_63Ah,63000,24,39552.0,21270.0,18282.0,15064.0,80.65773661058843,True,1071.673830193677,58132.41180448258,4867.588195517419,45.5,40.0,100.0,74.0,45.5,40.0
TailSitter_Bicopter_Balanced,M50C35_PRO_EEE_34kv,30.0,Grepow_NMC811_small_24S4P_48Ah,48000,24,37934.0,21270.0,16664.0,11884.48,61.453513608067375,False,1071.349291591015,57098.32791515066,-9098.327915150658,44.5,40.0,100.0,73.5,44.5,40.0
TailSitter_Bicopter_Balanced,TMOTOR_U15L_KV43,47.0,YANGDA_XTurbo_24S_44Ah,44000,24,42322.5,21652.5,20670.0,25087.0,49.376827141775586,False,20241.605247069463,2003539.7837053048,-1959539.7837053048,60.0,46.5,100.0,100.0,60.0,46.5
TailSitter_Bicopter_Balanced,TMOTOR_U15L_KV43,47.0,TATTU_NEO_24S_30Ah,30000,24,46492.5,21652.5,24840.0,22955.98,29.505134865628463,False,20242.013447225163,2003988.81115923,-1973988.81115923,63.0,48.5,100.0,100.0,63.0,48.5
TailSitter_Bicopter_Balanced,TMOTOR_U15L_KV43,47.0,MAD_24S_55Ah_solid_state,55000,24,46160.5,21652.5,24508.0,26659.0,54.641536783104726,False,20241.730756159097,2003979.9693482963,-1948979.9693482963,62.5,48.5,100.0,100.0,62.5,48.5
TailSitter_Bicopter_Balanced,TMOTOR_U15L_KV43,47.0,MAD_24S_100Ah_solid_state,100000,24,59797.5,21652.5,38145.0,34327.0,68.8110239525004,False,20242.68017516602,2005639.1099069512,-1905639.1099069512,73.0,58.0,100.0,100.0,73.0,58.0
TailSitter_Bicopter_Balanced,TMOTOR_U15L_KV43,47.0,12Sx2_series_24S_66Ah,66000,24,50892.5,21652.5,29240.0,29140.6,57.15254736198701,False,20242.8705201876,2004499.8165377157,-1938499.8165377157,64.5,51.0,100.0,100.0,64.5,51.0
TailSitter_Bicopter_Balanced,TMOTOR_U15L_KV43,47.0,12Sx4_2P2S_24S_132Ah,132000,24,72292.5,21652.5,50640.0,40994.2,68.90710632544946,False,20243.14600176578,2007402.1557798877,-1875402.1557798877,85.0,64.5,100.0,100.0,85.0,64.5
TailSitter_Bicopter_Balanced,TMOTOR_U15L_KV43,47.0,Farasis_24S1P_53Ah,53000,24,51193.5,21652.5,29541.0,18151.0,45.51562959676593,False,20242.211535754595,2004578.4599563193,-1951578.4599563193,65.0,51.5,100.0,100.0,65.0,51.5
TailSitter_Bicopter_Balanced,TMOTOR_U15L_KV43,47.0,Farasis_24S2P_106Ah,106000,24,72894.5,21652.5,51242.0,19015.0,54.64620907913451,False,20242.84097612727,2007510.3604359024,-1901510.3604359024,87.0,65.0,100.0,100.0,87.0,65.0
TailSitter_Bicopter_Balanced,TMOTOR_U15L_KV43,47.0,ZYE_UltraHV_24S_66Ah,66000,24,50492.5,21652.5,28840.0,19785.0,57.790953764320555,False,20242.222493006946,2004486.1384751915,-1938486.1384751915,64.5,51.0,100.0,100.0,64.5,51.0
TailSitter_Bicopter_Balanced,TMOTOR_U15L_KV43,47.0,Grepow_TARBG_24S_30Ah,30000,24,38837.5,21652.5,17185.0,22589.78,37.895217579165205,False,20242.005338041636,2003123.2191889072,-1973123.2191889072,56.0,44.5,100.0,100.0,56.0,44.5
TailSitter_Bicopter_Balanced,TMOTOR_U15L_KV43,47.0,Amprius_SA08_24S1P_11Ah,11050,24,32192.5,21652.5,10540.0,21927.0,17.97754484041065,False,20241.15878223181,2002478.7171023723,-1991428.7171023723,49.5,41.5,100.0,100.0,49.5,41.5
TailSitter_Bicopter_Balanced,TMOTOR_U15L_KV43,47.0,Amprius_SA08_24S2P_22Ah,22100,24,34892.5,21652.5,13240.0,26567.0,32.264258217847264,False,20240.893282450987,2002781.9630092983,-1980681.9630092983,52.0,43.0,100.0,100.0,52.0,43.0
TailSitter_Bicopter_Balanced,TMOTOR_U15L_KV43,47.0,Amprius_SA88_24S1P_10Ah,10500,24,31939.5,21652.5,10287.0,19231.0,17.264369814554875,False,20241.006771358036,2002474.780395217,-1991974.780395217,49.0,41.5,100.0,100.0,49.0,41.5
TailSitter_Bicopter_Balanced,TMOTOR_U15L_KV43,47.0,Amprius_SA88_24S2P_21Ah,21000,24,34385.5,21652.5,12733.0,21175.0,31.268741736721662,False,20241.406175219377,2002684.4789164118,-1981684.4789164118,51.5,42.5,100.0,100.0,51.5,42.5
TailSitter_Bicopter_Balanced,TMOTOR_U15L_KV43,47.0,Grepow_NMC811_24S1P_87Ah,87000,24,51913.5,21652.5,30261.0,32665.120000000003,73.25790281262839,False,20243.66126654049,2004609.209645848,-1917609.209645848,65.0,51.5,100.0,100.0,65.0,51.5
TailSitter_Bicopter_Balanced,TMOTOR_U15L_KV43,47.0,Grepow_NMC811_24S2P_24Ah,24000,24,36024.5,21652.5,14372.0,21529.239999999998,33.56216520701486,False,20241.01928238834,2002891.298426973,-1978891.298426973,53.0,43.5,100.0,100.0,53.0,43.5
TailSitter_Bicopter_Balanced,TMOTOR_U15L_KV43,47.0,Amprius_SA88_24S4P_42Ah,42000,24,39280.5,21652.5,17628.0,25063.0,52.24062481838853,False,20241.338411827306,2003215.6419562625,-1961215.6419562625,56.5,45.0,100.0,100.0,56.5,45.0
TailSitter_Bicopter_Balanced,TMOTOR_U15L_KV43,47.0,Amprius_SA88_24S6P_63Ah,63000,24,44174.5,21652.5,22522.0,28951.0,66.58380444042062,False,20241.52518746651,2003758.9521563796,-1940758.9521563796,61.5,47.5,100.0,100.0,61.5,47.5
TailSitter_Bicopter_Balanced,TMOTOR_U15L_KV43,47.0,Grepow_NMC811_small_24S4P_48Ah,48000,24,42556.5,21652.5,20904.0,25771.48,53.452720684474436,False,20241.925214675222,2003545.2303932032,-1955545.2303932032,60.0,46.5,100.0,100.0,60.0,46.5
TailSitter_Bicopter_Balanced,TMOTOR_U15XL_KV38,52.0,YANGDA_XTurbo_24S_44Ah,44000,24,44271.0,21765.0,22506.0,32887.0,49.91176852539291,False,1078.2739468345364,71020.80735643176,-27020.80735643176,52.0,44.5,100.0,86.0,52.0,44.5
TailSitter_Bicopter_Balanced,TMOTOR_U15XL_KV38,52.0,TATTU_NEO_24S_30Ah,30000,24,48441.0,21765.0,26676.0,30755.98,30.103432364331997,False,1078.841279206466,74935.52379333955,-44935.523793339555,54.5,46.0,100.0,90.0,54.5,46.0
TailSitter_Bicopter_Balanced,TMOTOR_U15XL_KV38,52.0,MAD_24S_55Ah_solid_state,55000,24,48109.0,21765.0,26344.0,34459.0,55.722848996755765,False,1078.758275694482,74491.7607186267,-19491.760718626698,54.5,46.0,100.0,89.5,54.5,46.0
TailSitter_Bicopter_Balanced,TMOTOR_U15XL_KV38,52.0,MAD_24S_100Ah_solid_state,100000,24,61746.0,21765.0,39981.0,42127.0,71.19912662400822,True,1092.8849610487623,87470.37215891837,12529.62784108163,66.0,50.5,100.0,99.5,66.0,50.5
TailSitter_Bicopter_Balanced,TMOTOR_U15XL_KV38,52.0,12Sx2_series_24S_66Ah,66000,24,52841.0,21765.0,31076.0,36940.6,58.5566895652292,False,1080.4288857675958,78542.31890843542,-12542.318908435424,58.0,47.5,100.0,93.0,58.0,47.5
TailSitter_Bicopter_Balanced,TMOTOR_U15XL_KV38,52.0,12Sx4_2P2S_24S_132Ah,132000,24,74241.0,21765.0,52476.0,48794.2,72.55751654128511,False,20243.54253046401,2007053.2757047568,-1875053.2757047568,72.5,55.5,100.0,100.0,72.5,55.5
TailSitter_Bicopter_Balanced,TMOTOR_U15XL_KV38,52.0,Farasis_24S1P_53Ah,53000,24,53142.0,21765.0,31377.0,25951.0,46.64442190233586,False,1081.4458774248405,78607.92853622371,-25607.928536223713,58.5,47.5,100.0,93.0,58.5,47.5
TailSitter_Bicopter_Balanced,TMOTOR_U15XL_KV38,52.0,Farasis_24S2P_106Ah,106000,24,74843.0,21765.0,53078.0,26815.0,57.61191378647198,False,20243.10762799405,2007161.2581221398,-1901161.2581221398,72.5,56.0,100.0,100.0,72.5,56.0
TailSitter_Bicopter_Balanced,TMOTOR_U15XL_KV38,52.0,ZYE_UltraHV_24S_66Ah,66000,24,52441.0,21765.0,30676.0,27585.0,59.192996854223196,False,1080.3842721514595,78066.7030547305,-12066.703054730504,58.0,47.5,100.0,92.5,58.0,47.5
TailSitter_Bicopter_Balanced,TMOTOR_U15XL_KV38,52.0,Grepow_TARBG_24S_30Ah,30000,24,40786.0,21765.0,19021.0,30389.78,37.92589923030341,False,1077.9484473173393,68370.13230478292,-38370.13230478292,50.0,42.5,100.0,84.5,50.0,42.5
TailSitter_Bicopter_Balanced,TMOTOR_U15XL_KV38,52.0,Amprius_SA08_24S1P_11Ah,11050,24,34141.0,21765.0,12376.0,29727.0,16.3946587537092,False,1074.6648549550257,63620.35668389903,-52570.35668389903,46.5,40.0,100.0,83.0,46.5,40.0
TailSitter_Bicopter_Balanced,TMOTOR_U15XL_KV38,52.0,Amprius_SA08_24S2P_22Ah,22100,24,36841.0,21765.0,15076.0,34367.0,31.90463402522373,False,1076.7000694156923,65346.20162374998,-43246.20162374998,48.0,40.5,100.0,83.5,48.0,40.5
TailSitter_Bicopter_Balanced,TMOTOR_U15XL_KV38,52.0,Amprius_SA88_24S1P_10Ah,10500,24,33888.0,21765.0,12123.0,27031.0,15.578635014836797,False,1074.3427747269693,63606.66132822087,-53106.66132822087,46.5,40.0,100.0,83.0,46.5,40.0
TailSitter_Bicopter_Balanced,TMOTOR_U15XL_KV38,52.0,Amprius_SA88_24S2P_21Ah,21000,24,36334.0,21765.0,14569.0,28975.0,30.871687253560605,False,1075.4815747927623,65307.1534874475,-44307.1534874475,48.0,40.5,100.0,83.5,48.0,40.5
TailSitter_Bicopter_Balanced,TMOTOR_U15XL_KV38,52.0,Grepow_NMC811_24S1P_87Ah,87000,24,53862.0,21765.0,32097.0,40465.12,75.11588889666778,True,1080.8775621040631,79293.91776981275,7706.082230187254,59.0,48.0,100.0,93.5,59.0,48.0
TailSitter_Bicopter_Balanced,TMOTOR_U15XL_KV38,52.0,Grepow_NMC811_24S2P_24Ah,24000,24,37973.0,21765.0,16208.0,29329.239999999998,33.306041106414135,False,1075.5603631451304,66893.5632013587,-42893.5632013587,48.5,41.5,100.0,84.0,48.5,41.5
TailSitter_Bicopter_Balanced,TMOTOR_U15XL_KV38,52.0,Amprius_SA88_24S4P_42Ah,42000,24,41229.0,21765.0,19464.0,32863.0,52.349445687230485,False,1077.4630682110424,68504.6324509015,-26504.632450901496,50.5,43.0,100.0,84.5,50.5,43.0
TailSitter_Bicopter_Balanced,TMOTOR_U15XL_KV38,52.0,Amprius_SA88_24S6P_63Ah,63000,24,46123.0,21765.0,24358.0,36751.0,67.6360821605515,False,1079.5267267584968,72592.68366038942,-9592.683660389419,53.0,45.0,100.0,87.5,53.0,45.0
TailSitter_Bicopter_Balanced,TMOTOR_U15XL_KV38,52.0,Grepow_NMC811_small_24S4P_48Ah,48000,24,44505.0,21765.0,22740.0,33571.479999999996,54.06690210808618,False,1077.5831487651187,71476.23702251869,-23476.23702251869,52.5,44.5,100.0,86.5,52.5,44.5
TailSitter_Bicopter_Balanced,TMOTOR_U15XXL_KV29,62.0,YANGDA_XTurbo_24S_44Ah,44000,24,46920.0,21990.0,24930.0,37387.0,56.48267008985879,False,1076.7378789880768,60103.70059419817,-16103.70059419817,51.0,40.0,100.0,76.5,51.0,40.0
TailSitter_Bicopter_Balanced,TMOTOR_U15XXL_KV29,62.0,TATTU_NEO_24S_30Ah,30000,24,51090.0,21990.0,29100.0,35255.979999999996,34.40270057931573,False,1075.6102782105809,63419.00770909496,-33419.00770909496,53.5,43.0,100.0,79.0,53.5,43.0
TailSitter_Bicopter_Balanced,TMOTOR_U15XXL_KV29,62.0,MAD_24S_55Ah_solid_state,55000,24,50758.0,21990.0,28768.0,38959.0,63.636261541318156,False,1076.0648981733339,63337.14182501475,-8337.141825014747,53.0,42.5,100.0,79.0,53.0,42.5
TailSitter_Bicopter_Balanced,TMOTOR_U15XXL_KV29,62.0,MAD_24S_100Ah_solid_state,100000,24,64395.0,21990.0,42405.0,46627.0,82.54454971780055,True,1076.802162286209,73713.37170110854,26286.62829889146,59.5,49.5,100.0,85.0,59.5,49.5
TailSitter_Bicopter_Balanced,TMOTOR_U15XXL_KV29,62.0,12Sx2_series_24S_66Ah,66000,24,55490.0,21990.0,33500.0,41440.6,67.50490248929374,False,1076.3379721009846,66542.53182923455,-542.5318292345473,55.5,45.5,100.0,81.0,55.5,45.5
TailSitter_Bicopter_Balanced,TMOTOR_U15XXL_KV29,62.0,12Sx4_2P2S_24S_132Ah,132000,24,76890.0,21990.0,54900.0,53294.2,84.26988619164736,True,1078.8755567854714,83919.56484328973,48080.43515671027,65.5,54.0,100.0,90.0,65.5,54.0
TailSitter_Bicopter_Balanced,TMOTOR_U15XXL_KV29,62.0,Farasis_24S1P_53Ah,53000,24,55791.0,21990.0,33801.0,30451.0,53.79735542859968,False,1077.4084392070652,66601.27571355944,-13601.275713559444,55.5,45.5,100.0,81.0,55.5,45.5
TailSitter_Bicopter_Balanced,TMOTOR_U15XXL_KV29,62.0,Farasis_24S2P_106Ah,106000,24,77492.0,21990.0,55502.0,31315.0,66.90986584721988,True,1080.2205565040654,84016.86898306683,21983.13101693317,66.0,54.0,100.0,90.0,66.0,54.0
TailSitter_Bicopter_Balanced,TMOTOR_U15XXL_KV29,62.0,ZYE_UltraHV_24S_66Ah,66000,24,55090.0,21990.0,33100.0,32085.0,68.1929882522942,False,1076.7141213357127,66432.365311625,-432.36531162500614,55.0,45.0,100.0,81.0,55.0,45.0
TailSitter_Bicopter_Balanced,TMOTOR_U15XXL_KV29,62.0,Grepow_TARBG_24S_30Ah,30000,24,43435.0,21990.0,21445.0,34889.78,38.51091142490372,False,1074.4360593785009,57943.714596687714,-27943.714596687714,49.0,40.0,99.0,74.5,49.0,40.0
TailSitter_Bicopter_Balanced,TMOTOR_U15XXL_KV29,62.0,Amprius_SA08_24S1P_11Ah,11050,24,36790.0,21990.0,14800.0,34227.0,14.184852374839537,False,1072.0310066564668,54795.97191058909,-43745.97191058909,45.0,40.0,95.0,71.0,45.0,40.0
TailSitter_Bicopter_Balanced,TMOTOR_U15XXL_KV29,62.0,Amprius_SA08_24S2P_22Ah,22100,24,39490.0,21990.0,17500.0,38867.0,28.369704749679073,False,1073.4203109888829,55836.899345629856,-33736.899345629856,46.5,40.0,96.5,72.0,46.5,40.0
TailSitter_Bicopter_Balanced,TMOTOR_U15XXL_KV29,62.0,Amprius_SA88_24S1P_10Ah,10500,24,36537.0,21990.0,14547.0,31531.0,13.478818998716303,False,1072.7725628633593,54264.49561822087,-43764.49561822087,45.0,40.0,95.0,70.5,45.0,40.0
TailSitter_Bicopter_Balanced,TMOTOR_U15XXL_KV29,62.0,Amprius_SA88_24S2P_21Ah,21000,24,38983.0,21990.0,16993.0,33475.0,26.957637997432606,False,1072.6086289027523,55794.202536130375,-34794.202536130375,46.5,40.0,96.5,72.0,46.5,40.0
TailSitter_Bicopter_Balanced,TMOTOR_U15XXL_KV29,62.0,Grepow_NMC811_24S1P_87Ah,87000,24,56511.0,21990.0,34521.0,44965.12,86.72053899190138,True,1076.4898817499918,67363.62898214905,19636.37101785095,55.5,46.0,100.0,81.5,55.5,46.0
TailSitter_Bicopter_Balanced,TMOTOR_U15XXL_KV29,62.0,Grepow_NMC811_24S2P_24Ah,24000,24,40622.0,21990.0,18632.0,33829.24,30.808729139922978,False,1072.9946495513427,56624.910170789175,-32624.910170789175,47.5,40.0,97.5,73.0,47.5,40.0
TailSitter_Bicopter_Balanced,TMOTOR_U15XXL_KV29,62.0,Amprius_SA88_24S4P_42Ah,42000,24,43878.0,21990.0,21888.0,37363.0,53.91527599486521,False,1073.916794285493,58402.616946808754,-16402.616946808754,49.5,40.0,99.0,75.0,49.5,40.0
TailSitter_Bicopter_Balanced,TMOTOR_U15XXL_KV29,62.0,Amprius_SA88_24S6P_63Ah,63000,24,48772.0,21990.0,26782.0,41251.0,76.97043563720331,True,1076.2691570590741,61445.51223337658,1554.487766623417,52.0,41.5,100.0,77.5,52.0,41.5
TailSitter_Bicopter_Balanced,TMOTOR_U15XXL_KV29,62.0,Grepow_NMC811_small_24S4P_48Ah,48000,24,47154.0,21990.0,25164.0,38071.479999999996,61.41610558785652,False,1075.0445551407201,60667.2122326232,-12667.212232623198,51.5,40.5,100.0,77.0,51.5,40.5
TailSitter_Bicopter_Big,HOBBYWING_H13MD_coaxial_axis,54.0,YANGDA_XTurbo_24S_44Ah,44000,24,41880.0,23310.0,18570.0,7800.0,57.27451877445416,False,1073.9916459319277,68769.17385024868,-24769.173850248684,56.0,44.0,92.5,81.0,56.0,44.0
TailSitter_Bicopter_Big,HOBBYWING_H13MD_coaxial_axis,54.0,TATTU_NEO_24S_30Ah,30000,24,46050.0,23310.0,22740.0,5668.98,34.355246517766325,False,1074.0304855164418,71814.01556285199,-41814.015562851986,58.0,48.0,94.0,81.5,58.0,48.0
TailSitter_Bicopter_Big,HOBBYWING_H13MD_coaxial_axis,54.0,MAD_24S_55Ah_solid_state,55000,24,45718.0,23310.0,22408.0,9372.0,63.604277787223126,False,1074.205417036709,71753.36339717559,-16753.36339717559,58.0,47.5,94.0,81.5,58.0,47.5
TailSitter_Bicopter_Big,HOBBYWING_H13MD_coaxial_axis,54.0,MAD_24S_100Ah_solid_state,100000,24,59355.0,23310.0,36045.0,17040.0,79.14837600515098,True,1074.358526888499,84854.15192356173,15145.84807643827,65.5,55.5,97.0,83.5,65.5,55.5
TailSitter_Bicopter_Big,HOBBYWING_H13MD_coaxial_axis,54.0,12Sx2_series_24S_66Ah,66000,24,50450.0,23310.0,27140.0,11853.6,66.75121283178848,False,1074.3446882288417,75108.97140046115,-9108.971400461145,60.5,51.5,95.0,82.0,60.5,51.5
TailSitter_Bicopter_Big,HOBBYWING_H13MD_coaxial_axis,54.0,12Sx4_2P2S_24S_132Ah,132000,24,71850.0,23310.0,48540.0,23707.2,78.54514511784086,True,1075.5515659986552,95587.10231752317,36412.89768247683,71.0,60.0,98.5,85.5,71.0,60.0
TailSitter_Bicopter_Big,HOBBYWING_H13MD_coaxial_axis,54.0,Farasis_24S1P_53Ah,53000,24,50751.0,23310.0,27441.0,864.0,53.15633672971442,False,1074.8795488387605,75130.20061959105,-22130.20061959105,60.5,51.5,95.5,82.0,60.5,51.5
TailSitter_Bicopter_Big,HOBBYWING_H13MD_coaxial_axis,54.0,Farasis_24S2P_106Ah,106000,24,72452.0,23310.0,49142.0,1728.0,62.309097325694886,True,1076.2552688834824,95638.84737134924,10361.152628650758,71.5,60.0,98.5,85.5,71.5,60.0
TailSitter_Bicopter_Big,HOBBYWING_H13MD_coaxial_axis,54.0,ZYE_UltraHV_24S_66Ah,66000,24,50050.0,23310.0,26740.0,2498.0,67.48622858632135,False,1074.450737856544,75028.43297606474,-9028.432976064738,60.5,51.0,95.0,82.0,60.5,51.0
TailSitter_Bicopter_Big,HOBBYWING_H13MD_coaxial_axis,54.0,Grepow_TARBG_24S_30Ah,30000,24,38395.0,23310.0,15085.0,5302.78,43.49480824669889,False,1074.3928972245567,64346.743758638026,-34346.743758638026,54.0,40.0,91.5,80.0,54.0,40.0
TailSitter_Bicopter_Big,HOBBYWING_H13MD_coaxial_axis,54.0,Amprius_SA08_24S1P_11Ah,11050,24,31750.0,23310.0,8440.0,4640.0,16.020587704200757,False,1071.9939516913037,59679.35936160998,-48629.35936160998,49.5,40.0,88.5,78.5,49.5,40.0
TailSitter_Bicopter_Big,HOBBYWING_H13MD_coaxial_axis,54.0,Amprius_SA08_24S2P_22Ah,22100,24,34450.0,23310.0,11140.0,9280.0,32.041175408401514,False,1071.8680906208538,62630.47783369141,-40530.47783369141,51.5,40.0,90.0,79.5,51.5,40.0
TailSitter_Bicopter_Big,HOBBYWING_H13MD_coaxial_axis,54.0,Amprius_SA88_24S1P_10Ah,10500,24,31497.0,23310.0,8187.0,1944.0,15.22318288634461,False,1071.6510192365351,59661.31713274995,-49161.31713274995,49.5,40.0,88.5,78.5,49.5,40.0
TailSitter_Bicopter_Big,HOBBYWING_H13MD_coaxial_axis,54.0,Amprius_SA88_24S2P_21Ah,21000,24,33943.0,23310.0,10633.0,3888.0,30.44636577268922,False,1072.5044825092125,61159.38277427312,-40159.38277427312,51.5,40.0,89.5,79.0,51.5,40.0
TailSitter_Bicopter_Big,HOBBYWING_H13MD_coaxial_axis,54.0,Grepow_NMC811_24S1P_87Ah,87000,24,51471.0,23310.0,28161.0,15378.12,85.49885533318337,True,1075.2719666590565,75264.04669763024,11735.953302369759,61.0,52.0,95.5,82.0,61.0,52.0
TailSitter_Bicopter_Big,HOBBYWING_H13MD_coaxial_axis,54.0,Grepow_NMC811_24S2P_24Ah,24000,24,35582.0,23310.0,12272.0,4242.24,34.79584659735911,False,1072.7131143902284,62675.07220344674,-38675.07220344674,52.0,40.0,90.5,79.5,52.0,40.0
TailSitter_Bicopter_Big,HOBBYWING_H13MD_coaxial_axis,54.0,Amprius_SA88_24S4P_42Ah,42000,24,38838.0,23310.0,15528.0,7776.0,60.51036433212168,False,1075.220736933809,64419.844739357504,-22419.844739357504,54.0,40.5,91.5,80.0,54.0,40.5
TailSitter_Bicopter_Big,HOBBYWING_H13MD_coaxial_axis,54.0,Amprius_SA88_24S6P_63Ah,63000,24,43732.0,23310.0,20422.0,11664.0,77.35997952474207,False,1074.240423855766,69019.50268782102,-6019.502687821019,57.0,46.0,93.5,81.0,57.0,46.0
TailSitter_Bicopter_Big,HOBBYWING_H13MD_coaxial_axis,54.0,Grepow_NMC811_small_24S4P_48Ah,48000,24,42114.0,23310.0,18804.0,8484.48,62.014029382984475,False,1073.7033820386996,68815.37739694462,-20815.37739694462,56.0,44.5,93.0,81.0,56.0,44.5
TailSitter_Bicopter_Big,HOBBYWING_H15MD_PLUS_coaxial_axis,73.0,YANGDA_XTurbo_24S_44Ah,44000,24,47367.5,23737.5,23630.0,7800.0,39.141070896781905,False,1071.4044610095611,52287.297456279666,-8287.297456279666,41.0,40.0,67.5,57.0,41.0,40.0
TailSitter_Bicopter_Big,HOBBYWING_H15MD_PLUS_coaxial_axis,73.0,TATTU_NEO_24S_30Ah,30000,24,51537.5,23737.5,27800.0,5668.98,26.687093793260388,False,1071.1074720238205,55030.100312469025,-25030.100312469025,42.5,40.0,68.5,58.0,42.5,40.0
TailSitter_Bicopter_Big,HOBBYWING_H15MD_PLUS_coaxial_axis,73.0,MAD_24S_55Ah_solid_state,55000,24,51205.5,23737.5,27468.0,9372.0,48.926338620977376,False,1070.917919340773,55021.56132868059,-21.561328680589213,42.5,40.0,68.5,58.0,42.5,40.0
TailSitter_Bicopter_Big,HOBBYWING_H15MD_PLUS_coaxial_axis,73.0,MAD_24S_100Ah_solid_state,100000,24,64842.5,23737.5,41105.0,17040.0,88.95697931086796,True,1073.9905300964156,61018.45317717798,38981.54682282202,47.0,40.0,71.0,60.0,47.0,40.0
TailSitter_Bicopter_Big,HOBBYWING_H15MD_PLUS_coaxial_axis,73.0,12Sx2_series_24S_66Ah,66000,24,55937.5,23737.5,32200.0,11853.6,58.711606345172854,True,1072.3330955076822,56521.98517784974,9478.01482215026,44.0,40.0,69.0,58.5,44.0,40.0
TailSitter_Bicopter_Big,HOBBYWING_H15MD_PLUS_coaxial_axis,73.0,12Sx4_2P2S_24S_132Ah,132000,24,77337.5,23737.5,53600.0,23707.2,96.7666704531291,True,1075.1553838733191,68470.77262438672,63529.22737561328,50.5,43.0,73.0,62.0,50.5,43.0
TailSitter_Bicopter_Big,HOBBYWING_H15MD_PLUS_coaxial_axis,73.0,Farasis_24S1P_53Ah,53000,24,56238.5,23737.5,32501.0,864.0,47.14719903476002,False,1072.7129278228942,56542.85831338107,-3542.858313381068,44.0,40.0,69.0,58.5,44.0,40.0
TailSitter_Bicopter_Big,HOBBYWING_H15MD_PLUS_coaxial_axis,73.0,Farasis_24S2P_106Ah,106000,24,77939.5,23737.5,54202.0,1728.0,76.86859211717736,True,1074.1439691698647,70048.01124456366,35951.98875543634,51.0,43.0,73.5,62.5,51.0,43.0
TailSitter_Bicopter_Big,HOBBYWING_H15MD_PLUS_coaxial_axis,73.0,ZYE_UltraHV_24S_66Ah,66000,24,55537.5,23737.5,31800.0,2498.0,58.711606345172854,True,1071.955019083303,56502.09326266451,9497.906737335492,44.0,40.0,69.0,58.5,44.0,40.0
TailSitter_Bicopter_Big,HOBBYWING_H15MD_PLUS_coaxial_axis,73.0,Grepow_TARBG_24S_30Ah,30000,24,43882.5,23737.5,20145.0,5302.78,26.687093793260388,False,1070.6004201509709,50900.5686791065,-20900.5686791065,40.0,40.0,66.5,56.5,40.0,40.0
TailSitter_Bicopter_Big,HOBBYWING_H15MD_PLUS_coaxial_axis,73.0,Amprius_SA08_24S1P_11Ah,11050,24,37237.5,23737.5,13500.0,4640.0,9.829746213850909,False,1068.531960377548,48255.198212740805,-37205.198212740805,40.0,40.0,65.5,55.5,40.0,40.0
TailSitter_Bicopter_Big,HOBBYWING_H15MD_PLUS_coaxial_axis,73.0,Amprius_SA08_24S2P_22Ah,22100,24,39937.5,23737.5,16200.0,9280.0,19.659492427701817,False,1069.1563758028042,49545.62221829862,-27445.622218298617,40.0,40.0,66.0,56.0,40.0,40.0
TailSitter_Bicopter_Big,HOBBYWING_H15MD_PLUS_coaxial_axis,73.0,Amprius_SA88_24S1P_10Ah,10500,24,36984.5,23737.5,13247.0,1944.0,9.340482827641136,False,1068.408070909778,48250.112789557425,-37750.112789557425,40.0,40.0,65.5,55.5,40.0,40.0
TailSitter_Bicopter_Big,HOBBYWING_H15MD_PLUS_coaxial_axis,73.0,Amprius_SA88_24S2P_21Ah,21000,24,39430.5,23737.5,15693.0,3888.0,18.68096565528227,False,1070.2068720724205,48335.10659891346,-27335.10659891346,40.0,40.0,66.0,55.5,40.0,40.0
TailSitter_Bicopter_Big,HOBBYWING_H15MD_PLUS_coaxial_axis,73.0,Grepow_NMC811_24S1P_87Ah,87000,24,56958.5,23737.5,33221.0,15378.12,77.39257200045512,True,1071.5682821620546,57915.808065948986,29084.191934051014,44.5,40.0,69.5,59.0,44.5,40.0
TailSitter_Bicopter_Big,HOBBYWING_H15MD_PLUS_coaxial_axis,73.0,Grepow_NMC811_24S2P_24Ah,24000,24,41069.5,23737.5,17332.0,4242.24,21.34967503460831,False,1069.828928812281,49574.36865495535,-25574.368654955353,40.0,40.0,66.0,56.0,40.0,40.0
TailSitter_Bicopter_Big,HOBBYWING_H15MD_PLUS_coaxial_axis,73.0,Amprius_SA88_24S4P_42Ah,42000,24,44325.5,23737.5,20588.0,7776.0,37.36193131056454,False,1070.8786031773143,50917.173531741806,-8917.173531741806,40.0,40.0,67.0,56.5,40.0,40.0
TailSitter_Bicopter_Big,HOBBYWING_H15MD_PLUS_coaxial_axis,73.0,Amprius_SA88_24S6P_63Ah,63000,24,49219.5,23737.5,25482.0,11664.0,56.042896965846815,True,1070.8921418489492,53635.0553141865,9364.944685813498,42.0,40.0,68.0,57.5,42.0,40.0
TailSitter_Bicopter_Big,HOBBYWING_H15MD_PLUS_coaxial_axis,73.0,Grepow_NMC811_small_24S4P_48Ah,48000,24,47601.5,23737.5,23864.0,8484.48,42.69935006921662,False,1071.69564299271,52302.00061156757,-4302.0006115675715,41.0,40.0,67.5,57.0,41.0,40.0
TailSitter_Bicopter_Big,HOBBYWING_H15MD_coaxial_axis,64.0,YANGDA_XTurbo_24S_44Ah,44000,24,44033.0,23535.0,20498.0,7800.0,46.81964221308449,False,1072.0265481764734,56649.842638762886,-12649.842638762886,42.5,40.0,70.0,60.5,42.5,40.0
TailSitter_Bicopter_Big,HOBBYWING_H15MD_coaxial_axis,64.0,TATTU_NEO_24S_30Ah,30000,24,48203.0,23535.0,24668.0,5668.98,31.922483327103063,False,1071.9180031271853,59769.01250794077,-29769.012507940774,44.5,40.0,71.0,61.5,44.5,40.0
TailSitter_Bicopter_Big,HOBBYWING_H15MD_coaxial_axis,64.0,MAD_24S_55Ah_solid_state,55000,24,47871.0,23535.0,24336.0,9372.0,58.52455276635562,False,1071.7101354632812,59759.7944300328,-4759.794430032802,44.5,40.0,71.0,61.5,44.5,40.0
TailSitter_Bicopter_Big,HOBBYWING_H15MD_coaxial_axis,64.0,MAD_24S_100Ah_solid_state,100000,24,61508.0,23535.0,37973.0,17040.0,92.93532656644247,True,1075.150684973981,67191.75063247683,32808.24936752317,49.0,42.0,73.5,63.5,49.0,42.0
TailSitter_Bicopter_Big,HOBBYWING_H15MD_coaxial_axis,64.0,12Sx2_series_24S_66Ah,66000,24,52603.0,23535.0,29068.0,11853.6,70.22946331962675,True,1073.5072600432743,61469.12082710149,4530.879172898509,46.0,40.0,72.0,62.0,46.0,40.0
TailSitter_Bicopter_Big,HOBBYWING_H15MD_coaxial_axis,64.0,12Sx4_2P2S_24S_132Ah,132000,24,74003.0,23535.0,50468.0,23707.2,93.5648873707447,True,1074.498244648784,77505.44436935963,54494.555630640374,53.5,45.5,76.0,66.0,53.5,45.5
TailSitter_Bicopter_Big,HOBBYWING_H15MD_coaxial_axis,64.0,Farasis_24S1P_53Ah,53000,24,52904.0,23535.0,29369.0,864.0,56.39638721121541,False,1073.8926863188099,61489.40449398409,-8489.40449398409,46.0,40.0,72.0,62.0,46.0,40.0
TailSitter_Bicopter_Big,HOBBYWING_H15MD_coaxial_axis,64.0,Farasis_24S2P_106Ah,106000,24,74605.0,23535.0,51070.0,1728.0,74.25194849694365,True,1075.2745309782233,77538.43289218562,28461.56710781438,53.5,45.5,76.0,66.0,53.5,45.5
TailSitter_Bicopter_Big,HOBBYWING_H15MD_coaxial_axis,64.0,ZYE_UltraHV_24S_66Ah,66000,24,52203.0,23535.0,28668.0,2498.0,70.22946331962675,True,1073.1829442798655,61448.396219871276,4551.603780128724,46.0,40.0,71.5,62.0,46.0,40.0
TailSitter_Bicopter_Big,HOBBYWING_H15MD_coaxial_axis,64.0,Grepow_TARBG_24S_30Ah,30000,24,40548.0,23535.0,17013.0,5302.78,31.922483327103063,False,1071.01320677278,55095.27473406335,-25095.27473406335,41.5,40.0,69.5,60.0,41.5,40.0
TailSitter_Bicopter_Big,HOBBYWING_H15MD_coaxial_axis,64.0,Amprius_SA08_24S1P_11Ah,11050,24,33903.0,23535.0,10368.0,4640.0,11.75811469214963,False,1070.4053485835936,50789.95370043545,-39739.95370043545,40.0,40.0,68.0,58.5,40.0,40.0
TailSitter_Bicopter_Big,HOBBYWING_H15MD_coaxial_axis,64.0,Amprius_SA08_24S2P_22Ah,22100,24,36603.0,23535.0,13068.0,9280.0,23.51622938429926,False,1071.3300197989759,52215.97389359814,-30115.973893598137,40.0,40.0,68.5,59.0,40.0,40.0
TailSitter_Bicopter_Big,HOBBYWING_H15MD_coaxial_axis,64.0,Amprius_SA88_24S1P_10Ah,10500,24,33650.0,23535.0,10115.0,1944.0,11.172869164486071,False,1070.0886326143689,50774.501355068554,-40274.501355068554,40.0,40.0,68.0,58.5,40.0,40.0
TailSitter_Bicopter_Big,HOBBYWING_H15MD_coaxial_axis,64.0,Amprius_SA88_24S2P_21Ah,21000,24,36096.0,23535.0,12561.0,3888.0,22.345738328972143,False,1070.712685778315,52185.93689617272,-31185.936896172723,40.0,40.0,68.5,59.0,40.0,40.0
TailSitter_Bicopter_Big,HOBBYWING_H15MD_coaxial_axis,64.0,Grepow_NMC811_24S1P_87Ah,87000,24,53624.0,23535.0,30089.0,15378.12,92.57520164859888,True,1073.1354418868577,63072.495290480765,23927.504709519235,46.5,40.0,72.0,62.5,46.5,40.0
TailSitter_Bicopter_Big,HOBBYWING_H15MD_coaxial_axis,64.0,Grepow_NMC811_24S2P_24Ah,24000,24,37735.0,23535.0,14200.0,4242.24,25.53798666168245,False,1070.8042230684525,53603.55300788321,-29603.55300788321,40.0,40.0,69.0,59.5,40.0,40.0
TailSitter_Bicopter_Big,HOBBYWING_H15MD_coaxial_axis,64.0,Amprius_SA88_24S4P_42Ah,42000,24,40991.0,23535.0,17456.0,7776.0,44.691476657944285,False,1071.3423313148044,55109.97858530236,-13109.978585302357,41.5,40.0,69.5,60.0,41.5,40.0
TailSitter_Bicopter_Big,HOBBYWING_H15MD_coaxial_axis,64.0,Amprius_SA88_24S6P_63Ah,63000,24,45885.0,23535.0,22350.0,11664.0,67.03721498691644,True,1071.7531326464662,58182.0274427232,4817.9725572768,43.5,40.0,70.5,61.0,43.5,40.0
TailSitter_Bicopter_Big,HOBBYWING_H15MD_coaxial_axis,64.0,Grepow_NMC811_small_24S4P_48Ah,48000,24,44267.0,23535.0,20732.0,8484.48,51.0759733233649,False,1072.2555362904566,56661.19147127952,-8661.191471279519,42.5,40.0,70.0,60.5,42.5,40.0
TailSitter_Bicopter_Big,M50C35_PRO_EEE_34kv,30.0,YANGDA_XTurbo_24S_44Ah,44000,24,39200.0,22770.0,16430.0,11200.0,56.33238747406176,False,1071.0682503145988,58090.41942208305,-14090.419422083047,45.0,40.0,100.0,74.0,45.0,40.0
TailSitter_Bicopter_Big,M50C35_PRO_EEE_34kv,30.0,TATTU_NEO_24S_30Ah,30000,24,43370.0,22770.0,20600.0,9068.98,38.40844600504211,False,1072.3169187882918,60242.79623254675,-30242.796232546752,48.0,40.0,100.0,75.0,48.0,40.0
TailSitter_Bicopter_Big,M50C35_PRO_EEE_34kv,30.0,MAD_24S_55Ah_solid_state,55000,24,43038.0,22770.0,20268.0,12772.0,70.4154843425772,False,1071.9451237311994,60224.457271406085,-5224.457271406085,48.0,40.0,100.0,75.0,48.0,40.0
TailSitter_Bicopter_Big,M50C35_PRO_EEE_34kv,30.0,MAD_24S_100Ah_solid_state,100000,24,56675.0,22770.0,33905.0,20440.0,96.90727968799467,True,1075.00684092734,70121.55076055236,29878.44923944764,55.0,44.5,100.0,79.0,55.0,44.5
TailSitter_Bicopter_Big,M50C35_PRO_EEE_34kv,30.0,12Sx2_series_24S_66Ah,66000,24,47770.0,22770.0,25000.0,15253.6,81.95726514408311,True,1073.8998546548253,63591.87576408539,2408.1242359146127,51.0,40.5,100.0,76.5,51.0,40.5
TailSitter_Bicopter_Big,M50C35_PRO_EEE_34kv,30.0,12Sx4_2P2S_24S_132Ah,132000,24,69170.0,22770.0,46400.0,27107.2,96.80280359684605,True,1076.2759273426393,81190.9612743828,50809.038725617196,60.5,49.5,100.0,83.0,60.5,49.5
TailSitter_Bicopter_Big,M50C35_PRO_EEE_34kv,30.0,Farasis_24S1P_53Ah,53000,24,48071.0,22770.0,25301.0,4264.0,65.2109739897065,False,1073.3527939504825,63694.26776202858,-10694.267762028583,51.0,41.0,100.0,76.5,51.0,41.0
TailSitter_Bicopter_Big,M50C35_PRO_EEE_34kv,30.0,Farasis_24S2P_106Ah,106000,24,69772.0,22770.0,47002.0,5128.0,76.8240228652471,True,1075.8717202189614,81337.93138278494,24662.06861721506,61.0,50.0,100.0,83.0,61.0,50.0
TailSitter_Bicopter_Big,M50C35_PRO_EEE_34kv,30.0,ZYE_UltraHV_24S_66Ah,66000,24,47370.0,22770.0,24600.0,5898.0,82.97436904902574,True,1073.3014545025758,63569.03476664672,2430.9652333532795,50.5,40.5,100.0,76.5,50.5,40.5
TailSitter_Bicopter_Big,M50C35_PRO_EEE_34kv,30.0,Grepow_TARBG_24S_30Ah,30000,24,35715.0,22770.0,12945.0,8702.779999999999,38.40844600504211,False,1071.4016041075163,55102.08562720992,-25102.08562720992,42.5,40.0,100.0,72.5,42.5,40.0
TailSitter_Bicopter_Big,M50C35_PRO_EEE_34kv,30.0,Amprius_SA08_24S1P_11Ah,11050,24,29070.0,22770.0,6300.0,8040.0,14.14711094519051,False,1070.5107776786945,51230.82064371489,-40180.82064371489,40.0,40.0,84.5,70.5,40.0,40.0
TailSitter_Bicopter_Big,M50C35_PRO_EEE_34kv,30.0,Amprius_SA08_24S2P_22Ah,22100,24,31770.0,22770.0,9000.0,12680.0,28.29422189038102,False,1071.2976603840862,53102.820856186336,-31002.820856186336,40.0,40.0,86.0,71.5,40.0,40.0
TailSitter_Bicopter_Big,M50C35_PRO_EEE_34kv,30.0,Amprius_SA88_24S1P_10Ah,10500,24,28817.0,22770.0,6047.0,5344.0,13.442956101764738,False,1070.327460828156,51219.72786398419,-40719.72786398419,40.0,40.0,84.0,70.5,40.0,40.0
TailSitter_Bicopter_Big,M50C35_PRO_EEE_34kv,30.0,Amprius_SA88_24S2P_21Ah,21000,24,31263.0,22770.0,8493.0,7288.0,26.885912203529475,False,1070.9258139478677,53085.27159388338,-32085.27159388338,40.0,40.0,85.5,71.5,40.0,40.0
TailSitter_Bicopter_Big,M50C35_PRO_EEE_34kv,30.0,Grepow_NMC811_24S1P_87Ah,87000,24,48791.0,22770.0,26021.0,18778.120000000003,104.73918701111013,True,1073.6101059613284,64773.28572281863,22226.714277181367,51.5,41.0,100.0,77.0,51.5,41.0
TailSitter_Bicopter_Big,M50C35_PRO_EEE_34kv,30.0,Grepow_NMC811_24S2P_24Ah,24000,24,32902.0,22770.0,10132.0,7642.24,30.726756804033688,False,1070.5155343555264,54057.66496517836,-30057.66496517836,41.0,40.0,93.0,72.0,41.0,40.0
TailSitter_Bicopter_Big,M50C35_PRO_EEE_34kv,30.0,Amprius_SA88_24S4P_42Ah,42000,24,36158.0,22770.0,13388.0,11176.0,53.77182440705895,False,1070.6528081386887,56046.73052763546,-14046.73052763546,43.0,40.0,100.0,73.0,43.0,40.0
TailSitter_Bicopter_Big,M50C35_PRO_EEE_34kv,30.0,Amprius_SA88_24S6P_63Ah,63000,24,41052.0,22770.0,18282.0,15064.0,80.65773661058843,True,1071.3900137743517,59146.23827302185,3853.7617269781476,46.5,40.0,100.0,74.5,46.5,40.0
TailSitter_Bicopter_Big,M50C35_PRO_EEE_34kv,30.0,Grepow_NMC811_small_24S4P_48Ah,48000,24,39434.0,22770.0,16664.0,11884.48,61.453513608067375,False,1071.0619734343309,58098.673466012355,-10098.673466012355,45.5,40.0,100.0,74.0,45.5,40.0
TailSitter_Bicopter_Big,TMOTOR_U15L_KV43,47.0,YANGDA_XTurbo_24S_44Ah,44000,24,43822.5,23152.5,20670.0,25087.0,47.028147800023135,False,20241.86180260272,2003656.2522583457,-1959656.2522583457,61.0,47.0,100.0,100.0,61.0,47.0
TailSitter_Bicopter_Big,TMOTOR_U15L_KV43,47.0,TATTU_NEO_24S_30Ah,30000,24,47992.5,23152.5,24840.0,22955.98,28.214443679204148,False,20241.455414405096,2004184.2235367715,-1974184.2235367715,63.5,49.5,100.0,100.0,63.5,49.5
TailSitter_Bicopter_Big,TMOTOR_U15L_KV43,47.0,MAD_24S_55Ah_solid_state,55000,24,47660.5,23152.5,24508.0,26659.0,52.23471434277388,False,20241.98028404854,2004095.0077442713,-1949095.0077442713,63.5,49.0,100.0,100.0,63.5,49.0
TailSitter_Bicopter_Big,TMOTOR_U15L_KV43,47.0,MAD_24S_100Ah_solid_state,100000,24,61297.5,23152.5,38145.0,34327.0,66.36704485671784,False,20241.832006103516,2005853.065689408,-1905853.065689408,73.5,59.5,100.0,100.0,73.5,59.5
TailSitter_Bicopter_Big,TMOTOR_U15L_KV43,47.0,12Sx2_series_24S_66Ah,66000,24,52392.5,23152.5,29240.0,29140.6,54.859345547001126,False,20242.43545596083,2004675.0283843004,-1938675.0283843004,65.5,52.0,100.0,100.0,65.5,52.0
TailSitter_Bicopter_Big,TMOTOR_U15L_KV43,47.0,12Sx4_2P2S_24S_132Ah,132000,24,73792.5,23152.5,50640.0,40994.2,66.75120708118774,False,20242.702261324976,2007597.7146633351,-1875597.7146633351,87.5,65.5,100.0,100.0,87.5,65.5
TailSitter_Bicopter_Big,TMOTOR_U15L_KV43,47.0,Farasis_24S1P_53Ah,53000,24,52693.5,23152.5,29541.0,18151.0,43.69874670739274,False,20242.087410969558,2004754.0944091587,-1951754.0944091587,65.5,52.5,100.0,100.0,65.5,52.5
TailSitter_Bicopter_Big,TMOTOR_U15L_KV43,47.0,Farasis_24S2P_106Ah,106000,24,74394.5,23152.5,51242.0,19015.0,52.9011638500625,False,20242.984967018896,2007684.0513058074,-1901684.0513058074,88.0,66.0,100.0,100.0,88.0,66.0
TailSitter_Bicopter_Big,TMOTOR_U15L_KV43,47.0,ZYE_UltraHV_24S_66Ah,66000,24,51992.5,23152.5,28840.0,19785.0,55.45588870925491,False,20242.02913123651,2004663.8327039105,-1938663.8327039105,65.0,52.0,100.0,100.0,65.0,52.0
TailSitter_Bicopter_Big,TMOTOR_U15L_KV43,47.0,Grepow_TARBG_24S_30Ah,30000,24,40337.5,23152.5,17185.0,22589.78,35.98342212698943,False,20241.17084412835,2003317.0066031094,-1973317.0066031094,57.5,45.5,100.0,100.0,57.5,45.5
TailSitter_Bicopter_Big,TMOTOR_U15L_KV43,47.0,Amprius_SA08_24S1P_11Ah,11050,24,33692.5,23152.5,10540.0,21927.0,16.910450824395248,False,20240.59028701576,2002670.395187988,-1991620.395187988,50.5,42.5,100.0,100.0,50.5,42.5
TailSitter_Bicopter_Big,TMOTOR_U15L_KV43,47.0,Amprius_SA08_24S2P_22Ah,22100,24,36392.5,23152.5,13240.0,26567.0,30.484274828660492,False,20241.08062553062,2002892.895272196,-1980792.895272196,53.0,43.5,100.0,100.0,53.0,43.5
TailSitter_Bicopter_Big,TMOTOR_U15L_KV43,47.0,Amprius_SA88_24S1P_10Ah,10500,24,33439.5,23152.5,10287.0,19231.0,16.232516255510653,False,20241.109990757748,2002577.9523451368,-1992077.9523451368,50.5,42.0,100.0,100.0,50.5,42.0
TailSitter_Bicopter_Big,TMOTOR_U15L_KV43,47.0,Amprius_SA88_24S2P_21Ah,21000,24,35885.5,23152.5,12733.0,21175.0,29.520414672680864,False,20240.722617832515,2002885.7623627223,-1981885.7623627223,52.5,43.5,100.0,100.0,52.5,43.5
TailSitter_Bicopter_Big,TMOTOR_U15L_KV43,47.0,Grepow_NMC811_24S1P_87Ah,87000,24,53413.5,23152.5,30261.0,32665.120000000003,70.36850692915488,False,20243.109857234198,2004778.837164092,-1917778.837164092,66.0,52.5,100.0,100.0,66.0,52.5
TailSitter_Bicopter_Big,TMOTOR_U15L_KV43,47.0,Grepow_NMC811_24S2P_24Ah,24000,24,37524.5,23152.5,14372.0,21529.239999999998,31.76311716287886,False,20241.11272506938,2003002.8373358888,-1979002.8373358888,54.5,44.0,100.0,100.0,54.5,44.0
TailSitter_Bicopter_Big,TMOTOR_U15L_KV43,47.0,Amprius_SA88_24S4P_42Ah,42000,24,40780.5,23152.5,17628.0,25063.0,49.62441163637122,False,20241.6340875124,2003325.9142857073,-1961325.9142857073,58.0,45.5,100.0,100.0,58.0,45.5
TailSitter_Bicopter_Big,TMOTOR_U15L_KV43,47.0,Amprius_SA88_24S6P_63Ah,63000,24,45674.5,23152.5,22522.0,28951.0,63.52923196342038,False,20241.659699681648,2003874.9560983006,-1940874.9560983006,62.5,48.0,100.0,100.0,62.5,48.0
TailSitter_Bicopter_Big,TMOTOR_U15L_KV43,47.0,Grepow_NMC811_small_24S4P_48Ah,48000,24,44056.5,23152.5,20904.0,25771.48,50.92140785999785,False,20241.05512311481,2003751.0525403342,-1955751.0525403342,61.5,47.5,100.0,100.0,61.5,47.5
TailSitter_Bicopter_Big,TMOTOR_U15XL_KV38,52.0,YANGDA_XTurbo_24S_44Ah,44000,24,45771.0,23265.0,22506.0,32887.0,47.72903618426299,False,1077.1609622191384,72463.7977768582,-28463.797776858206,53.0,45.0,100.0,87.5,53.0,45.0
TailSitter_Bicopter_Big,TMOTOR_U15XL_KV38,52.0,TATTU_NEO_24S_30Ah,30000,24,49941.0,23265.0,26676.0,30755.98,28.83787905473443,False,1078.346916918137,76064.14257569295,-46064.14257569295,56.0,46.5,100.0,91.0,56.0,46.5
TailSitter_Bicopter_Big,TMOTOR_U15XL_KV38,52.0,MAD_24S_55Ah_solid_state,55000,24,49609.0,23265.0,26344.0,34459.0,53.37027482606023,False,1078.5111738674113,75599.81308750046,-20599.813087500457,55.5,46.5,100.0,90.5,55.5,46.5
TailSitter_Bicopter_Big,TMOTOR_U15XL_KV38,52.0,MAD_24S_100Ah_solid_state,100000,24,63246.0,23265.0,39981.0,42127.0,68.83998813191864,False,20242.15622202349,2005646.06109102,-1905646.06109102,67.0,51.0,100.0,100.0,67.0,51.0
TailSitter_Bicopter_Big,TMOTOR_U15XL_KV38,52.0,12Sx2_series_24S_66Ah,66000,24,54341.0,23265.0,31076.0,36940.6,56.27183490272024,False,1080.0628815191685,79734.17411635138,-13734.17411635138,59.5,48.0,100.0,94.0,59.5,48.0
TailSitter_Bicopter_Big,TMOTOR_U15XL_KV38,52.0,12Sx4_2P2S_24S_132Ah,132000,24,75741.0,23265.0,52476.0,48794.2,70.55888513231494,False,20242.40889539741,2007263.3225084208,-1875263.3225084208,73.5,56.5,100.0,100.0,73.5,56.5
TailSitter_Bicopter_Big,TMOTOR_U15XL_KV38,52.0,Farasis_24S1P_53Ah,53000,24,54642.0,23265.0,31377.0,25951.0,44.83474117964074,False,1080.968207635369,79791.10082771543,-26791.100827715432,59.5,48.0,100.0,94.0,59.5,48.0
TailSitter_Bicopter_Big,TMOTOR_U15XL_KV38,52.0,Farasis_24S2P_106Ah,106000,24,76343.0,23265.0,53078.0,26815.0,56.038869308558986,False,20243.158750914416,2007291.8951657256,-1901291.8951657256,74.0,56.5,100.0,100.0,74.0,56.5
TailSitter_Bicopter_Big,TMOTOR_U15XL_KV38,52.0,ZYE_UltraHV_24S_66Ah,66000,24,53941.0,23265.0,30676.0,27585.0,56.86585648789703,False,1080.0183156112544,79239.22122602147,-13239.221226021473,59.0,48.0,100.0,93.5,59.0,48.0
TailSitter_Bicopter_Big,TMOTOR_U15XL_KV38,52.0,Grepow_TARBG_24S_30Ah,30000,24,42286.0,23265.0,19021.0,30389.78,36.16732065509632,False,1076.4235435687854,69428.75733172873,-39428.75733172873,51.0,43.5,100.0,85.0,51.0,43.5
TailSitter_Bicopter_Big,TMOTOR_U15XL_KV38,52.0,Amprius_SA08_24S1P_11Ah,11050,24,35641.0,23265.0,12376.0,29727.0,16.3946587537092,False,1074.639163265257,65170.402837845395,-54120.402837845395,47.5,40.0,100.0,83.5,47.5,40.0
TailSitter_Bicopter_Big,TMOTOR_U15XL_KV38,52.0,Amprius_SA08_24S2P_22Ah,22100,24,38341.0,23265.0,15076.0,34367.0,30.286352730101047,False,1075.1629533950202,66880.58739758033,-44780.587397580326,49.0,41.5,100.0,84.0,49.0,41.5
TailSitter_Bicopter_Big,TMOTOR_U15XL_KV38,52.0,Amprius_SA88_24S1P_10Ah,10500,24,35388.0,23265.0,12123.0,27031.0,15.578635014836797,False,1074.273137716773,65159.24078075869,-54659.24078075869,47.5,40.0,100.0,83.5,47.5,40.0
TailSitter_Bicopter_Big,TMOTOR_U15XL_KV38,52.0,Amprius_SA88_24S2P_21Ah,21000,24,37834.0,23265.0,14569.0,28975.0,29.28239451447219,False,1075.5822720259239,66783.27390446905,-45783.27390446905,48.5,41.0,100.0,84.0,48.5,41.0
TailSitter_Bicopter_Big,TMOTOR_U15XL_KV38,52.0,Grepow_NMC811_24S1P_87Ah,87000,24,55362.0,23265.0,32097.0,40465.12,72.24146482456892,True,1080.7552274409343,80497.41304655946,6502.586953440536,60.0,48.5,100.0,94.5,60.0,48.5
TailSitter_Bicopter_Big,TMOTOR_U15XL_KV38,52.0,Grepow_NMC811_24S2P_24Ah,24000,24,39473.0,23265.0,16208.0,29329.239999999998,31.66631045575499,False,1076.272999440239,67044.04439833561,-43044.04439833561,49.5,42.0,100.0,84.0,49.5,42.0
TailSitter_Bicopter_Big,TMOTOR_U15XL_KV38,52.0,Amprius_SA88_24S4P_42Ah,42000,24,42729.0,23265.0,19464.0,32863.0,49.94176504446823,False,1076.5380141114056,70075.26735082793,-28075.267350827926,51.5,43.5,100.0,85.5,51.5,43.5
TailSitter_Bicopter_Big,TMOTOR_U15XL_KV38,52.0,Amprius_SA88_24S6P_63Ah,63000,24,47623.0,23265.0,24358.0,36751.0,64.73627078137994,False,1077.4980252973905,73995.65915980743,-10995.65915980743,54.0,46.0,100.0,89.0,54.0,46.0
TailSitter_Bicopter_Big,TMOTOR_U15XL_KV38,52.0,Grepow_NMC811_small_24S4P_48Ah,48000,24,46005.0,23265.0,22740.0,33571.479999999996,51.71092645237927,False,1077.7637749866274,72495.61283044754,-24495.612830447542,53.0,45.0,100.0,87.5,53.0,45.0
TailSitter_Bicopter_Big,TMOTOR_U15XXL_KV29,62.0,YANGDA_XTurbo_24S_44Ah,44000,24,48420.0,23490.0,24930.0,37387.0,54.291216252962364,False,1075.0782427022764,61299.82170009475,-17299.821700094748,52.0,41.0,100.0,77.5,52.0,41.0
TailSitter_Bicopter_Big,TMOTOR_U15XXL_KV29,62.0,TATTU_NEO_24S_30Ah,30000,24,52590.0,23490.0,29100.0,35255.979999999996,33.06269754548138,False,1076.284885536108,64149.76182526109,-34149.76182526109,54.0,43.5,100.0,79.5,54.0,43.5
TailSitter_Bicopter_Big,TMOTOR_U15XXL_KV29,62.0,MAD_24S_55Ah_solid_state,55000,24,52258.0,23490.0,28768.0,38959.0,61.1459746554623,False,1075.250148074528,64105.37132887596,-9105.37132887596,54.0,43.5,100.0,79.5,54.0,43.5
TailSitter_Bicopter_Big,TMOTOR_U15XXL_KV29,62.0,MAD_24S_100Ah_solid_state,100000,24,65895.0,23490.0,42405.0,46627.0,79.8430450572922,True,1076.252638554522,74643.91264789512,25356.087352104878,61.0,50.0,100.0,85.5,61.0,50.0
TailSitter_Bicopter_Big,TMOTOR_U15XXL_KV29,62.0,12Sx2_series_24S_66Ah,66000,24,56990.0,23490.0,33500.0,41440.6,65.0021420899139,False,1075.4306499408226,68045.34722182169,-2045.347221821692,56.0,46.0,100.0,82.0,56.0,46.0
TailSitter_Bicopter_Big,TMOTOR_U15XXL_KV29,62.0,12Sx4_2P2S_24S_132Ah,132000,24,78390.0,23490.0,54900.0,53294.2,81.94032571573025,True,1078.0998957427232,84982.97997000824,47017.02002999176,66.0,54.5,100.0,90.5,66.0,54.5
TailSitter_Bicopter_Big,TMOTOR_U15XXL_KV29,62.0,Farasis_24S1P_53Ah,53000,24,57291.0,23490.0,33801.0,30451.0,51.807399213557616,False,1076.2198693686069,68070.44776041286,-15070.447760412862,56.0,46.0,100.0,82.0,56.0,46.0
TailSitter_Bicopter_Big,TMOTOR_U15XXL_KV29,62.0,Farasis_24S2P_106Ah,106000,24,78992.0,23490.0,55502.0,31315.0,65.0740505191227,True,1078.4439054997806,85910.24733406973,20089.752665930268,66.0,54.5,100.0,91.0,66.0,54.5
TailSitter_Bicopter_Big,TMOTOR_U15XXL_KV29,62.0,ZYE_UltraHV_24S_66Ah,66000,24,56590.0,23490.0,33100.0,32085.0,65.65751029533367,False,1075.6153027863263,67319.24207476388,-1319.2420747638826,55.5,46.0,100.0,81.5,55.5,46.0
TailSitter_Bicopter_Big,TMOTOR_U15XXL_KV29,62.0,Grepow_TARBG_24S_30Ah,30000,24,44935.0,23490.0,21445.0,34889.78,38.51091142490372,False,1073.6913914496508,58915.155975194364,-28915.155975194364,50.0,40.0,100.0,75.5,50.0,40.0
TailSitter_Bicopter_Big,TMOTOR_U15XXL_KV29,62.0,Amprius_SA08_24S1P_11Ah,11050,24,38290.0,23490.0,14800.0,34227.0,14.184852374839537,False,1072.0766776312837,55310.99249666557,-44260.99249666557,46.0,40.0,96.0,71.5,46.0,40.0
TailSitter_Bicopter_Big,TMOTOR_U15XXL_KV29,62.0,Amprius_SA08_24S2P_22Ah,22100,24,40990.0,23490.0,17500.0,38867.0,28.369704749679073,False,1072.8653285002626,56615.34877064431,-34515.34877064431,47.5,40.0,97.5,73.0,47.5,40.0
TailSitter_Bicopter_Big,TMOTOR_U15XXL_KV29,62.0,Amprius_SA88_24S1P_10Ah,10500,24,38037.0,23490.0,14547.0,31531.0,13.478818998716303,False,1071.843105676117,55297.79448646957,-44797.79448646957,46.0,40.0,95.5,71.5,46.0,40.0
TailSitter_Bicopter_Big,TMOTOR_U15XXL_KV29,62.0,Amprius_SA88_24S2P_21Ah,21000,24,40483.0,23490.0,16993.0,33475.0,26.957637997432606,False,1073.039143344041,56239.14557893031,-35239.14557893031,47.5,40.0,97.0,72.5,47.5,40.0
TailSitter_Bicopter_Big,TMOTOR_U15XXL_KV29,62.0,Grepow_NMC811_24S1P_87Ah,87000,24,58011.0,23490.0,34521.0,44965.12,83.53326795903087,True,1076.3123596333792,68212.83109658444,18787.168903415557,56.5,46.5,100.0,82.0,56.5,46.5
TailSitter_Bicopter_Big,TMOTOR_U15XXL_KV29,62.0,Grepow_NMC811_24S2P_24Ah,24000,24,42122.0,23490.0,18632.0,33829.24,30.808729139922978,False,1072.6924627913093,57407.2300853488,-33407.2300853488,48.5,40.0,98.0,74.0,48.5,40.0
TailSitter_Bicopter_Big,TMOTOR_U15XXL_KV29,62.0,Amprius_SA88_24S4P_42Ah,42000,24,45378.0,23490.0,21888.0,37363.0,53.91527599486521,False,1073.4893959685544,59436.43384332496,-17436.433843324958,50.5,40.0,100.0,76.0,50.5,40.0
TailSitter_Bicopter_Big,TMOTOR_U15XXL_KV29,62.0,Amprius_SA88_24S6P_63Ah,63000,24,50272.0,23490.0,26782.0,41251.0,73.85617651381206,True,1074.7149233626553,62690.00621119886,309.9937888011409,53.0,42.5,100.0,78.5,53.0,42.5
TailSitter_Bicopter_Big,TMOTOR_U15XXL_KV29,62.0,Grepow_NMC811_small_24S4P_48Ah,48000,24,48654.0,23490.0,25164.0,38071.479999999996,58.8382815415973,False,1074.8347996870725,61375.002702506565,-13375.002702506565,52.0,41.5,100.0,77.5,52.0,41.5
TailSitter_Contra_Compact_OptWing,HOBBYWING_H13MD_coaxial_axis,54.0,YANGDA_XTurbo_24S_44Ah,44000,24,37132.3,18562.3,18570.0,7800.0,63.7923854284917,False,1074.4686832947173,64350.13816269868,-20350.138162698677,53.0,40.0,91.0,80.0,53.0,40.0
TailSitter_Contra_Compact_OptWing,HOBBYWING_H13MD_coaxial_axis,54.0,TATTU_NEO_24S_30Ah,30000,24,41302.3,18562.3,22740.0,5668.98,39.78827262635884,False,1077.8362946339935,66651.4353941089,-36651.43539410891,55.5,43.5,92.5,80.5,55.5,43.5
TailSitter_Contra_Compact_OptWing,HOBBYWING_H13MD_coaxial_axis,54.0,MAD_24S_55Ah_solid_state,55000,24,40970.3,18562.3,22408.0,9372.0,73.74222386767227,False,1077.7245131585353,66571.38372070236,-11571.38372070236,55.5,43.0,92.5,80.5,55.5,43.0
TailSitter_Contra_Compact_OptWing,HOBBYWING_H13MD_coaxial_axis,54.0,MAD_24S_100Ah_solid_state,100000,24,54607.3,18562.3,36045.0,17040.0,89.90353711530082,True,1077.9617408444933,78645.02794472595,21354.972055274047,63.0,53.5,96.0,82.5,63.0,53.5
TailSitter_Contra_Compact_OptWing,HOBBYWING_H13MD_coaxial_axis,54.0,12Sx2_series_24S_66Ah,66000,24,45702.3,18562.3,27140.0,11853.6,76.36060129845058,False,1076.5457131597188,71841.48870541068,-5841.48870541068,58.0,47.5,94.0,81.5,58.0,47.5
TailSitter_Contra_Compact_OptWing,HOBBYWING_H13MD_coaxial_axis,54.0,12Sx4_2P2S_24S_132Ah,132000,24,67102.3,18562.3,48540.0,23707.2,86.86895799210838,True,1079.5973973695823,91121.15640423616,40878.84359576384,69.0,58.0,98.0,84.5,69.0,58.0
TailSitter_Contra_Compact_OptWing,HOBBYWING_H13MD_coaxial_axis,54.0,Farasis_24S1P_53Ah,53000,24,46003.3,18562.3,27441.0,864.0,60.777670784923636,False,1075.98867327458,71898.85227920611,-18898.852279206112,58.0,48.0,94.0,81.5,58.0,48.0
TailSitter_Contra_Compact_OptWing,HOBBYWING_H13MD_coaxial_axis,54.0,Farasis_24S2P_106Ah,106000,24,67704.3,18562.3,49142.0,1728.0,68.84076020612007,True,1077.7884259062578,91292.29359660746,14707.706403392542,69.5,58.5,98.0,84.5,69.5,58.5
TailSitter_Contra_Compact_OptWing,HOBBYWING_H13MD_coaxial_axis,54.0,ZYE_UltraHV_24S_66Ah,66000,24,45302.3,18562.3,26740.0,2498.0,77.27369417145226,False,1075.575763412859,71811.72996674031,-5811.729966740313,57.5,47.5,94.0,81.5,57.5,47.5
TailSitter_Contra_Compact_OptWing,HOBBYWING_H13MD_coaxial_axis,54.0,Grepow_TARBG_24S_30Ah,30000,24,33647.3,18562.3,15085.0,5302.78,43.49480824669889,False,1073.5546371440437,61225.96082772426,-31225.96082772426,51.5,40.0,89.5,79.0,51.5,40.0
TailSitter_Contra_Compact_OptWing,HOBBYWING_H13MD_coaxial_axis,54.0,Amprius_SA08_24S1P_11Ah,11050,24,27002.3,18562.3,8440.0,4640.0,16.020587704200757,False,1071.9721296758923,56961.9736656911,-45911.9736656911,43.5,40.0,86.5,77.5,43.5,40.0
TailSitter_Contra_Compact_OptWing,HOBBYWING_H13MD_coaxial_axis,54.0,Amprius_SA08_24S2P_22Ah,22100,24,29702.3,18562.3,11140.0,9280.0,32.041175408401514,False,1073.2744723343617,58377.19711354657,-36277.19711354657,47.5,40.0,87.5,78.0,47.5,40.0
TailSitter_Contra_Compact_OptWing,HOBBYWING_H13MD_coaxial_axis,54.0,Amprius_SA88_24S1P_10Ah,10500,24,26749.3,18562.3,8187.0,1944.0,15.22318288634461,False,1071.8208386336607,56946.342955923676,-46446.342955923676,43.0,40.0,86.0,77.5,43.0,40.0
TailSitter_Contra_Compact_OptWing,HOBBYWING_H13MD_coaxial_axis,54.0,Amprius_SA88_24S2P_21Ah,21000,24,29195.3,18562.3,10633.0,3888.0,30.44636577268922,False,1072.4580243879302,58318.505912264955,-37318.505912264955,46.5,40.0,87.5,78.0,46.5,40.0
TailSitter_Contra_Compact_OptWing,HOBBYWING_H13MD_coaxial_axis,54.0,Grepow_NMC811_24S1P_87Ah,87000,24,46723.3,18562.3,28161.0,15378.12,97.69077575229095,True,1076.5308661920067,71997.23568790192,15002.76431209808,58.5,48.5,94.5,81.5,58.5,48.5
TailSitter_Contra_Compact_OptWing,HOBBYWING_H13MD_coaxial_axis,54.0,Grepow_NMC811_24S2P_24Ah,24000,24,30834.3,18562.3,12272.0,4242.24,34.79584659735911,False,1072.3855866844442,59697.0528590601,-35697.0528590601,48.5,40.0,88.0,78.5,48.5,40.0
TailSitter_Contra_Compact_OptWing,HOBBYWING_H13MD_coaxial_axis,54.0,Amprius_SA88_24S4P_42Ah,42000,24,34090.3,18562.3,15528.0,7776.0,60.89273154537844,False,1074.6866109240007,61293.35887351686,-19293.35887351686,51.5,40.0,89.5,79.0,51.5,40.0
TailSitter_Contra_Compact_OptWing,HOBBYWING_H13MD_coaxial_axis,54.0,Amprius_SA88_24S6P_63Ah,63000,24,38984.3,18562.3,20422.0,11664.0,90.30809431232653,False,1076.7546274731135,66282.95823490326,-3282.958234903257,54.0,40.5,91.5,80.5,54.0,40.5
TailSitter_Contra_Compact_OptWing,HOBBYWING_H13MD_coaxial_axis,54.0,Grepow_NMC811_small_24S4P_48Ah,48000,24,37366.3,18562.3,18804.0,8484.48,69.59169319471822,False,1074.832109328699,64363.57607898768,-16363.57607898768,53.0,40.0,91.0,80.0,53.0,40.0
TailSitter_Contra_Compact_OptWing,HOBBYWING_H15MD_PLUS_coaxial_axis,73.0,YANGDA_XTurbo_24S_44Ah,44000,24,42619.8,18989.8,23630.0,7800.0,39.141070896781905,False,1070.6836270760693,50913.11382191521,-6913.113821915213,40.0,40.0,66.5,56.5,40.0,40.0
TailSitter_Contra_Compact_OptWing,HOBBYWING_H15MD_PLUS_coaxial_axis,73.0,TATTU_NEO_24S_30Ah,30000,24,46789.8,18989.8,27800.0,5668.98,26.687093793260388,False,1072.0550575590423,52325.60656501615,-22325.606565016147,41.0,40.0,67.5,57.0,41.0,40.0
TailSitter_Contra_Compact_OptWing,HOBBYWING_H15MD_PLUS_coaxial_axis,73.0,MAD_24S_55Ah_solid_state,55000,24,46457.8,18989.8,27468.0,9372.0,48.926338620977376,True,1071.7232865336402,52309.453608065676,2690.5463919343238,41.0,40.0,67.5,57.0,41.0,40.0
TailSitter_Contra_Compact_OptWing,HOBBYWING_H15MD_PLUS_coaxial_axis,73.0,MAD_24S_100Ah_solid_state,100000,24,60094.8,18989.8,41105.0,17040.0,88.95697931086796,True,1073.417088314399,59479.34849141642,40520.65150858358,45.5,40.0,70.0,59.5,45.5,40.0
TailSitter_Contra_Compact_OptWing,HOBBYWING_H15MD_PLUS_coaxial_axis,73.0,12Sx2_series_24S_66Ah,66000,24,51189.8,18989.8,32200.0,11853.6,58.711606345172854,True,1071.9918827351894,55074.86325961445,10925.136740385547,42.5,40.0,68.0,58.0,42.5,40.0
TailSitter_Contra_Compact_OptWing,HOBBYWING_H15MD_PLUS_coaxial_axis,73.0,12Sx4_2P2S_24S_132Ah,132000,24,72589.8,18989.8,53600.0,23707.2,105.65938551855406,True,1077.3717584839394,66337.7037251707,65662.2962748293,49.5,41.5,72.0,61.5,49.5,41.5
TailSitter_Contra_Compact_OptWing,HOBBYWING_H15MD_PLUS_coaxial_axis,73.0,Farasis_24S1P_53Ah,53000,24,51490.8,18989.8,32501.0,864.0,47.14719903476002,False,1072.1261849373802,55085.24210849623,-2085.2421084962334,42.5,40.0,68.5,58.0,42.5,40.0
TailSitter_Contra_Compact_OptWing,HOBBYWING_H15MD_PLUS_coaxial_axis,73.0,Farasis_24S2P_106Ah,106000,24,73191.8,18989.8,54202.0,1728.0,83.88015880789978,True,1076.305869396893,66507.06687414256,39492.93312585744,49.5,42.0,72.5,61.5,49.5,42.0
TailSitter_Contra_Compact_OptWing,HOBBYWING_H15MD_PLUS_coaxial_axis,73.0,ZYE_UltraHV_24S_66Ah,66000,24,50789.8,18989.8,31800.0,2498.0,58.711606345172854,True,1071.723060379155,55062.33788298336,10937.66211701664,42.5,40.0,68.0,58.0,42.5,40.0
TailSitter_Contra_Compact_OptWing,HOBBYWING_H15MD_PLUS_coaxial_axis,73.0,Grepow_TARBG_24S_30Ah,30000,24,39134.8,18989.8,20145.0,5302.78,26.687093793260388,False,1071.1949790076992,48387.612099400736,-18387.612099400736,40.0,40.0,66.0,55.5,40.0,40.0
TailSitter_Contra_Compact_OptWing,HOBBYWING_H15MD_PLUS_coaxial_axis,73.0,Amprius_SA08_24S1P_11Ah,11050,24,32489.8,18989.8,13500.0,4640.0,9.829746213850909,False,1068.6250154641566,45816.77143935909,-34766.77143935909,40.0,40.0,64.5,54.5,40.0,40.0
TailSitter_Contra_Compact_OptWing,HOBBYWING_H15MD_PLUS_coaxial_axis,73.0,Amprius_SA08_24S2P_22Ah,22100,24,35189.8,18989.8,16200.0,9280.0,19.659492427701817,False,1069.2137386925465,47053.89846437425,-24953.89846437425,40.0,40.0,65.0,55.0,40.0,40.0
TailSitter_Contra_Compact_OptWing,HOBBYWING_H15MD_PLUS_coaxial_axis,73.0,Amprius_SA88_24S1P_10Ah,10500,24,32236.8,18989.8,13247.0,1944.0,9.340482827641136,False,1068.442688561807,45808.82308468717,-35308.82308468717,40.0,40.0,64.5,54.5,40.0,40.0
TailSitter_Contra_Compact_OptWing,HOBBYWING_H15MD_PLUS_coaxial_axis,73.0,Amprius_SA88_24S2P_21Ah,21000,24,34682.8,18989.8,15693.0,3888.0,18.68096565528227,False,1068.855206203514,47038.12259065058,-26038.12259065058,40.0,40.0,65.0,55.0,40.0,40.0
TailSitter_Contra_Compact_OptWing,HOBBYWING_H15MD_PLUS_coaxial_axis,73.0,Grepow_NMC811_24S1P_87Ah,87000,24,52210.8,18989.8,33221.0,15378.12,77.39257200045512,True,1072.487849896,55115.20565475379,31884.794345246213,43.0,40.0,68.5,58.0,43.0,40.0
TailSitter_Contra_Compact_OptWing,HOBBYWING_H15MD_PLUS_coaxial_axis,73.0,Grepow_NMC811_24S2P_24Ah,24000,24,36321.8,18989.8,17332.0,4242.24,21.34967503460831,False,1070.4588732419893,47111.78618126452,-23111.78618126452,40.0,40.0,65.0,55.0,40.0,40.0
TailSitter_Contra_Compact_OptWing,HOBBYWING_H15MD_PLUS_coaxial_axis,73.0,Amprius_SA88_24S4P_42Ah,42000,24,39577.8,18989.8,20588.0,7776.0,37.36193131056454,False,1069.7808171743357,49580.31495810047,-7580.314958100469,40.0,40.0,66.0,56.0,40.0,40.0
TailSitter_Contra_Compact_OptWing,HOBBYWING_H15MD_PLUS_coaxial_axis,73.0,Amprius_SA88_24S6P_63Ah,63000,24,44471.8,18989.8,25482.0,11664.0,56.042896965846815,True,1072.365755430273,50996.03229487048,12003.967705129522,40.0,40.0,67.0,56.5,40.0,40.0
TailSitter_Contra_Compact_OptWing,HOBBYWING_H15MD_PLUS_coaxial_axis,73.0,Grepow_NMC811_small_24S4P_48Ah,48000,24,42853.8,18989.8,23864.0,8484.48,42.69935006921662,False,1070.8440124748438,50920.141172315685,-2920.1411723156853,40.0,40.0,66.5,56.5,40.0,40.0
TailSitter_Contra_Compact_OptWing,HOBBYWING_H15MD_coaxial_axis,64.0,YANGDA_XTurbo_24S_44Ah,44000,24,39285.3,18787.3,20498.0,7800.0,46.81964221308449,False,1073.6765060390767,53768.28087788677,-9768.28087788677,40.5,40.0,69.0,59.5,40.5,40.0
TailSitter_Contra_Compact_OptWing,HOBBYWING_H15MD_coaxial_axis,64.0,TATTU_NEO_24S_30Ah,30000,24,43455.3,18787.3,24668.0,5668.98,31.922483327103063,False,1072.6648457450033,56690.75700104363,-26690.757001043632,42.5,40.0,70.0,60.5,42.5,40.0
TailSitter_Contra_Compact_OptWing,HOBBYWING_H15MD_coaxial_axis,64.0,MAD_24S_55Ah_solid_state,55000,24,43123.3,18787.3,24336.0,9372.0,58.52455276635562,False,1072.359210317767,56675.95870780745,-1675.9587078074474,42.5,40.0,70.0,60.5,42.5,40.0
TailSitter_Contra_Compact_OptWing,HOBBYWING_H15MD_coaxial_axis,64.0,MAD_24S_100Ah_solid_state,100000,24,56760.3,18787.3,37973.0,17040.0,104.3571829058168,True,1076.1625406910211,65015.00539606401,34984.99460393599,47.5,40.5,72.5,63.0,47.5,40.5
TailSitter_Contra_Compact_OptWing,HOBBYWING_H15MD_coaxial_axis,64.0,12Sx2_series_24S_66Ah,66000,24,47855.3,18787.3,29068.0,11853.6,70.22946331962675,True,1072.7671147172055,59816.984514210824,6183.015485789176,44.5,40.0,71.0,61.5,44.5,40.0
TailSitter_Contra_Compact_OptWing,HOBBYWING_H15MD_coaxial_axis,64.0,12Sx4_2P2S_24S_132Ah,132000,24,69255.3,18787.3,50468.0,23707.2,103.08614716736487,True,1078.2081368870959,73351.78899647952,58648.21100352048,52.0,44.0,75.0,65.0,52.0,44.0
TailSitter_Contra_Compact_OptWing,HOBBYWING_H15MD_coaxial_axis,64.0,Farasis_24S1P_53Ah,53000,24,48156.3,18787.3,29369.0,864.0,56.39638721121541,False,1073.003883446877,59828.009543083455,-6828.009543083455,44.5,40.0,71.0,61.5,44.5,40.0
TailSitter_Contra_Compact_OptWing,HOBBYWING_H15MD_coaxial_axis,64.0,Farasis_24S2P_106Ah,106000,24,69857.3,18787.3,51070.0,1728.0,81.73816197117091,True,1077.218138728717,73539.36400349034,32460.635996509664,52.0,44.5,75.0,65.0,52.0,44.5
TailSitter_Contra_Compact_OptWing,HOBBYWING_H15MD_coaxial_axis,64.0,ZYE_UltraHV_24S_66Ah,66000,24,47455.3,18787.3,28668.0,2498.0,70.22946331962675,True,1074.704422538373,58363.68390251649,7636.316097483512,44.0,40.0,71.0,61.0,44.0,40.0
TailSitter_Contra_Compact_OptWing,HOBBYWING_H15MD_coaxial_axis,64.0,Grepow_TARBG_24S_30Ah,30000,24,35800.3,18787.3,17013.0,5302.78,31.922483327103063,False,1071.5523205284194,52235.81004417411,-22235.81004417411,40.0,40.0,68.5,59.0,40.0,40.0
TailSitter_Contra_Compact_OptWing,HOBBYWING_H15MD_coaxial_axis,64.0,Amprius_SA08_24S1P_11Ah,11050,24,29155.3,18787.3,10368.0,4640.0,11.75811469214963,False,1068.9233994520862,49369.75445459491,-38319.75445459491,40.0,40.0,67.0,58.0,40.0,40.0
TailSitter_Contra_Compact_OptWing,HOBBYWING_H15MD_coaxial_axis,64.0,Amprius_SA08_24S2P_22Ah,22100,24,31855.3,18787.3,13068.0,9280.0,23.51622938429926,False,1069.6959401163426,50762.25088490289,-28662.25088490289,40.0,40.0,67.5,58.5,40.0,40.0
TailSitter_Contra_Compact_OptWing,HOBBYWING_H15MD_coaxial_axis,64.0,Amprius_SA88_24S1P_10Ah,10500,24,28902.3,18787.3,10115.0,1944.0,11.172869164486071,False,1071.2708423394079,48156.51268411029,-37656.51268411029,40.0,40.0,67.0,57.5,40.0,40.0
TailSitter_Contra_Compact_OptWing,HOBBYWING_H15MD_coaxial_axis,64.0,Amprius_SA88_24S2P_21Ah,21000,24,31348.3,18787.3,12561.0,3888.0,22.345738328972143,False,1071.3513014417765,49490.498526434174,-28490.498526434174,40.0,40.0,67.5,58.0,40.0,40.0
TailSitter_Contra_Compact_OptWing,HOBBYWING_H15MD_coaxial_axis,64.0,Grepow_NMC811_24S1P_87Ah,87000,24,48876.3,18787.3,30089.0,15378.12,92.57520164859888,True,1073.6485099917563,59859.113080012685,27140.886919987315,44.5,40.0,71.0,61.5,44.5,40.0
TailSitter_Contra_Compact_OptWing,HOBBYWING_H15MD_coaxial_axis,64.0,Grepow_NMC811_24S2P_24Ah,24000,24,32987.3,18787.3,14200.0,4242.24,25.53798666168245,False,1070.5315686909087,50804.26112300489,-26804.261123004893,40.0,40.0,68.0,58.5,40.0,40.0
TailSitter_Contra_Compact_OptWing,HOBBYWING_H15MD_coaxial_axis,64.0,Amprius_SA88_24S4P_42Ah,42000,24,36243.3,18787.3,17456.0,7776.0,44.691476657944285,False,1072.16356362388,52266.18916785029,-10266.189167850287,40.0,40.0,68.5,59.0,40.0,40.0
TailSitter_Contra_Compact_OptWing,HOBBYWING_H15MD_coaxial_axis,64.0,Amprius_SA88_24S6P_63Ah,63000,24,41137.3,18787.3,22350.0,11664.0,67.03721498691644,True,1072.630733027837,55182.38703938833,7817.6129606116665,41.5,40.0,69.5,60.0,41.5,40.0
TailSitter_Contra_Compact_OptWing,HOBBYWING_H15MD_coaxial_axis,64.0,Grepow_NMC811_small_24S4P_48Ah,48000,24,39519.3,18787.3,20732.0,8484.48,51.0759733233649,False,1071.4743929375772,55116.36776965275,-7116.367769652752,41.0,40.0,69.5,60.0,41.0,40.0
TailSitter_Contra_Compact_OptWing,M50C35_PRO_EEE_34kv,30.0,YANGDA_XTurbo_24S_44Ah,44000,24,34452.3,18022.3,16430.0,11200.0,56.33238747406176,False,1071.3347170022357,55100.47990614378,-11100.47990614378,42.0,40.0,100.0,72.5,42.0,40.0
TailSitter_Contra_Compact_OptWing,M50C35_PRO_EEE_34kv,30.0,TATTU_NEO_24S_30Ah,30000,24,38622.3,18022.3,20600.0,9068.98,38.40844600504211,False,1073.0314057660885,57189.595627330855,-27189.595627330855,44.5,40.0,100.0,73.5,44.5,40.0
TailSitter_Contra_Compact_OptWing,M50C35_PRO_EEE_34kv,30.0,MAD_24S_55Ah_solid_state,55000,24,38290.3,18022.3,20268.0,12772.0,70.4154843425772,False,1072.4852422454537,57160.3539545191,-2160.3539545191015,44.5,40.0,100.0,73.5,44.5,40.0
TailSitter_Contra_Compact_OptWing,M50C35_PRO_EEE_34kv,30.0,MAD_24S_100Ah_solid_state,100000,24,51927.3,18022.3,33905.0,20440.0,109.93673129457564,True,1077.828131276277,66438.33347714832,33561.66652285168,52.5,42.5,100.0,77.5,52.5,42.5
TailSitter_Contra_Compact_OptWing,M50C35_PRO_EEE_34kv,30.0,12Sx2_series_24S_66Ah,66000,24,43022.3,18022.3,25000.0,15253.6,84.49858121109264,True,1073.452653307751,60305.42780705805,5694.572192941952,48.0,40.0,100.0,75.0,48.0,40.0
TailSitter_Contra_Compact_OptWing,M50C35_PRO_EEE_34kv,30.0,12Sx4_2P2S_24S_132Ah,132000,24,64422.3,18022.3,46400.0,27107.2,106.75857738536085,True,1077.2430468222756,77017.87164268215,54982.12835731785,58.5,48.0,100.0,81.5,58.5,48.0
TailSitter_Contra_Compact_OptWing,M50C35_PRO_EEE_34kv,30.0,Farasis_24S1P_53Ah,53000,24,43323.3,18022.3,25301.0,4264.0,67.8549212755744,False,1073.9479009914169,60331.45191415196,-7331.451914151963,48.0,40.0,100.0,75.0,48.0,40.0
TailSitter_Contra_Compact_OptWing,M50C35_PRO_EEE_34kv,30.0,Farasis_24S2P_106Ah,106000,24,65024.3,18022.3,47002.0,5128.0,84.63048542649611,True,1079.1655872460603,77140.40740223543,28859.592597764567,59.0,48.0,100.0,81.5,59.0,48.0
TailSitter_Contra_Compact_OptWing,M50C35_PRO_EEE_34kv,30.0,ZYE_UltraHV_24S_66Ah,66000,24,42622.3,18022.3,24600.0,5898.0,84.49858121109264,True,1073.0977829805827,60279.35636362784,5720.643636372159,47.5,40.0,100.0,75.0,47.5,40.0
TailSitter_Contra_Compact_OptWing,M50C35_PRO_EEE_34kv,30.0,Grepow_TARBG_24S_30Ah,30000,24,30967.3,18022.3,12945.0,8702.779999999999,38.40844600504211,False,1073.0090352880811,52273.87059473015,-22273.87059473015,40.0,40.0,85.5,71.0,40.0,40.0
TailSitter_Contra_Compact_OptWing,M50C35_PRO_EEE_34kv,30.0,Amprius_SA08_24S1P_11Ah,11050,24,24322.3,18022.3,6300.0,8040.0,14.14711094519051,False,1069.9497025087044,48575.085037607074,-37525.085037607074,40.0,40.0,82.5,69.0,40.0,40.0
TailSitter_Contra_Compact_OptWing,M50C35_PRO_EEE_34kv,30.0,Amprius_SA08_24S2P_22Ah,22100,24,27022.3,18022.3,9000.0,12680.0,28.29422189038102,False,1070.565804731371,50348.93496768414,-28248.934967684138,40.0,40.0,83.5,70.0,40.0,40.0
TailSitter_Contra_Compact_OptWing,M50C35_PRO_EEE_34kv,30.0,Amprius_SA88_24S1P_10Ah,10500,24,24069.3,18022.3,6047.0,5344.0,13.442956101764738,False,1069.6517266794544,48561.32907007118,-38061.32907007118,40.0,40.0,82.5,69.0,40.0,40.0
TailSitter_Contra_Compact_OptWing,M50C35_PRO_EEE_34kv,30.0,Amprius_SA88_24S2P_21Ah,21000,24,26515.3,18022.3,8493.0,7288.0,26.885912203529475,False,1071.8536937729586,49535.952462714056,-28535.952462714056,40.0,40.0,83.0,69.5,40.0,40.0
TailSitter_Contra_Compact_OptWing,M50C35_PRO_EEE_34kv,30.0,Grepow_NMC811_24S1P_87Ah,87000,24,44043.3,18022.3,26021.0,18778.120000000003,111.38449341462211,True,1073.4905978282914,61348.45679020349,25651.54320979651,48.5,40.0,100.0,75.5,48.5,40.0
TailSitter_Contra_Compact_OptWing,M50C35_PRO_EEE_34kv,30.0,Grepow_NMC811_24S2P_24Ah,24000,24,28154.3,18022.3,10132.0,7642.24,30.726756804033688,False,1070.712387653336,51248.81899225459,-27248.818992254593,40.0,40.0,84.0,70.5,40.0,40.0
TailSitter_Contra_Compact_OptWing,M50C35_PRO_EEE_34kv,30.0,Amprius_SA88_24S4P_42Ah,42000,24,31410.3,18022.3,13388.0,11176.0,53.77182440705895,False,1072.0385894491117,53146.557451180255,-11146.557451180255,40.0,40.0,85.5,71.5,40.0,40.0
TailSitter_Contra_Compact_OptWing,M50C35_PRO_EEE_34kv,30.0,Amprius_SA88_24S6P_63Ah,63000,24,36304.3,18022.3,18282.0,15064.0,80.65773661058843,True,1071.8935342828377,56116.487901650005,6883.512098349995,43.0,40.0,100.0,73.0,43.0,40.0
TailSitter_Contra_Compact_OptWing,M50C35_PRO_EEE_34kv,30.0,Grepow_NMC811_small_24S4P_48Ah,48000,24,34686.3,18022.3,16664.0,11884.48,61.453513608067375,False,1071.5795183368068,55111.65713224122,-7111.65713224122,42.0,40.0,100.0,72.5,42.0,40.0
TailSitter_Contra_Compact_OptWing,TMOTOR_U15L_KV43,47.0,YANGDA_XTurbo_24S_44Ah,44000,24,39074.8,18404.8,20670.0,25087.0,55.12102798961298,False,20241.664327164235,2003218.4063853954,-1959218.4063853954,56.0,45.0,100.0,100.0,56.0,45.0
TailSitter_Contra_Compact_OptWing,TMOTOR_U15L_KV43,47.0,TATTU_NEO_24S_30Ah,30000,24,43244.8,18404.8,24840.0,22955.98,32.66669454195576,False,20242.225858708243,2003657.9634010764,-1973657.9634010764,60.5,47.0,100.0,100.0,60.5,47.0
TailSitter_Contra_Compact_OptWing,TMOTOR_U15L_KV43,47.0,MAD_24S_55Ah_solid_state,55000,24,42912.8,18404.8,24508.0,26659.0,60.53839296162066,False,20243.527165635358,2003572.509231063,-1948572.509231063,60.5,46.5,100.0,100.0,60.5,46.5
TailSitter_Contra_Compact_OptWing,TMOTOR_U15L_KV43,47.0,MAD_24S_100Ah_solid_state,100000,24,56549.8,18404.8,38145.0,34327.0,74.57664669199409,False,20243.49156780206,2005234.078353869,-1905234.078353869,72.0,55.0,100.0,100.0,72.0,55.0
TailSitter_Contra_Compact_OptWing,TMOTOR_U15L_KV43,47.0,12Sx2_series_24S_66Ah,66000,24,47644.8,18404.8,29240.0,29140.6,62.710753741524705,False,20243.528456655542,2004122.2435799309,-1938122.2435799309,63.5,49.0,100.0,100.0,63.5,49.0
TailSitter_Contra_Compact_OptWing,TMOTOR_U15L_KV43,47.0,12Sx4_2P2S_24S_132Ah,132000,24,69044.8,18404.8,50640.0,40994.2,73.7016524733605,False,20244.232303986,2006956.4414404563,-1874956.4414404563,78.5,63.0,100.0,100.0,78.5,63.0
TailSitter_Contra_Compact_OptWing,TMOTOR_U15L_KV43,47.0,Farasis_24S1P_53Ah,53000,24,47945.8,18404.8,29541.0,18151.0,49.91390888446524,False,20242.439959124804,2004201.9015247119,-1951201.9015247119,63.5,49.5,100.0,100.0,63.5,49.5
TailSitter_Contra_Compact_OptWing,TMOTOR_U15L_KV43,47.0,Farasis_24S2P_106Ah,106000,24,69646.8,18404.8,51242.0,19015.0,58.44406323208646,False,20243.232647461828,2007097.416667825,-1901097.416667825,80.5,63.5,100.0,100.0,80.5,63.5
TailSitter_Contra_Compact_OptWing,TMOTOR_U15L_KV43,47.0,ZYE_UltraHV_24S_66Ah,66000,24,47244.8,18404.8,28840.0,19785.0,63.45997621622044,False,20242.682744555383,2004103.243102512,-1938103.243102512,63.0,49.0,100.0,100.0,63.0,49.0
TailSitter_Contra_Compact_OptWing,TMOTOR_U15L_KV43,47.0,Grepow_TARBG_24S_30Ah,30000,24,35589.8,18404.8,17185.0,22589.78,42.64515322933222,False,20242.397646165726,2002802.8964070205,-1972802.8964070205,52.5,43.0,100.0,100.0,52.5,43.0
TailSitter_Contra_Compact_OptWing,TMOTOR_U15L_KV43,47.0,Amprius_SA08_24S1P_11Ah,11050,24,28944.8,18404.8,10540.0,21927.0,19.826555023923447,False,20240.889030319824,2002217.4703328814,-1991167.4703328814,47.0,40.0,100.0,100.0,47.0,40.0
TailSitter_Contra_Compact_OptWing,TMOTOR_U15L_KV43,47.0,Amprius_SA08_24S2P_22Ah,22100,24,31644.8,18404.8,13240.0,26567.0,36.79120856401399,False,20242.776836985333,2002403.8337632457,-1980303.8337632457,49.0,41.0,100.0,100.0,49.0,41.0
TailSitter_Contra_Compact_OptWing,TMOTOR_U15L_KV43,47.0,Amprius_SA88_24S1P_10Ah,10500,24,28691.8,18404.8,10287.0,19231.0,18.83971291866029,False,20240.821493578536,2002214.3710084774,-1991714.3710084774,46.5,40.0,100.0,100.0,46.5,40.0
TailSitter_Contra_Compact_OptWing,TMOTOR_U15L_KV43,47.0,Amprius_SA88_24S2P_21Ah,21000,24,31137.8,18404.8,12733.0,21175.0,35.72259268643814,False,20241.543420701706,2002388.5426461315,-1981388.5426461315,48.5,41.0,100.0,100.0,48.5,41.0
TailSitter_Contra_Compact_OptWing,TMOTOR_U15L_KV43,47.0,Grepow_NMC811_24S1P_87Ah,87000,24,48665.8,18404.8,30261.0,32665.120000000003,80.23244799451496,False,20244.302332060128,2004240.3590620535,-1917240.3590620535,64.0,49.5,100.0,100.0,64.0,49.5
TailSitter_Contra_Compact_OptWing,TMOTOR_U15L_KV43,47.0,Grepow_NMC811_24S2P_24Ah,24000,24,32776.8,18404.8,14372.0,21529.239999999998,38.11478731957481,False,20241.202759766315,2002575.833242257,-1978575.833242257,50.0,42.0,100.0,100.0,50.0,42.0
TailSitter_Contra_Compact_OptWing,TMOTOR_U15L_KV43,47.0,Amprius_SA88_24S4P_42Ah,42000,24,36032.8,18404.8,17628.0,25063.0,58.715541339653804,False,20241.46349778358,2002896.7849310052,-1960896.7849310052,53.0,43.5,100.0,100.0,53.0,43.5
TailSitter_Contra_Compact_OptWing,TMOTOR_U15L_KV43,47.0,Amprius_SA88_24S6P_63Ah,63000,24,40926.8,18404.8,22522.0,28951.0,74.06932853661947,False,20243.46427997718,2003352.2938199858,-1940352.2938199858,58.0,45.5,100.0,100.0,58.0,45.5
TailSitter_Contra_Compact_OptWing,TMOTOR_U15L_KV43,47.0,Grepow_NMC811_small_24S4P_48Ah,48000,24,39308.8,18404.8,20904.0,25771.48,59.64499692718915,False,20241.888306513207,2003223.2676044926,-1955223.2676044926,56.5,45.0,100.0,100.0,56.5,45.0
TailSitter_Contra_Compact_OptWing,TMOTOR_U15XL_KV38,52.0,YANGDA_XTurbo_24S_44Ah,44000,24,41023.3,18517.3,22506.0,32887.0,55.20332314006244,False,1078.2044550248802,68543.81621671507,-24543.816216715073,50.5,43.0,100.0,84.5,50.5,43.0
TailSitter_Contra_Compact_OptWing,TMOTOR_U15XL_KV38,52.0,TATTU_NEO_24S_30Ah,30000,24,45193.3,18517.3,26676.0,30755.98,33.10369893378045,False,1078.9055117753196,72144.21743615098,-42144.21743615098,52.5,45.0,100.0,87.0,52.5,45.0
TailSitter_Contra_Compact_OptWing,TMOTOR_U15XL_KV38,52.0,MAD_24S_55Ah_solid_state,55000,24,44861.3,18517.3,26344.0,34459.0,61.293662175361305,False,1080.5842648357104,71634.13944658035,-16634.139446580346,52.5,44.5,100.0,86.5,52.5,44.5
TailSitter_Contra_Compact_OptWing,TMOTOR_U15XL_KV38,52.0,MAD_24S_100Ah_solid_state,100000,24,58498.3,18517.3,39981.0,42127.0,76.81003396516796,True,1085.9446392324323,83807.91084376114,16192.089156238857,62.5,49.5,100.0,97.0,62.5,49.5
TailSitter_Contra_Compact_OptWing,TMOTOR_U15XL_KV38,52.0,12Sx2_series_24S_66Ah,66000,24,49593.3,18517.3,31076.0,36940.6,64.07296572871138,False,1081.4837176245135,75784.4613899657,-9784.461389965698,55.5,46.5,100.0,90.5,55.5,46.5
TailSitter_Contra_Compact_OptWing,TMOTOR_U15XL_KV38,52.0,12Sx4_2P2S_24S_132Ah,132000,24,70993.3,18517.3,52476.0,48794.2,77.25234917550107,False,20244.459834245583,2006664.1214380541,-1874664.1214380541,70.5,54.0,100.0,100.0,70.5,54.0
TailSitter_Contra_Compact_OptWing,TMOTOR_U15XL_KV38,52.0,Farasis_24S1P_53Ah,53000,24,49894.3,18517.3,31377.0,25951.0,51.014384001919375,False,1080.838781746561,76198.43314842245,-23198.433148422453,56.0,46.5,100.0,91.0,56.0,46.5
TailSitter_Contra_Compact_OptWing,TMOTOR_U15XL_KV38,52.0,Farasis_24S2P_106Ah,106000,24,71595.3,18517.3,53078.0,26815.0,61.30567195937724,False,20243.505140504723,2006779.554083237,-1900779.554083237,71.0,54.5,100.0,100.0,71.0,54.5
TailSitter_Contra_Compact_OptWing,TMOTOR_U15XL_KV38,52.0,ZYE_UltraHV_24S_66Ah,66000,24,49193.3,18517.3,30676.0,27585.0,64.80909907724549,False,1079.781955166973,75669.9696529728,-9669.969652972795,55.5,46.5,100.0,90.5,55.5,46.5
TailSitter_Contra_Compact_OptWing,TMOTOR_U15XL_KV38,52.0,Grepow_TARBG_24S_30Ah,30000,24,37538.3,18517.3,19021.0,30389.78,42.26209823208484,False,1078.8869186797558,65582.1969688637,-35582.196968863704,48.5,41.0,100.0,83.5,48.5,41.0
TailSitter_Contra_Compact_OptWing,TMOTOR_U15XL_KV38,52.0,Amprius_SA08_24S1P_11Ah,11050,24,30893.3,18517.3,12376.0,29727.0,16.3946587537092,False,1073.2740430211393,61920.025805719975,-50870.025805719975,45.5,40.0,100.0,82.5,45.5,40.0
TailSitter_Contra_Compact_OptWing,TMOTOR_U15XL_KV38,52.0,Amprius_SA08_24S2P_22Ah,22100,24,33593.3,18517.3,15076.0,34367.0,32.7893175074184,False,1074.7317223934085,63631.58085660742,-41531.58085660742,46.5,40.0,100.0,83.0,46.5,40.0
TailSitter_Contra_Compact_OptWing,TMOTOR_U15XL_KV38,52.0,Amprius_SA88_24S1P_10Ah,10500,24,30640.3,18517.3,12123.0,27031.0,15.578635014836797,False,1073.2615451015658,61908.994431380954,-51408.994431380954,45.0,40.0,100.0,82.5,45.0,40.0
TailSitter_Contra_Compact_OptWing,TMOTOR_U15XL_KV38,52.0,Amprius_SA88_24S2P_21Ah,21000,24,33086.3,18517.3,14569.0,28975.0,31.157270029673594,False,1074.4029134681286,63606.414316218244,-42606.414316218244,46.0,40.0,100.0,83.0,46.0,40.0
TailSitter_Contra_Compact_OptWing,TMOTOR_U15XL_KV38,52.0,Grepow_NMC811_24S1P_87Ah,87000,24,50614.3,18517.3,32097.0,40465.12,82.05833047638897,True,1080.2298364150747,76859.8186144382,10140.181385561795,56.5,47.0,100.0,91.5,56.5,47.0
TailSitter_Contra_Compact_OptWing,TMOTOR_U15XL_KV38,52.0,Grepow_NMC811_24S2P_24Ah,24000,24,34725.3,18517.3,16208.0,29329.239999999998,35.60830860534125,False,1076.311913432542,63715.270264889616,-39715.270264889616,47.0,40.0,100.0,83.0,47.0,40.0
TailSitter_Contra_Compact_OptWing,TMOTOR_U15XL_KV38,52.0,Amprius_SA88_24S4P_42Ah,42000,24,37981.3,18517.3,19464.0,32863.0,58.26897532016964,False,1076.5566271269934,66939.36131540957,-24939.361315409566,48.5,41.5,100.0,84.0,48.5,41.5
TailSitter_Contra_Compact_OptWing,TMOTOR_U15XL_KV38,52.0,Amprius_SA88_24S6P_63Ah,63000,24,42875.3,18517.3,24358.0,36751.0,74.57450569687835,False,1079.9677565859502,70212.89130383193,-7212.89130383193,51.5,43.5,100.0,85.5,51.5,43.5
TailSitter_Contra_Compact_OptWing,TMOTOR_U15XL_KV38,52.0,Grepow_NMC811_small_24S4P_48Ah,48000,24,41257.3,18517.3,22740.0,33571.479999999996,59.77407591861865,False,1079.1846184276137,68598.80621285315,-20598.806212853146,50.5,43.0,100.0,84.5,50.5,43.0
TailSitter_Contra_Compact_OptWing,TMOTOR_U15XXL_KV29,62.0,YANGDA_XTurbo_24S_44Ah,44000,24,43672.3,18742.3,24930.0,37387.0,56.48267008985879,False,1074.5832596003156,58437.007380883995,-14437.007380883995,49.5,40.0,99.0,75.0,49.5,40.0
TailSitter_Contra_Compact_OptWing,TMOTOR_U15XXL_KV29,62.0,TATTU_NEO_24S_30Ah,30000,24,47842.3,18742.3,29100.0,35255.979999999996,37.62924615394452,False,1079.6217198791103,60834.425097043946,-30834.425097043946,51.5,40.5,100.0,77.0,51.5,40.5
TailSitter_Contra_Compact_OptWing,TMOTOR_U15XXL_KV29,62.0,MAD_24S_55Ah_solid_state,55000,24,47510.3,18742.3,28768.0,38959.0,69.64856132659955,False,1077.5023480858224,60763.71553670942,-5763.7155367094165,51.5,40.5,100.0,77.0,51.5,40.5
TailSitter_Contra_Compact_OptWing,TMOTOR_U15XXL_KV29,62.0,MAD_24S_100Ah_solid_state,100000,24,61147.3,18742.3,42405.0,46627.0,88.97817029593247,True,1078.9572562426933,71004.59841932311,28995.401580676888,57.5,48.0,100.0,83.5,57.5,48.0
TailSitter_Contra_Compact_OptWing,TMOTOR_U15XXL_KV29,62.0,12Sx2_series_24S_66Ah,66000,24,52242.3,18742.3,33500.0,41440.6,73.40551169083639,True,1078.0047937507138,64229.43493057864,1770.5650694213618,54.0,43.5,100.0,79.5,54.0,43.5
TailSitter_Contra_Compact_OptWing,TMOTOR_U15XXL_KV29,62.0,12Sx4_2P2S_24S_132Ah,132000,24,73642.3,18742.3,54900.0,53294.2,89.71616528042621,True,1080.1543444507524,80976.39826714083,51023.60173285917,65.0,53.0,100.0,88.5,65.0,53.0
TailSitter_Contra_Compact_OptWing,TMOTOR_U15XXL_KV29,62.0,Farasis_24S1P_53Ah,53000,24,52543.3,18742.3,33801.0,30451.0,58.48234128025973,False,1079.7836145282138,64306.97082173633,-11306.97082173633,54.0,43.5,100.0,79.5,54.0,43.5
TailSitter_Contra_Compact_OptWing,TMOTOR_U15XXL_KV29,62.0,Farasis_24S2P_106Ah,106000,24,74244.3,18742.3,55502.0,31315.0,71.1984534724321,True,1080.2894737588394,81826.78330832097,24173.21669167903,65.0,53.0,100.0,89.0,65.0,53.0
TailSitter_Contra_Compact_OptWing,TMOTOR_U15XXL_KV29,62.0,ZYE_UltraHV_24S_66Ah,66000,24,51842.3,18742.3,33100.0,32085.0,74.18501761152899,True,1076.9302856861905,64175.696593532615,1824.3034064673848,53.5,43.5,100.0,79.5,53.5,43.5
TailSitter_Contra_Compact_OptWing,TMOTOR_U15XXL_KV29,62.0,Grepow_TARBG_24S_30Ah,30000,24,40187.3,18742.3,21445.0,34889.78,38.51091142490372,False,1074.3505730042755,56304.419287454395,-26304.419287454395,47.0,40.0,97.0,72.5,47.0,40.0
TailSitter_Contra_Compact_OptWing,TMOTOR_U15XXL_KV29,62.0,Amprius_SA08_24S1P_11Ah,11050,24,33542.3,18742.3,14800.0,34227.0,14.184852374839537,False,1073.512833871709,52673.833858773156,-41623.833858773156,42.5,40.0,93.0,69.5,42.5,40.0
TailSitter_Contra_Compact_OptWing,TMOTOR_U15XXL_KV29,62.0,Amprius_SA08_24S2P_22Ah,22100,24,36242.3,18742.3,17500.0,38867.0,28.369704749679073,False,1073.266453268366,54283.62021567393,-32183.62021567393,44.5,40.0,94.5,70.5,44.5,40.0
TailSitter_Contra_Compact_OptWing,TMOTOR_U15XXL_KV29,62.0,Amprius_SA88_24S1P_10Ah,10500,24,33289.3,18742.3,14547.0,31531.0,13.478818998716303,False,1072.8000082237363,52635.33980799912,-42135.33980799912,42.5,40.0,93.0,69.5,42.5,40.0
TailSitter_Contra_Compact_OptWing,TMOTOR_U15XXL_KV29,62.0,Amprius_SA88_24S2P_21Ah,21000,24,35735.3,18742.3,16993.0,33475.0,26.957637997432606,False,1072.4915463809098,54244.196140465305,-33244.196140465305,44.5,40.0,94.5,70.5,44.5,40.0
TailSitter_Contra_Compact_OptWing,TMOTOR_U15XXL_KV29,62.0,Grepow_NMC811_24S1P_87Ah,87000,24,53263.3,18742.3,34521.0,44965.12,94.21143818904751,True,1078.522366961523,64974.302318062815,22025.697681937185,54.5,44.0,100.0,80.0,54.5,44.0
TailSitter_Contra_Compact_OptWing,TMOTOR_U15XXL_KV29,62.0,Grepow_NMC811_24S2P_24Ah,24000,24,37374.3,18742.3,18632.0,33829.24,30.808729139922978,False,1073.4041091440229,54880.12612438541,-30880.12612438541,45.5,40.0,95.5,71.0,45.5,40.0
TailSitter_Contra_Compact_OptWing,TMOTOR_U15XXL_KV29,62.0,Amprius_SA88_24S4P_42Ah,42000,24,40630.3,18742.3,21888.0,37363.0,53.91527599486521,False,1073.8719459659353,56673.18905403442,-14673.189054034417,47.5,40.0,97.5,73.0,47.5,40.0
TailSitter_Contra_Compact_OptWing,TMOTOR_U15XXL_KV29,62.0,Amprius_SA88_24S6P_63Ah,63000,24,45524.3,18742.3,26782.0,41251.0,80.87291399229781,True,1075.6159720649816,59535.67733160297,3464.322668397028,50.5,40.0,100.0,76.0,50.5,40.0
TailSitter_Contra_Compact_OptWing,TMOTOR_U15XXL_KV29,62.0,Grepow_NMC811_small_24S4P_48Ah,48000,24,43906.3,18742.3,25164.0,38071.479999999996,61.617458279845955,False,1075.0109395387747,58458.92597153082,-10458.925971530822,49.5,40.0,99.0,75.0,49.5,40.0
TailSitter_Contra_Balanced_OptWing,HOBBYWING_H13MD_coaxial_axis,54.0,YANGDA_XTurbo_24S_44Ah,44000,24,38144.6,19574.6,18570.0,7800.0,63.7923854284917,False,1074.975906459577,64368.2331736615,-20368.2331736615,53.5,40.0,91.5,80.0,53.5,40.0
TailSitter_Contra_Balanced_OptWing,HOBBYWING_H13MD_coaxial_axis,54.0,TATTU_NEO_24S_30Ah,30000,24,42314.6,19574.6,22740.0,5668.98,38.511393079685014,False,1074.9716614221,68858.8654699742,-38858.865469974204,56.0,44.5,93.0,81.0,56.0,44.5
TailSitter_Contra_Balanced_OptWing,HOBBYWING_H13MD_coaxial_axis,54.0,MAD_24S_55Ah_solid_state,55000,24,41982.6,19574.6,22408.0,9372.0,71.35754079467301,False,1074.2888744575266,68840.7714869797,-13840.771486979706,56.0,44.5,92.5,81.0,56.0,44.5
TailSitter_Contra_Balanced_OptWing,HOBBYWING_H13MD_coaxial_axis,54.0,MAD_24S_100Ah_solid_state,100000,24,55619.6,19574.6,36045.0,17040.0,87.41450627374215,True,1075.0736500952344,81548.57092386966,18451.429076130342,63.5,54.0,96.5,83.0,63.5,54.0
TailSitter_Contra_Balanced_OptWing,HOBBYWING_H13MD_coaxial_axis,54.0,12Sx2_series_24S_66Ah,66000,24,46714.6,19574.6,27140.0,11853.6,74.12894951437859,False,1075.1822563743372,71937.80501016605,-5937.805010166048,58.5,48.5,94.0,81.5,58.5,48.5
TailSitter_Contra_Balanced_OptWing,HOBBYWING_H13MD_coaxial_axis,54.0,12Sx4_2P2S_24S_132Ah,132000,24,68114.6,19574.6,48540.0,23707.2,84.96298485177623,True,1077.1689969982522,91252.13570615671,40747.86429384329,69.5,58.5,98.0,84.5,69.5,58.5
TailSitter_Contra_Balanced_OptWing,HOBBYWING_H13MD_coaxial_axis,54.0,Farasis_24S1P_53Ah,53000,24,47015.6,19574.6,27441.0,864.0,59.01172671457146,False,1076.0552722144396,71964.38450806873,-18964.38450806873,58.5,48.5,94.5,81.5,58.5,48.5
TailSitter_Contra_Balanced_OptWing,HOBBYWING_H13MD_coaxial_axis,54.0,Farasis_24S2P_106Ah,106000,24,68716.6,19574.6,49142.0,1728.0,67.34638387202368,True,1077.0423934424136,91490.18346638653,14509.81653361347,70.0,59.0,98.0,84.5,70.0,59.0
TailSitter_Contra_Balanced_OptWing,HOBBYWING_H13MD_coaxial_axis,54.0,ZYE_UltraHV_24S_66Ah,66000,24,46314.6,19574.6,26740.0,2498.0,74.99756373910816,False,1075.5302450516215,71868.86653223152,-5868.866532231521,58.0,48.0,94.0,81.5,58.0,48.0
TailSitter_Contra_Balanced_OptWing,HOBBYWING_H13MD_coaxial_axis,54.0,Grepow_TARBG_24S_30Ah,30000,24,34659.6,19574.6,15085.0,5302.78,43.49480824669889,False,1072.5270733767234,62664.60520676839,-32664.605206768392,51.5,40.0,90.0,79.5,51.5,40.0
TailSitter_Contra_Balanced_OptWing,HOBBYWING_H13MD_coaxial_axis,54.0,Amprius_SA08_24S1P_11Ah,11050,24,28014.6,19574.6,8440.0,4640.0,16.020587704200757,False,1070.9724604750108,58221.28505896533,-47171.28505896533,45.0,40.0,87.0,78.0,45.0,40.0
TailSitter_Contra_Balanced_OptWing,HOBBYWING_H13MD_coaxial_axis,54.0,Amprius_SA08_24S2P_22Ah,22100,24,30714.6,19574.6,11140.0,9280.0,32.041175408401514,False,1071.6203435752186,59652.01105780899,-37552.01105780899,48.5,40.0,88.0,78.5,48.5,40.0
TailSitter_Contra_Balanced_OptWing,HOBBYWING_H13MD_coaxial_axis,54.0,Amprius_SA88_24S1P_10Ah,10500,24,27761.6,19574.6,8187.0,1944.0,15.22318288634461,False,1072.2237223647244,56985.16827265631,-46485.16827265631,45.0,40.0,86.5,77.5,45.0,40.0
TailSitter_Contra_Balanced_OptWing,HOBBYWING_H13MD_coaxial_axis,54.0,Amprius_SA88_24S2P_21Ah,21000,24,30207.6,19574.6,10633.0,3888.0,30.44636577268922,False,1071.2788339070364,59631.76652100294,-38631.76652100294,48.0,40.0,88.0,78.5,48.0,40.0
TailSitter_Contra_Balanced_OptWing,HOBBYWING_H13MD_coaxial_axis,54.0,Grepow_NMC811_24S1P_87Ah,87000,24,47735.6,19574.6,28161.0,15378.12,94.89055218178396,True,1075.6820545747557,72123.39165256842,14876.608347431582,59.0,49.5,94.5,81.5,59.0,49.5
TailSitter_Contra_Balanced_OptWing,HOBBYWING_H13MD_coaxial_axis,54.0,Grepow_NMC811_24S2P_24Ah,24000,24,31846.6,19574.6,12272.0,4242.24,34.79584659735911,False,1072.7426806147103,59732.24186707646,-35732.24186707646,50.0,40.0,88.5,78.5,50.0,40.0
TailSitter_Contra_Balanced_OptWing,HOBBYWING_H13MD_coaxial_axis,54.0,Amprius_SA88_24S4P_42Ah,42000,24,35102.6,19574.6,15528.0,7776.0,60.89273154537844,False,1072.810353176807,62683.54133837391,-20683.541338373907,52.0,40.0,90.0,79.5,52.0,40.0
TailSitter_Contra_Balanced_OptWing,HOBBYWING_H13MD_coaxial_axis,54.0,Amprius_SA88_24S6P_63Ah,63000,24,39996.6,19574.6,20422.0,11664.0,87.24774253211338,False,1075.2815692697432,66367.63196048069,-3367.631960480692,54.5,42.0,92.0,80.5,54.5,42.0
TailSitter_Contra_Balanced_OptWing,HOBBYWING_H13MD_coaxial_axis,54.0,Grepow_NMC811_small_24S4P_48Ah,48000,24,38378.6,19574.6,18804.0,8484.48,69.59169319471822,False,1075.5793389583557,64389.87342001255,-16389.873420012547,53.5,40.0,91.5,80.0,53.5,40.0
TailSitter_Contra_Balanced_OptWing,HOBBYWING_H15MD_PLUS_coaxial_axis,73.0,YANGDA_XTurbo_24S_44Ah,44000,24,43632.1,20002.1,23630.0,7800.0,39.141070896781905,False,1070.854139220397,50915.88659004911,-6915.886590049107,40.0,40.0,66.5,56.5,40.0,40.0
TailSitter_Contra_Balanced_OptWing,HOBBYWING_H15MD_PLUS_coaxial_axis,73.0,TATTU_NEO_24S_30Ah,30000,24,47802.1,20002.1,27800.0,5668.98,26.687093793260388,False,1072.5753966345007,52363.89229214722,-22363.89229214722,41.5,40.0,67.5,57.0,41.5,40.0
TailSitter_Contra_Balanced_OptWing,HOBBYWING_H15MD_PLUS_coaxial_axis,73.0,MAD_24S_55Ah_solid_state,55000,24,47470.1,20002.1,27468.0,9372.0,48.926338620977376,True,1072.138042279407,52327.177312442655,2672.8226875573455,41.0,40.0,67.5,57.0,41.0,40.0
TailSitter_Contra_Balanced_OptWing,HOBBYWING_H15MD_PLUS_coaxial_axis,73.0,MAD_24S_100Ah_solid_state,100000,24,61107.1,20002.1,41105.0,17040.0,88.95697931086796,True,1073.1975501940763,59480.40325576616,40519.59674423384,46.0,40.0,70.0,59.5,46.0,40.0
TailSitter_Contra_Balanced_OptWing,HOBBYWING_H15MD_PLUS_coaxial_axis,73.0,12Sx2_series_24S_66Ah,66000,24,52202.1,20002.1,32200.0,11853.6,58.711606345172854,True,1071.7666225899338,55076.74896312944,10923.251036870563,43.0,40.0,68.5,58.0,43.0,40.0
TailSitter_Contra_Balanced_OptWing,HOBBYWING_H15MD_PLUS_coaxial_axis,73.0,12Sx4_2P2S_24S_132Ah,132000,24,73602.1,20002.1,53600.0,23707.2,103.6476172739531,True,1075.3693319750755,66473.73371523665,65526.26628476335,50.0,42.0,72.5,61.5,50.0,42.0
TailSitter_Contra_Balanced_OptWing,HOBBYWING_H15MD_PLUS_coaxial_axis,73.0,Farasis_24S1P_53Ah,53000,24,52503.1,20002.1,32501.0,864.0,47.14719903476002,False,1072.0220068091683,55089.58419919038,-2089.58419919038,43.0,40.0,68.5,58.0,43.0,40.0
TailSitter_Contra_Balanced_OptWing,HOBBYWING_H15MD_PLUS_coaxial_axis,73.0,Farasis_24S2P_106Ah,106000,24,74204.1,20002.1,54202.0,1728.0,82.29789746484265,True,1076.5682100637825,66534.94848022914,39465.05151977086,50.0,42.0,72.5,61.5,50.0,42.0
TailSitter_Contra_Balanced_OptWing,HOBBYWING_H15MD_PLUS_coaxial_axis,73.0,ZYE_UltraHV_24S_66Ah,66000,24,51802.1,20002.1,31800.0,2498.0,58.711606345172854,True,1071.714480684492,55062.23832013789,10937.76167986211,42.5,40.0,68.5,58.0,42.5,40.0
TailSitter_Contra_Balanced_OptWing,HOBBYWING_H15MD_PLUS_coaxial_axis,73.0,Grepow_TARBG_24S_30Ah,30000,24,40147.1,20002.1,20145.0,5302.78,26.687093793260388,False,1069.6352322583225,49569.55008900827,-19569.55008900827,40.0,40.0,66.0,56.0,40.0,40.0
TailSitter_Contra_Balanced_OptWing,HOBBYWING_H15MD_PLUS_coaxial_axis,73.0,Amprius_SA08_24S1P_11Ah,11050,24,33502.1,20002.1,13500.0,4640.0,9.829746213850909,False,1068.9333466017206,45827.90593399909,-34777.90593399909,40.0,40.0,64.5,54.5,40.0,40.0
TailSitter_Contra_Balanced_OptWing,HOBBYWING_H15MD_PLUS_coaxial_axis,73.0,Amprius_SA08_24S2P_22Ah,22100,24,36202.1,20002.1,16200.0,9280.0,19.659492427701817,False,1069.5294522941851,47065.33489813515,-24965.334898135152,40.0,40.0,65.0,55.0,40.0,40.0
TailSitter_Contra_Balanced_OptWing,HOBBYWING_H15MD_PLUS_coaxial_axis,73.0,Amprius_SA88_24S1P_10Ah,10500,24,33249.1,20002.1,13247.0,1944.0,9.340482827641136,False,1068.6735587449323,45816.11469305466,-35316.11469305466,40.0,40.0,64.5,54.5,40.0,40.0
TailSitter_Contra_Balanced_OptWing,HOBBYWING_H15MD_PLUS_coaxial_axis,73.0,Amprius_SA88_24S2P_21Ah,21000,24,35695.1,20002.1,15693.0,3888.0,18.68096565528227,False,1069.0423357049376,47043.00393872661,-26043.003938726608,40.0,40.0,65.0,55.0,40.0,40.0
TailSitter_Contra_Balanced_OptWing,HOBBYWING_H15MD_PLUS_coaxial_axis,73.0,Grepow_NMC811_24S1P_87Ah,87000,24,53223.1,20002.1,33221.0,15378.12,77.39257200045512,True,1072.8720486788698,55134.66067380858,31865.339326191417,43.0,40.0,68.5,58.0,43.0,40.0
TailSitter_Contra_Balanced_OptWing,HOBBYWING_H15MD_PLUS_coaxial_axis,73.0,Grepow_NMC811_24S2P_24Ah,24000,24,37334.1,20002.1,17332.0,4242.24,21.34967503460831,False,1068.9371446880418,48275.54025095905,-24275.54025095905,40.0,40.0,65.5,55.5,40.0,40.0
TailSitter_Contra_Balanced_OptWing,HOBBYWING_H15MD_PLUS_coaxial_axis,73.0,Amprius_SA88_24S4P_42Ah,42000,24,40590.1,20002.1,20588.0,7776.0,37.36193131056454,False,1069.9172762646829,49581.811587651995,-7581.811587651995,40.0,40.0,66.0,56.0,40.0,40.0
TailSitter_Contra_Balanced_OptWing,HOBBYWING_H15MD_PLUS_coaxial_axis,73.0,Amprius_SA88_24S6P_63Ah,63000,24,45484.1,20002.1,25482.0,11664.0,56.042896965846815,True,1070.7582019362674,52245.68782944286,10754.31217055714,40.5,40.0,67.0,57.0,40.5,40.0
TailSitter_Contra_Balanced_OptWing,HOBBYWING_H15MD_PLUS_coaxial_axis,73.0,Grepow_NMC811_small_24S4P_48Ah,48000,24,43866.1,20002.1,23864.0,8484.48,42.69935006921662,False,1071.043782846073,50924.50828487227,-2924.508284872267,40.0,40.0,66.5,56.5,40.0,40.0
TailSitter_Contra_Balanced_OptWing,HOBBYWING_H15MD_coaxial_axis,64.0,YANGDA_XTurbo_24S_44Ah,44000,24,40297.6,19799.6,20498.0,7800.0,46.81964221308449,False,1071.5144431236504,55111.005341758835,-11111.005341758835,41.0,40.0,69.5,60.0,41.0,40.0
TailSitter_Contra_Balanced_OptWing,HOBBYWING_H15MD_coaxial_axis,64.0,TATTU_NEO_24S_30Ah,30000,24,44467.6,19799.6,24668.0,5668.98,31.922483327103063,False,1072.7335243526936,56708.986421484005,-26708.986421484005,43.0,40.0,70.5,60.5,43.0,40.0
TailSitter_Contra_Balanced_OptWing,HOBBYWING_H15MD_coaxial_axis,64.0,MAD_24S_55Ah_solid_state,55000,24,44135.6,19799.6,24336.0,9372.0,58.52455276635562,False,1072.666884943978,56686.23024388702,-1686.2302438870174,42.5,40.0,70.0,60.5,42.5,40.0
TailSitter_Contra_Balanced_OptWing,HOBBYWING_H15MD_coaxial_axis,64.0,MAD_24S_100Ah_solid_state,100000,24,57772.6,19799.6,37973.0,17040.0,101.72880937364127,True,1074.933876511849,65143.582934924445,34856.417065075555,48.0,41.0,72.5,63.0,48.0,41.0
TailSitter_Contra_Balanced_OptWing,HOBBYWING_H15MD_coaxial_axis,64.0,12Sx2_series_24S_66Ah,66000,24,48867.6,19799.6,29068.0,11853.6,70.22946331962675,True,1072.884546295581,59818.50643535827,6181.493564641729,44.5,40.0,71.0,61.5,44.5,40.0
TailSitter_Contra_Balanced_OptWing,HOBBYWING_H15MD_coaxial_axis,64.0,12Sx4_2P2S_24S_132Ah,132000,24,70267.6,19799.6,50468.0,23707.2,100.91863031270233,True,1076.4890175034188,73508.09312011352,58491.906879886476,52.0,44.5,75.5,65.0,52.0,44.5
TailSitter_Contra_Balanced_OptWing,HOBBYWING_H15MD_coaxial_axis,64.0,Farasis_24S1P_53Ah,53000,24,49168.6,19799.6,29369.0,864.0,56.39638721121541,False,1072.8935435722892,59831.536196287765,-6831.536196287765,45.0,40.0,71.0,61.5,45.0,40.0
TailSitter_Contra_Balanced_OptWing,HOBBYWING_H15MD_coaxial_axis,64.0,Farasis_24S2P_106Ah,106000,24,70869.6,19799.6,51070.0,1728.0,80.03601929808714,True,1075.77552343428,75272.11748648975,30727.882513510252,52.5,44.5,75.5,65.5,52.5,44.5
TailSitter_Contra_Balanced_OptWing,HOBBYWING_H15MD_coaxial_axis,64.0,ZYE_UltraHV_24S_66Ah,66000,24,48467.6,19799.6,28668.0,2498.0,70.22946331962675,True,1072.565072327474,59803.33850917381,6196.661490826191,44.5,40.0,71.0,61.5,44.5,40.0
TailSitter_Contra_Balanced_OptWing,HOBBYWING_H15MD_coaxial_axis,64.0,Grepow_TARBG_24S_30Ah,30000,24,36812.6,19799.6,17013.0,5302.78,31.922483327103063,False,1070.6546543231143,53599.75322429502,-23599.75322429502,40.0,40.0,68.5,59.5,40.0,40.0
TailSitter_Contra_Balanced_OptWing,HOBBYWING_H15MD_coaxial_axis,64.0,Amprius_SA08_24S1P_11Ah,11050,24,30167.6,19799.6,10368.0,4640.0,11.75811469214963,False,1069.0352614248334,49373.70024845022,-38323.70024845022,40.0,40.0,67.5,58.0,40.0,40.0
TailSitter_Contra_Balanced_OptWing,HOBBYWING_H15MD_coaxial_axis,64.0,Amprius_SA08_24S2P_22Ah,22100,24,32867.6,19799.6,13068.0,9280.0,23.51622938429926,False,1069.8326835819814,50766.770378692156,-28666.770378692156,40.0,40.0,68.0,58.5,40.0,40.0
TailSitter_Contra_Balanced_OptWing,HOBBYWING_H15MD_coaxial_axis,64.0,Amprius_SA88_24S1P_10Ah,10500,24,29914.6,19799.6,10115.0,1944.0,11.172869164486071,False,1068.9466660738722,49365.605257688934,-38865.605257688934,40.0,40.0,67.0,58.0,40.0,40.0
TailSitter_Contra_Balanced_OptWing,HOBBYWING_H15MD_coaxial_axis,64.0,Amprius_SA88_24S2P_21Ah,21000,24,32360.6,19799.6,12561.0,3888.0,22.345738328972143,False,1069.5508319852977,50750.20429218285,-29750.204292182847,40.0,40.0,67.5,58.5,40.0,40.0
TailSitter_Contra_Balanced_OptWing,HOBBYWING_H15MD_coaxial_axis,64.0,Grepow_NMC811_24S1P_87Ah,87000,24,49888.6,19799.6,30089.0,15378.12,92.57520164859888,True,1073.5946601606472,59873.23713982296,27126.76286017704,45.0,40.0,71.5,61.5,45.0,40.0
TailSitter_Contra_Balanced_OptWing,HOBBYWING_H15MD_coaxial_axis,64.0,Grepow_NMC811_24S2P_24Ah,24000,24,33999.6,19799.6,14200.0,4242.24,25.53798666168245,False,1071.2372097887226,50835.264454713586,-26835.264454713586,40.0,40.0,68.0,58.5,40.0,40.0
TailSitter_Contra_Balanced_OptWing,HOBBYWING_H15MD_coaxial_axis,64.0,Amprius_SA88_24S4P_42Ah,42000,24,37255.6,19799.6,17456.0,7776.0,44.691476657944285,False,1070.8545659541664,53611.61600951265,-11611.616009512647,40.0,40.0,69.0,59.5,40.0,40.0
TailSitter_Contra_Balanced_OptWing,HOBBYWING_H15MD_coaxial_axis,64.0,Amprius_SA88_24S6P_63Ah,63000,24,42149.6,19799.6,22350.0,11664.0,67.03721498691644,True,1073.1665726415258,55227.71483215034,7772.285167849659,42.0,40.0,70.0,60.0,42.0,40.0
TailSitter_Contra_Balanced_OptWing,HOBBYWING_H15MD_coaxial_axis,64.0,Grepow_NMC811_small_24S4P_48Ah,48000,24,40531.6,19799.6,20732.0,8484.48,51.0759733233649,False,1071.423252622999,55118.9234545951,-7118.923454595097,41.5,40.0,69.5,60.0,41.5,40.0
TailSitter_Contra_Balanced_OptWing,M50C35_PRO_EEE_34kv,30.0,YANGDA_XTurbo_24S_44Ah,44000,24,35464.6,19034.6,16430.0,11200.0,56.33238747406176,False,1071.6319122402253,55118.228372389305,-11118.228372389305,42.5,40.0,100.0,72.5,42.5,40.0
TailSitter_Contra_Balanced_OptWing,M50C35_PRO_EEE_34kv,30.0,TATTU_NEO_24S_30Ah,30000,24,39634.6,19034.6,20600.0,9068.98,38.40844600504211,False,1071.7563382305877,58136.382003739396,-28136.382003739396,45.5,40.0,100.0,74.0,45.5,40.0
TailSitter_Contra_Balanced_OptWing,M50C35_PRO_EEE_34kv,30.0,MAD_24S_55Ah_solid_state,55000,24,39302.6,19034.6,20268.0,12772.0,70.4154843425772,False,1071.6335501316626,58121.45541682433,-3121.4554168243267,45.0,40.0,100.0,74.0,45.0,40.0
TailSitter_Contra_Balanced_OptWing,M50C35_PRO_EEE_34kv,30.0,MAD_24S_100Ah_solid_state,100000,24,52939.6,19034.6,33905.0,20440.0,106.90172426865384,True,1075.0957029795377,67512.4930347331,32487.506965266904,53.0,43.0,100.0,78.0,53.0,43.0
TailSitter_Contra_Balanced_OptWing,M50C35_PRO_EEE_34kv,30.0,12Sx2_series_24S_66Ah,66000,24,44034.6,19034.6,25000.0,15253.6,84.49858121109264,True,1072.6138269355915,61305.34238537806,4694.657614621938,48.5,40.0,100.0,75.5,48.5,40.0
TailSitter_Contra_Balanced_OptWing,M50C35_PRO_EEE_34kv,30.0,12Sx4_2P2S_24S_132Ah,132000,24,65434.6,19034.6,46400.0,27107.2,104.47447424682629,True,1076.8446055096051,78216.77977817619,53783.22022182381,59.0,48.0,100.0,82.0,59.0,48.0
TailSitter_Contra_Balanced_OptWing,M50C35_PRO_EEE_34kv,30.0,Farasis_24S1P_53Ah,53000,24,44335.6,19034.6,25301.0,4264.0,67.8549212755744,False,1072.7761545014325,61319.68231229337,-8319.682312293371,49.0,40.0,100.0,75.5,49.0,40.0
TailSitter_Contra_Balanced_OptWing,M50C35_PRO_EEE_34kv,30.0,Farasis_24S2P_106Ah,106000,24,66036.6,19034.6,47002.0,5128.0,82.84059113055582,True,1076.3315904741285,78352.39951159434,27647.60048840566,59.0,48.5,100.0,82.0,59.0,48.5
TailSitter_Contra_Balanced_OptWing,M50C35_PRO_EEE_34kv,30.0,ZYE_UltraHV_24S_66Ah,66000,24,43634.6,19034.6,24600.0,5898.0,84.49858121109264,True,1073.314354225012,60306.820303220346,5693.1796967796545,48.5,40.0,100.0,75.0,48.5,40.0
TailSitter_Contra_Balanced_OptWing,M50C35_PRO_EEE_34kv,30.0,Grepow_TARBG_24S_30Ah,30000,24,31979.6,19034.6,12945.0,8702.779999999999,38.40844600504211,False,1071.9899516315154,53139.29374697256,-23139.29374697256,40.0,40.0,86.0,71.5,40.0,40.0
TailSitter_Contra_Balanced_OptWing,M50C35_PRO_EEE_34kv,30.0,Amprius_SA08_24S1P_11Ah,11050,24,25334.6,19034.6,6300.0,8040.0,14.14711094519051,False,1069.3302884287875,49409.21338379311,-38359.21338379311,40.0,40.0,83.0,69.5,40.0,40.0
TailSitter_Contra_Balanced_OptWing,M50C35_PRO_EEE_34kv,30.0,Amprius_SA08_24S2P_22Ah,22100,24,28034.6,19034.6,9000.0,12680.0,28.29422189038102,False,1071.3093631380843,50383.53183623085,-28283.531836230854,40.0,40.0,84.0,70.0,40.0,40.0
TailSitter_Contra_Balanced_OptWing,M50C35_PRO_EEE_34kv,30.0,Amprius_SA88_24S1P_10Ah,10500,24,25081.6,19034.6,6047.0,5344.0,13.442956101764738,False,1070.577066248133,48602.29745510093,-38102.29745510093,40.0,40.0,82.5,69.0,40.0,40.0
TailSitter_Contra_Balanced_OptWing,M50C35_PRO_EEE_34kv,30.0,Amprius_SA88_24S2P_21Ah,21000,24,27527.6,19034.6,8493.0,7288.0,26.885912203529475,False,1070.5119352387576,50340.67120000099,-29340.671200000987,40.0,40.0,83.5,70.0,40.0,40.0
TailSitter_Contra_Balanced_OptWing,M50C35_PRO_EEE_34kv,30.0,Grepow_NMC811_24S1P_87Ah,87000,24,45055.6,19034.6,26021.0,18778.120000000003,111.38449341462211,True,1073.6343335445251,61367.84774007115,25632.15225992885,49.5,40.0,100.0,75.5,49.5,40.0
TailSitter_Contra_Balanced_OptWing,M50C35_PRO_EEE_34kv,30.0,Grepow_NMC811_24S2P_24Ah,24000,24,29166.6,19034.6,10132.0,7642.24,30.726756804033688,False,1071.1442065937417,51265.179386385775,-27265.179386385775,40.0,40.0,84.5,70.5,40.0,40.0
TailSitter_Contra_Balanced_OptWing,M50C35_PRO_EEE_34kv,30.0,Amprius_SA88_24S4P_42Ah,42000,24,32422.6,19034.6,13388.0,11176.0,53.77182440705895,False,1071.783141690318,53169.00064541263,-11169.000645412627,40.5,40.0,92.0,71.5,40.5,40.0
TailSitter_Contra_Balanced_OptWing,M50C35_PRO_EEE_34kv,30.0,Amprius_SA88_24S6P_63Ah,63000,24,37316.6,19034.6,18282.0,15064.0,80.65773661058843,True,1072.1808177131288,56147.80814133266,6852.191858667342,44.0,40.0,100.0,73.0,44.0,40.0
TailSitter_Contra_Balanced_OptWing,M50C35_PRO_EEE_34kv,30.0,Grepow_NMC811_small_24S4P_48Ah,48000,24,35698.6,19034.6,16664.0,11884.48,61.453513608067375,False,1072.0464155052455,55140.0857334592,-7140.0857334592,42.5,40.0,100.0,72.5,42.5,40.0
TailSitter_Contra_Balanced_OptWing,TMOTOR_U15L_KV43,47.0,YANGDA_XTurbo_24S_44Ah,44000,24,40087.1,19417.1,20670.0,25087.0,53.228859189095445,False,20241.343720276647,2003317.6501199293,-1959317.6501199293,57.0,45.5,100.0,100.0,57.0,45.5
TailSitter_Contra_Balanced_OptWing,TMOTOR_U15L_KV43,47.0,TATTU_NEO_24S_30Ah,30000,24,44257.1,19417.1,24840.0,22955.98,31.623493498321164,False,20241.620037743614,2003760.6966168128,-1973760.6966168128,61.5,47.5,100.0,100.0,61.5,47.5
TailSitter_Contra_Balanced_OptWing,TMOTOR_U15L_KV43,47.0,MAD_24S_55Ah_solid_state,55000,24,43925.1,19417.1,24508.0,26659.0,58.59259771051333,False,20242.721635535923,2003669.9975842545,-1948669.9975842545,61.0,47.0,100.0,100.0,61.0,47.0
TailSitter_Contra_Balanced_OptWing,TMOTOR_U15L_KV43,47.0,MAD_24S_100Ah_solid_state,100000,24,57562.1,19417.1,38145.0,34327.0,72.70329942742354,False,20242.240070880212,2005358.1748385744,-1905358.1748385744,72.5,56.0,100.0,100.0,72.5,56.0
TailSitter_Contra_Balanced_OptWing,TMOTOR_U15L_KV43,47.0,12Sx2_series_24S_66Ah,66000,24,48657.1,19417.1,29240.0,29140.6,60.8813154061546,False,20243.017219336656,2004217.0973077342,-1938217.0973077342,64.0,49.5,100.0,100.0,64.0,49.5
TailSitter_Contra_Balanced_OptWing,TMOTOR_U15L_KV43,47.0,12Sx4_2P2S_24S_132Ah,132000,24,70057.1,19417.1,50640.0,40994.2,72.16088859333308,False,20242.881299791676,2007089.5030354296,-1875089.5030354296,81.0,63.5,100.0,100.0,81.0,63.5
TailSitter_Contra_Balanced_OptWing,TMOTOR_U15L_KV43,47.0,Farasis_24S1P_53Ah,53000,24,48958.1,19417.1,29541.0,18151.0,48.46701087049935,False,20242.063447392116,2004294.9553649065,-1951294.9553649065,64.0,50.0,100.0,100.0,64.0,50.0
TailSitter_Contra_Balanced_OptWing,TMOTOR_U15L_KV43,47.0,Farasis_24S2P_106Ah,106000,24,70659.1,19417.1,51242.0,19015.0,57.22957247504529,False,20244.16219247026,2007134.1742136732,-1901134.1742136732,82.0,63.5,100.0,100.0,82.0,63.5
TailSitter_Contra_Balanced_OptWing,TMOTOR_U15L_KV43,47.0,ZYE_UltraHV_24S_66Ah,66000,24,48257.1,19417.1,28840.0,19785.0,61.5930132626988,False,20242.227780094803,2004198.9021946269,-1938198.9021946269,63.5,49.5,100.0,100.0,63.5,49.5
TailSitter_Contra_Balanced_OptWing,TMOTOR_U15L_KV43,47.0,Grepow_TARBG_24S_30Ah,30000,24,36602.1,19417.1,17185.0,22589.78,41.06184035416609,False,20241.664433798298,2002902.0882744994,-1972902.0882744994,53.5,43.5,100.0,100.0,53.5,43.5
TailSitter_Contra_Balanced_OptWing,TMOTOR_U15L_KV43,47.0,Amprius_SA08_24S1P_11Ah,11050,24,29957.1,19417.1,10540.0,21927.0,19.785567481270917,False,20240.819444024975,2002293.833932141,-1991243.833932141,47.5,40.5,100.0,100.0,47.5,40.5
TailSitter_Contra_Balanced_OptWing,TMOTOR_U15L_KV43,47.0,Amprius_SA08_24S2P_22Ah,22100,24,32657.1,19417.1,13240.0,26567.0,35.27026421268809,False,20240.69205388994,2002570.019686633,-1980470.019686633,50.0,42.0,100.0,100.0,50.0,42.0
TailSitter_Contra_Balanced_OptWing,TMOTOR_U15L_KV43,47.0,Amprius_SA88_24S1P_10Ah,10500,24,29704.1,19417.1,10287.0,19231.0,18.83971291866029,False,20241.351607612374,2002225.247703288,-1991725.247703288,47.5,40.0,100.0,100.0,47.5,40.0
TailSitter_Contra_Balanced_OptWing,TMOTOR_U15L_KV43,47.0,Amprius_SA88_24S2P_21Ah,21000,24,32150.1,19417.1,12733.0,21175.0,34.22590685674801,False,20241.099314819112,2002478.0041014787,-1981478.0041014787,49.5,41.5,100.0,100.0,49.5,41.5
TailSitter_Contra_Balanced_OptWing,TMOTOR_U15L_KV43,47.0,Grepow_NMC811_24S1P_87Ah,87000,24,49678.1,19417.1,30261.0,32665.120000000003,77.94180154862259,False,20242.0027482751,2004389.7876960896,-1917389.7876960896,64.5,50.5,100.0,100.0,64.5,50.5
TailSitter_Contra_Balanced_OptWing,TMOTOR_U15L_KV43,47.0,Grepow_NMC811_24S2P_24Ah,24000,24,33789.1,19417.1,14372.0,21529.239999999998,36.58736074962492,False,20240.805856761388,2002674.7281748552,-1978674.7281748552,51.0,42.5,100.0,100.0,51.0,42.5
TailSitter_Contra_Balanced_OptWing,TMOTOR_U15L_KV43,47.0,Amprius_SA88_24S4P_42Ah,42000,24,37045.1,19417.1,17628.0,25063.0,56.56010576617642,False,20241.04986913205,2002999.4423612158,-1960999.4423612158,54.0,44.0,100.0,100.0,54.0,44.0
TailSitter_Contra_Balanced_OptWing,TMOTOR_U15L_KV43,47.0,Amprius_SA88_24S6P_63Ah,63000,24,41939.1,19417.1,22522.0,28951.0,71.60081073711163,False,20242.56947310254,2003448.180985066,-1940448.180985066,59.5,46.0,100.0,100.0,59.5,46.0
TailSitter_Contra_Balanced_OptWing,TMOTOR_U15L_KV43,47.0,Grepow_NMC811_small_24S4P_48Ah,48000,24,40321.1,19417.1,20904.0,25771.48,57.605669613445436,False,20241.516979147185,2003321.8863004413,-1955321.8863004413,57.5,45.5,100.0,100.0,57.5,45.5
TailSitter_Contra_Balanced_OptWing,TMOTOR_U15XL_KV38,52.0,YANGDA_XTurbo_24S_44Ah,44000,24,42035.6,19529.6,22506.0,32887.0,53.462509790152076,False,1076.7964696534286,69450.39689614596,-25450.39689614596,51.0,43.5,100.0,85.0,51.0,43.5
TailSitter_Contra_Balanced_OptWing,TMOTOR_U15XL_KV38,52.0,TATTU_NEO_24S_30Ah,30000,24,46205.6,19529.6,26676.0,30755.98,32.12983665978521,False,1078.771270988048,72934.89948662747,-42934.89948662747,53.5,45.0,100.0,88.0,53.5,45.0
TailSitter_Contra_Balanced_OptWing,TMOTOR_U15XL_KV38,52.0,MAD_24S_55Ah_solid_state,55000,24,45873.6,19529.6,26344.0,34459.0,59.48135332601997,False,1078.4750064841023,72534.7768335955,-17534.776833595504,53.0,45.0,100.0,87.5,53.0,45.0
TailSitter_Contra_Balanced_OptWing,TMOTOR_U15XL_KV38,52.0,MAD_24S_100Ah_solid_state,100000,24,59510.6,19529.6,39981.0,42127.0,74.97763591767462,True,1085.1210152945487,85011.1884176702,14988.8115823298,63.5,50.0,100.0,98.0,63.5,50.0
TailSitter_Contra_Balanced_OptWing,TMOTOR_U15XL_KV38,52.0,12Sx2_series_24S_66Ah,66000,24,50605.6,19529.6,31076.0,36940.6,62.266325395970405,False,1078.8460148906224,76778.07610438069,-10778.076104380685,56.5,47.0,100.0,91.5,56.5,47.0
TailSitter_Contra_Balanced_OptWing,TMOTOR_U15XL_KV38,52.0,12Sx4_2P2S_24S_132Ah,132000,24,72005.6,19529.6,52476.0,48794.2,75.7336556084853,False,20243.21923624258,2006772.3794341052,-1874772.3794341052,71.0,54.5,100.0,100.0,71.0,54.5
TailSitter_Contra_Balanced_OptWing,TMOTOR_U15XL_KV38,52.0,Farasis_24S1P_53Ah,53000,24,50906.6,19529.6,31377.0,25951.0,49.58280417865521,False,1079.6679586946254,76832.2956162814,-23832.295616281393,56.5,47.0,100.0,91.5,56.5,47.0
TailSitter_Contra_Balanced_OptWing,TMOTOR_U15XL_KV38,52.0,Farasis_24S2P_106Ah,106000,24,72607.6,19529.6,53078.0,26815.0,60.11069574309916,False,20242.671967386224,2006891.659832313,-1900891.659832313,71.5,55.0,100.0,100.0,71.5,55.0
TailSitter_Contra_Balanced_OptWing,TMOTOR_U15XL_KV38,52.0,ZYE_UltraHV_24S_66Ah,66000,24,50205.6,19529.6,30676.0,27585.0,62.97056935854209,False,1080.4228561816112,76176.74726011652,-10176.747260116521,56.0,46.5,100.0,91.0,56.0,46.5
TailSitter_Contra_Balanced_OptWing,TMOTOR_U15XL_KV38,52.0,Grepow_TARBG_24S_30Ah,30000,24,38550.6,19529.6,19021.0,30389.78,40.821736801330545,False,1076.443822141742,66931.92132239956,-36931.92132239956,49.0,41.5,100.0,84.0,49.0,41.5
TailSitter_Contra_Balanced_OptWing,TMOTOR_U15XL_KV38,52.0,Amprius_SA08_24S1P_11Ah,11050,24,31905.6,19529.6,12376.0,29727.0,16.3946587537092,False,1073.7330814218335,61932.59373381453,-50882.59373381453,45.5,40.0,100.0,82.5,45.5,40.0
TailSitter_Contra_Balanced_OptWing,TMOTOR_U15XL_KV38,52.0,Amprius_SA08_24S2P_22Ah,22100,24,34605.6,19529.6,15076.0,34367.0,32.7893175074184,False,1075.0677915422687,63650.8188433039,-41550.8188433039,47.0,40.0,100.0,83.0,47.0,40.0
TailSitter_Contra_Balanced_OptWing,TMOTOR_U15XL_KV38,52.0,Amprius_SA88_24S1P_10Ah,10500,24,31652.6,19529.6,12123.0,27031.0,15.578635014836797,False,1073.438465941927,61918.779184675586,-51418.779184675586,45.5,40.0,100.0,82.5,45.5,40.0
TailSitter_Contra_Balanced_OptWing,TMOTOR_U15XL_KV38,52.0,Amprius_SA88_24S2P_21Ah,21000,24,34098.6,19529.6,14569.0,28975.0,31.157270029673594,False,1074.608686457896,63617.94828268856,-42617.94828268856,46.5,40.0,100.0,83.0,46.5,40.0
TailSitter_Contra_Balanced_OptWing,TMOTOR_U15XL_KV38,52.0,Grepow_NMC811_24S1P_87Ah,87000,24,51626.6,19529.6,32097.0,40465.12,79.7830727464093,True,1080.6670338088265,77370.03397217681,9629.96602782319,57.5,47.0,100.0,92.0,57.5,47.0
TailSitter_Contra_Balanced_OptWing,TMOTOR_U15XL_KV38,52.0,Grepow_NMC811_24S2P_24Ah,24000,24,35737.6,19529.6,16208.0,29329.239999999998,35.60830860534125,False,1075.57359651447,65206.37141545186,-41206.37141545186,47.5,40.0,100.0,83.5,47.5,40.0
TailSitter_Contra_Balanced_OptWing,TMOTOR_U15XL_KV38,52.0,Amprius_SA88_24S4P_42Ah,42000,24,38993.6,19529.6,19464.0,32863.0,56.305926563237016,False,1076.3312613804017,67040.67852914188,-25040.67852914188,49.0,42.0,100.0,84.0,49.0,42.0
TailSitter_Contra_Balanced_OptWing,TMOTOR_U15XL_KV38,52.0,Amprius_SA88_24S6P_63Ah,63000,24,43887.6,19529.6,24358.0,36751.0,72.29858699284291,False,1078.3576699544633,70859.01614115531,-7859.016141155313,52.0,44.0,100.0,86.0,52.0,44.0
TailSitter_Contra_Balanced_OptWing,TMOTOR_U15XL_KV38,52.0,Grepow_NMC811_small_24S4P_48Ah,48000,24,42269.6,19529.6,22740.0,33571.479999999996,57.89734279709324,False,1077.3605953057145,69478.91779749714,-21478.91779749714,51.0,43.5,100.0,85.0,51.0,43.5
TailSitter_Contra_Balanced_OptWing,TMOTOR_U15XXL_KV29,62.0,YANGDA_XTurbo_24S_44Ah,44000,24,44684.6,19754.6,24930.0,37387.0,56.48267008985879,False,1074.1111010741763,58935.63221226567,-14935.632212265671,50.0,40.0,99.5,75.5,50.0,40.0
TailSitter_Contra_Balanced_OptWing,TMOTOR_U15XXL_KV29,62.0,TATTU_NEO_24S_30Ah,30000,24,48854.6,19754.6,29100.0,35255.979999999996,36.56808452732627,False,1076.6164306736027,61463.9503244205,-31463.950324420497,52.0,41.5,100.0,77.5,52.0,41.5
TailSitter_Contra_Balanced_OptWing,TMOTOR_U15XXL_KV29,62.0,MAD_24S_55Ah_solid_state,55000,24,48522.6,19754.6,28768.0,38959.0,67.66817047442835,False,1076.605557779136,61359.936804703655,-6359.936804703655,52.0,41.0,100.0,77.5,52.0,41.0
TailSitter_Contra_Balanced_OptWing,TMOTOR_U15XXL_KV29,62.0,MAD_24S_100Ah_solid_state,100000,24,62159.6,19754.6,42405.0,46627.0,86.88310723149957,True,1076.9848594466368,71839.38270626195,28160.617293738047,58.0,48.5,100.0,84.0,58.0,48.5
TailSitter_Contra_Balanced_OptWing,TMOTOR_U15XXL_KV29,62.0,12Sx2_series_24S_66Ah,66000,24,53254.6,19754.6,33500.0,41440.6,71.48691025202442,True,1076.6712418333968,64895.145206981426,1104.8547930185741,54.5,44.0,100.0,80.0,54.5,44.0
TailSitter_Contra_Balanced_OptWing,TMOTOR_U15XXL_KV29,62.0,12Sx4_2P2S_24S_132Ah,132000,24,74654.6,19754.6,54900.0,53294.2,87.95588819581636,True,1079.6147948254993,81795.88048542968,50204.119514570324,65.5,53.0,100.0,89.0,65.5,53.0
TailSitter_Contra_Balanced_OptWing,TMOTOR_U15XXL_KV29,62.0,Farasis_24S1P_53Ah,53000,24,53555.6,19754.6,33801.0,30451.0,56.959582838840454,False,1076.576071418969,65003.74278493374,-12003.74278493374,54.5,44.5,100.0,80.0,54.5,44.5
TailSitter_Contra_Balanced_OptWing,TMOTOR_U15XXL_KV29,62.0,Farasis_24S2P_106Ah,106000,24,75256.6,19754.6,55502.0,31315.0,69.81279712527038,True,1078.0419004077305,82791.14292262489,23208.857077375113,65.5,53.5,100.0,89.5,65.5,53.5
TailSitter_Contra_Balanced_OptWing,TMOTOR_U15XXL_KV29,62.0,ZYE_UltraHV_24S_66Ah,66000,24,52854.6,19754.6,33100.0,32085.0,72.23598333068425,True,1075.8030546285245,64852.683761065935,1147.316238934065,54.0,44.0,100.0,80.0,54.0,44.0
TailSitter_Contra_Balanced_OptWing,TMOTOR_U15XXL_KV29,62.0,Grepow_TARBG_24S_30Ah,30000,24,41199.6,19754.6,21445.0,34889.78,38.51091142490372,False,1074.0952752917397,56684.93081234835,-26684.93081234835,47.5,40.0,97.5,73.0,47.5,40.0
TailSitter_Contra_Balanced_OptWing,TMOTOR_U15XXL_KV29,62.0,Amprius_SA08_24S1P_11Ah,11050,24,34554.6,19754.6,14800.0,34227.0,14.184852374839537,False,1071.7398145629274,53523.77585132456,-42473.77585132456,43.5,40.0,93.5,70.0,43.5,40.0
TailSitter_Contra_Balanced_OptWing,TMOTOR_U15XXL_KV29,62.0,Amprius_SA08_24S2P_22Ah,22100,24,37254.6,19754.6,17500.0,38867.0,28.369704749679073,False,1072.4123755226706,54822.276940749834,-32722.276940749834,45.5,40.0,95.0,71.0,45.5,40.0
TailSitter_Contra_Balanced_OptWing,TMOTOR_U15XXL_KV29,62.0,Amprius_SA88_24S1P_10Ah,10500,24,34301.6,19754.6,14547.0,31531.0,13.478818998716303,False,1071.6245748488905,53511.889101646164,-43011.889101646164,43.0,40.0,93.5,70.0,43.0,40.0
TailSitter_Contra_Balanced_OptWing,TMOTOR_U15XXL_KV29,62.0,Amprius_SA88_24S2P_21Ah,21000,24,36747.6,19754.6,16993.0,33475.0,26.957637997432606,False,1071.9880909846433,54793.9813595463,-33793.9813595463,45.0,40.0,95.0,71.0,45.0,40.0
TailSitter_Contra_Balanced_OptWing,TMOTOR_U15XXL_KV29,62.0,Grepow_NMC811_24S1P_87Ah,87000,24,54275.6,19754.6,34521.0,44965.12,91.78004557745396,True,1077.0207907565186,65661.8982110872,21338.101788912798,55.0,44.5,100.0,80.5,55.0,44.5
TailSitter_Contra_Balanced_OptWing,TMOTOR_U15XXL_KV29,62.0,Grepow_NMC811_24S2P_24Ah,24000,24,38386.6,19754.6,18632.0,33829.24,30.808729139922978,False,1072.8185872021509,55352.3740023974,-31352.374002397402,46.0,40.0,96.0,71.5,46.0,40.0
TailSitter_Contra_Balanced_OptWing,TMOTOR_U15XXL_KV29,62.0,Amprius_SA88_24S4P_42Ah,42000,24,41642.6,19754.6,21888.0,37363.0,53.91527599486521,False,1073.5531299892339,57047.31944010809,-15047.319440108091,48.0,40.0,98.0,73.5,48.0,40.0
TailSitter_Contra_Balanced_OptWing,TMOTOR_U15XXL_KV29,62.0,Amprius_SA88_24S6P_63Ah,63000,24,46536.6,19754.6,26782.0,41251.0,80.87291399229781,True,1075.466461508794,60056.692386850715,2943.3076131492853,51.0,40.0,100.0,76.5,51.0,40.0
TailSitter_Contra_Balanced_OptWing,TMOTOR_U15XXL_KV29,62.0,Grepow_NMC811_small_24S4P_48Ah,48000,24,44918.6,19754.6,25164.0,38071.479999999996,61.617458279845955,False,1074.467901799302,58954.971767617855,-10954.971767617855,50.0,40.0,100.0,75.5,50.0,40.0
TailSitter_Contra_Big_OptWing,HOBBYWING_H13MD_coaxial_axis,54.0,YANGDA_XTurbo_24S_44Ah,44000,24,39143.8,20573.8,18570.0,7800.0,62.72710966779611,False,1073.979160604354,66234.94272399717,-22234.94272399717,54.0,41.0,91.5,80.5,54.0,41.0
TailSitter_Contra_Big_OptWing,HOBBYWING_H13MD_coaxial_axis,54.0,TATTU_NEO_24S_30Ah,30000,24,43313.8,20573.8,22740.0,5668.98,37.31863389314346,False,1074.3693155087612,68953.01843783847,-38953.01843783847,56.5,45.5,93.0,81.0,56.5,45.5
TailSitter_Contra_Big_OptWing,HOBBYWING_H13MD_coaxial_axis,54.0,MAD_24S_55Ah_solid_state,55000,24,42981.8,20573.8,22408.0,9372.0,69.13102339775494,False,1074.5021093051696,68896.9859222853,-13896.985922285297,56.5,45.0,93.0,81.0,56.5,45.0
TailSitter_Contra_Big_OptWing,HOBBYWING_H13MD_coaxial_axis,54.0,MAD_24S_100Ah_solid_state,100000,24,56618.8,20573.8,36045.0,17040.0,85.0647042362409,True,1074.2572564688955,81676.22906959458,18323.770930405415,64.0,54.5,96.5,83.0,64.0,54.5
TailSitter_Contra_Big_OptWing,HOBBYWING_H13MD_coaxial_axis,54.0,12Sx2_series_24S_66Ah,66000,24,47713.8,20573.8,27140.0,11853.6,72.03062031662569,False,1074.6264005415012,72066.7818229934,-6066.7818229934055,59.0,49.5,94.5,81.5,59.0,49.5
TailSitter_Contra_Big_OptWing,HOBBYWING_H13MD_coaxial_axis,54.0,12Sx4_2P2S_24S_132Ah,132000,24,69113.8,20573.8,48540.0,23707.2,83.15510797887617,True,1075.1600629689858,93349.307714266,38650.692285733996,70.0,59.0,98.0,85.0,70.0,59.0
TailSitter_Contra_Big_OptWing,HOBBYWING_H13MD_coaxial_axis,54.0,Farasis_24S1P_53Ah,53000,24,48014.8,20573.8,27441.0,864.0,57.35053690656551,False,1075.3678641356603,72104.04645288296,-19104.04645288296,59.0,49.5,94.5,81.5,59.0,49.5
TailSitter_Contra_Big_OptWing,HOBBYWING_H13MD_coaxial_axis,54.0,Farasis_24S2P_106Ah,106000,24,69715.8,20573.8,49142.0,1728.0,65.928273124767,True,1075.8710633335118,93393.79357880773,12606.20642119227,70.5,59.0,98.0,85.0,70.5,59.0
TailSitter_Contra_Big_OptWing,HOBBYWING_H13MD_coaxial_axis,54.0,ZYE_UltraHV_24S_66Ah,66000,24,47313.8,20573.8,26740.0,2498.0,72.85869091034368,False,1074.446595767748,71983.62447149852,-5983.624471498522,59.0,49.0,94.5,81.5,59.0,49.0
TailSitter_Contra_Big_OptWing,HOBBYWING_H13MD_coaxial_axis,54.0,Grepow_TARBG_24S_30Ah,30000,24,35658.8,20573.8,15085.0,5302.78,43.49480824669889,False,1072.800240127156,62679.02534884811,-32679.02534884811,52.0,40.0,90.5,79.5,52.0,40.0
TailSitter_Contra_Big_OptWing,HOBBYWING_H13MD_coaxial_axis,54.0,Amprius_SA08_24S1P_11Ah,11050,24,29013.8,20573.8,8440.0,4640.0,16.020587704200757,False,1071.0415897780206,58233.91580654875,-47183.91580654875,46.5,40.0,87.5,78.0,46.5,40.0
TailSitter_Contra_Big_OptWing,HOBBYWING_H13MD_coaxial_axis,54.0,Amprius_SA08_24S2P_22Ah,22100,24,31713.8,20573.8,11140.0,9280.0,32.041175408401514,False,1071.9393614907008,59676.40718908389,-37576.40718908389,49.5,40.0,88.5,78.5,49.5,40.0
TailSitter_Contra_Big_OptWing,HOBBYWING_H13MD_coaxial_axis,54.0,Amprius_SA88_24S1P_10Ah,10500,24,28760.8,20573.8,8187.0,1944.0,15.22318288634461,False,1070.9849753772762,58223.319766346576,-47723.319766346576,46.0,40.0,87.0,78.0,46.0,40.0
TailSitter_Contra_Big_OptWing,HOBBYWING_H13MD_coaxial_axis,54.0,Amprius_SA88_24S2P_21Ah,21000,24,31206.8,20573.8,10633.0,3888.0,30.44636577268922,False,1071.4459075222528,59645.47436492361,-38645.47436492361,49.0,40.0,88.5,78.5,49.0,40.0
TailSitter_Contra_Big_OptWing,HOBBYWING_H13MD_coaxial_axis,54.0,Grepow_NMC811_24S1P_87Ah,87000,24,48734.8,20573.8,28161.0,15378.12,92.25360242157845,True,1074.1055395328374,74861.17252342834,12138.827476571663,59.5,50.0,95.0,82.0,59.5,50.0
TailSitter_Contra_Big_OptWing,HOBBYWING_H13MD_coaxial_axis,54.0,Grepow_NMC811_24S2P_24Ah,24000,24,32845.8,20573.8,12272.0,4242.24,34.79584659735911,False,1071.4830462165744,61100.06030911674,-37100.06030911674,51.0,40.0,89.0,79.0,51.0,40.0
TailSitter_Contra_Big_OptWing,HOBBYWING_H13MD_coaxial_axis,54.0,Amprius_SA88_24S4P_42Ah,42000,24,36101.8,20573.8,15528.0,7776.0,60.89273154537844,False,1073.193921901853,62706.91627802828,-20706.91627802828,52.5,40.0,90.5,79.5,52.5,40.0
TailSitter_Contra_Big_OptWing,HOBBYWING_H13MD_coaxial_axis,54.0,Amprius_SA88_24S6P_63Ah,63000,24,40995.8,20573.8,20422.0,11664.0,84.39763216517562,False,1074.8697285104663,66458.23005614817,-3458.230056148168,55.5,43.0,92.5,80.5,55.5,43.0
TailSitter_Contra_Big_OptWing,HOBBYWING_H13MD_coaxial_axis,54.0,Grepow_NMC811_small_24S4P_48Ah,48000,24,39377.8,20573.8,18804.0,8484.48,67.88340274827455,False,1073.660605228281,66272.44528602707,-18272.44528602707,54.5,41.5,92.0,80.5,54.5,41.5
TailSitter_Contra_Big_OptWing,HOBBYWING_H15MD_PLUS_coaxial_axis,73.0,YANGDA_XTurbo_24S_44Ah,44000,24,44631.3,21001.3,23630.0,7800.0,39.141070896781905,False,1071.1964274847257,50932.28995569037,-6932.289955690372,40.0,40.0,67.0,56.5,40.0,40.0
TailSitter_Contra_Big_OptWing,HOBBYWING_H15MD_PLUS_coaxial_axis,73.0,TATTU_NEO_24S_30Ah,30000,24,48801.3,21001.3,27800.0,5668.98,26.687093793260388,False,1070.8736867746632,53623.06581787094,-23623.065817870942,41.5,40.0,68.0,57.5,41.5,40.0
TailSitter_Contra_Big_OptWing,HOBBYWING_H15MD_PLUS_coaxial_axis,73.0,MAD_24S_55Ah_solid_state,55000,24,48469.3,21001.3,27468.0,9372.0,48.926338620977376,True,1070.7639804369724,53614.49474103795,1385.5052589620536,41.5,40.0,67.5,57.5,41.5,40.0
TailSitter_Contra_Big_OptWing,HOBBYWING_H15MD_PLUS_coaxial_axis,73.0,MAD_24S_100Ah_solid_state,100000,24,62106.3,21001.3,41105.0,17040.0,88.95697931086796,True,1073.5328319856642,59503.66231858781,40496.33768141219,46.0,40.0,70.5,59.5,46.0,40.0
TailSitter_Contra_Big_OptWing,HOBBYWING_H15MD_PLUS_coaxial_axis,73.0,12Sx2_series_24S_66Ah,66000,24,53201.3,21001.3,32200.0,11853.6,58.711606345172854,True,1072.1751838631633,55095.24017317828,10904.759826821719,43.0,40.0,68.5,58.0,43.0,40.0
TailSitter_Contra_Big_OptWing,HOBBYWING_H15MD_PLUS_coaxial_axis,73.0,12Sx4_2P2S_24S_132Ah,132000,24,74601.3,21001.3,53600.0,23707.2,101.72963190705839,True,1074.6172818678797,68020.19856185089,63979.80143814911,50.0,42.0,72.5,62.0,50.0,42.0
TailSitter_Contra_Big_OptWing,HOBBYWING_H15MD_PLUS_coaxial_axis,73.0,Farasis_24S1P_53Ah,53000,24,53502.3,21001.3,32501.0,864.0,47.14719903476002,False,1072.39663606641,55120.94023971072,-2120.9402397107187,43.5,40.0,68.5,58.0,43.5,40.0
TailSitter_Contra_Big_OptWing,HOBBYWING_H15MD_PLUS_coaxial_axis,73.0,Farasis_24S2P_106Ah,106000,24,75203.3,21001.3,54202.0,1728.0,80.78920228360914,True,1073.9490788877802,68189.02173793994,37810.97826206006,50.0,42.5,72.5,62.0,50.0,42.5
TailSitter_Contra_Big_OptWing,HOBBYWING_H15MD_PLUS_coaxial_axis,73.0,ZYE_UltraHV_24S_66Ah,66000,24,52801.3,21001.3,31800.0,2498.0,58.711606345172854,True,1071.7540465208376,55073.21157872156,10926.788421278441,43.0,40.0,68.5,58.0,43.0,40.0
TailSitter_Contra_Big_OptWing,HOBBYWING_H15MD_PLUS_coaxial_axis,73.0,Grepow_TARBG_24S_30Ah,30000,24,41146.3,21001.3,20145.0,5302.78,26.687093793260388,False,1069.8838603330105,49576.811941149164,-19576.811941149164,40.0,40.0,66.0,56.0,40.0,40.0
TailSitter_Contra_Big_OptWing,HOBBYWING_H15MD_PLUS_coaxial_axis,73.0,Amprius_SA08_24S1P_11Ah,11050,24,34501.3,21001.3,13500.0,4640.0,9.829746213850909,False,1067.9260753553983,46992.20698660844,-35942.20698660844,40.0,40.0,65.0,55.0,40.0,40.0
TailSitter_Contra_Big_OptWing,HOBBYWING_H15MD_PLUS_coaxial_axis,73.0,Amprius_SA08_24S2P_22Ah,22100,24,37201.3,21001.3,16200.0,9280.0,19.659492427701817,False,1068.5138654995546,48254.45182010273,-26154.45182010273,40.0,40.0,65.5,55.5,40.0,40.0
TailSitter_Contra_Big_OptWing,HOBBYWING_H15MD_PLUS_coaxial_axis,73.0,Amprius_SA88_24S1P_10Ah,10500,24,34248.3,21001.3,13247.0,1944.0,9.340482827641136,False,1067.8946537834017,46987.324573002086,-36487.324573002086,40.0,40.0,64.5,55.0,40.0,40.0
TailSitter_Contra_Big_OptWing,HOBBYWING_H15MD_PLUS_coaxial_axis,73.0,Amprius_SA88_24S2P_21Ah,21000,24,36694.3,21001.3,15693.0,3888.0,18.68096565528227,False,1069.5460994077043,47068.52153193348,-26068.521531933482,40.0,40.0,65.5,55.0,40.0,40.0
TailSitter_Contra_Big_OptWing,HOBBYWING_H15MD_PLUS_coaxial_axis,73.0,Grepow_NMC811_24S1P_87Ah,87000,24,54222.3,21001.3,33221.0,15378.12,77.39257200045512,True,1071.3116224143828,56458.93057423148,30541.069425768517,43.5,40.0,69.0,58.5,43.5,40.0
TailSitter_Contra_Big_OptWing,HOBBYWING_H15MD_PLUS_coaxial_axis,73.0,Grepow_NMC811_24S2P_24Ah,24000,24,38333.3,21001.3,17332.0,4242.24,21.34967503460831,False,1069.1651150249172,48282.186622764726,-24282.186622764726,40.0,40.0,65.5,55.5,40.0,40.0
TailSitter_Contra_Big_OptWing,HOBBYWING_H15MD_PLUS_coaxial_axis,73.0,Amprius_SA88_24S4P_42Ah,42000,24,41589.3,21001.3,20588.0,7776.0,37.36193131056454,False,1070.1572961748964,49593.2259882415,-7593.225988241502,40.0,40.0,66.5,56.0,40.0,40.0
TailSitter_Contra_Big_OptWing,HOBBYWING_H15MD_PLUS_coaxial_axis,73.0,Amprius_SA88_24S6P_63Ah,63000,24,46483.3,21001.3,25482.0,11664.0,56.042896965846815,True,1070.6585778311173,52251.92127501,10748.078724990002,41.0,40.0,67.5,57.0,41.0,40.0
TailSitter_Contra_Big_OptWing,HOBBYWING_H15MD_PLUS_coaxial_axis,73.0,Grepow_NMC811_small_24S4P_48Ah,48000,24,44865.3,21001.3,23864.0,8484.48,42.69935006921662,False,1071.5155818367082,50948.076345389345,-2948.076345389345,40.0,40.0,67.0,56.5,40.0,40.0
TailSitter_Contra_Big_OptWing,HOBBYWING_H15MD_coaxial_axis,64.0,YANGDA_XTurbo_24S_44Ah,44000,24,41296.8,20798.8,20498.0,7800.0,46.81964221308449,False,1071.6019801680688,55122.0492717951,-11122.049271795098,41.5,40.0,69.5,60.0,41.5,40.0
TailSitter_Contra_Big_OptWing,HOBBYWING_H15MD_coaxial_axis,64.0,TATTU_NEO_24S_30Ah,30000,24,45466.8,20798.8,24668.0,5668.98,31.922483327103063,False,1071.7460624703244,58169.63663546938,-28169.636635469382,43.0,40.0,70.5,61.0,43.0,40.0
TailSitter_Contra_Big_OptWing,HOBBYWING_H15MD_coaxial_axis,64.0,MAD_24S_55Ah_solid_state,55000,24,45134.8,20798.8,24336.0,9372.0,58.52455276635562,False,1071.53644663354,58160.65341654147,-3160.6534165414705,43.0,40.0,70.5,61.0,43.0,40.0
TailSitter_Contra_Big_OptWing,HOBBYWING_H15MD_coaxial_axis,64.0,MAD_24S_100Ah_solid_state,100000,24,58771.8,20798.8,37973.0,17040.0,99.24149546486602,True,1075.4197343133756,65177.66258065394,34822.33741934606,48.5,41.0,73.0,63.0,48.5,41.0
TailSitter_Contra_Big_OptWing,HOBBYWING_H15MD_coaxial_axis,64.0,12Sx2_series_24S_66Ah,66000,24,49866.8,20798.8,29068.0,11853.6,70.22946331962675,True,1072.9119589121542,59834.17019336181,6165.82980663819,45.0,40.0,71.5,61.5,45.0,40.0
TailSitter_Contra_Big_OptWing,HOBBYWING_H15MD_coaxial_axis,64.0,12Sx4_2P2S_24S_132Ah,132000,24,71266.8,20798.8,50468.0,23707.2,98.85665067693614,True,1075.51291399701,75253.0192219844,56746.9807780156,52.5,44.5,75.5,65.5,52.5,44.5
TailSitter_Contra_Big_OptWing,HOBBYWING_H15MD_coaxial_axis,64.0,Farasis_24S1P_53Ah,53000,24,50167.8,20798.8,29369.0,864.0,56.39638721121541,False,1073.291623923388,59854.94837617417,-6854.948376174172,45.0,40.0,71.5,61.5,45.0,40.0
TailSitter_Contra_Big_OptWing,HOBBYWING_H15MD_coaxial_axis,64.0,Farasis_24S2P_106Ah,106000,24,71868.8,20798.8,51070.0,1728.0,78.41528568091971,True,1074.4285269801258,75428.36843393385,30571.63156606615,53.0,45.0,75.5,65.5,53.0,45.0
TailSitter_Contra_Big_OptWing,HOBBYWING_H15MD_coaxial_axis,64.0,ZYE_UltraHV_24S_66Ah,66000,24,49466.8,20798.8,28668.0,2498.0,70.22946331962675,True,1072.6064521358599,59813.651225536436,6186.348774463564,45.0,40.0,71.0,61.5,45.0,40.0
TailSitter_Contra_Big_OptWing,HOBBYWING_H15MD_coaxial_axis,64.0,Grepow_TARBG_24S_30Ah,30000,24,37811.8,20798.8,17013.0,5302.78,31.922483327103063,False,1070.8582710524988,53605.76815672467,-23605.76815672467,40.0,40.0,69.0,59.5,40.0,40.0
TailSitter_Contra_Big_OptWing,HOBBYWING_H15MD_coaxial_axis,64.0,Amprius_SA08_24S1P_11Ah,11050,24,31166.8,20798.8,10368.0,4640.0,11.75811469214963,False,1069.4968930231323,49391.42938374235,-38341.42938374235,40.0,40.0,67.5,58.0,40.0,40.0
TailSitter_Contra_Big_OptWing,HOBBYWING_H15MD_coaxial_axis,64.0,Amprius_SA08_24S2P_22Ah,22100,24,33866.8,20798.8,13068.0,9280.0,23.51622938429926,False,1070.3539292111336,50787.39908028741,-28687.39908028741,40.0,40.0,68.0,58.5,40.0,40.0
TailSitter_Contra_Big_OptWing,HOBBYWING_H15MD_coaxial_axis,64.0,Amprius_SA88_24S1P_10Ah,10500,24,30913.8,20798.8,10115.0,1944.0,11.172869164486071,False,1069.2228337228794,49378.45959070565,-38878.45959070565,40.0,40.0,67.5,58.0,40.0,40.0
TailSitter_Contra_Big_OptWing,HOBBYWING_H15MD_coaxial_axis,64.0,Amprius_SA88_24S2P_21Ah,21000,24,33359.8,20798.8,12561.0,3888.0,22.345738328972143,False,1069.8039044890993,50761.18874255448,-29761.188742554477,40.0,40.0,68.0,58.5,40.0,40.0
TailSitter_Contra_Big_OptWing,HOBBYWING_H15MD_coaxial_axis,64.0,Grepow_NMC811_24S1P_87Ah,87000,24,50887.8,20798.8,30089.0,15378.12,92.57520164859888,True,1072.3994166198318,61400.7987106143,25599.201289385703,45.5,40.0,71.5,62.0,45.5,40.0
TailSitter_Contra_Big_OptWing,HOBBYWING_H15MD_coaxial_axis,64.0,Grepow_NMC811_24S2P_24Ah,24000,24,34998.8,20798.8,14200.0,4242.24,25.53798666168245,False,1069.8664676130884,52148.94744804011,-28148.94744804011,40.0,40.0,68.5,59.0,40.0,40.0
TailSitter_Contra_Big_OptWing,HOBBYWING_H15MD_coaxial_axis,64.0,Amprius_SA88_24S4P_42Ah,42000,24,38254.8,20798.8,17456.0,7776.0,44.691476657944285,False,1070.914445391138,53619.84723945174,-11619.847239451738,40.5,40.0,69.0,59.5,40.5,40.0
TailSitter_Contra_Big_OptWing,HOBBYWING_H15MD_coaxial_axis,64.0,Amprius_SA88_24S6P_63Ah,63000,24,43148.8,20798.8,22350.0,11664.0,67.03721498691644,True,1071.3378117713257,56617.78126031834,6382.218739681659,42.5,40.0,70.0,60.5,42.5,40.0
TailSitter_Contra_Big_OptWing,HOBBYWING_H15MD_coaxial_axis,64.0,Grepow_NMC811_small_24S4P_48Ah,48000,24,41530.8,20798.8,20732.0,8484.48,51.0759733233649,False,1071.8285802423595,55132.96180445851,-7132.961804458508,41.5,40.0,69.5,60.0,41.5,40.0
TailSitter_Contra_Big_OptWing,M50C35_PRO_EEE_34kv,30.0,YANGDA_XTurbo_24S_44Ah,44000,24,36463.8,20033.8,16430.0,11200.0,56.33238747406176,False,1070.910143063552,56057.87827380116,-12057.878273801158,43.0,40.0,100.0,73.0,43.0,40.0
TailSitter_Contra_Big_OptWing,M50C35_PRO_EEE_34kv,30.0,TATTU_NEO_24S_30Ah,30000,24,40633.8,20033.8,20600.0,9068.98,38.40844600504211,False,1072.301346636354,58172.09349880897,-28172.093498808972,46.0,40.0,100.0,74.0,46.0,40.0
TailSitter_Contra_Big_OptWing,M50C35_PRO_EEE_34kv,30.0,MAD_24S_55Ah_solid_state,55000,24,40301.8,20033.8,20268.0,12772.0,70.4154843425772,False,1071.7472373399357,58141.340140339904,-3141.340140339904,46.0,40.0,100.0,74.0,46.0,40.0
TailSitter_Contra_Big_OptWing,M50C35_PRO_EEE_34kv,30.0,MAD_24S_100Ah_solid_state,100000,24,53938.8,20033.8,33905.0,20440.0,104.05056372763552,True,1073.7940413907056,68681.46069251013,31318.539307489875,53.5,43.5,100.0,78.5,53.5,43.5
TailSitter_Contra_Big_OptWing,M50C35_PRO_EEE_34kv,30.0,12Sx2_series_24S_66Ah,66000,24,45033.8,20033.8,25000.0,15253.6,84.49858121109264,True,1072.791867774816,61324.42912096387,4675.570879036131,49.5,40.0,100.0,75.5,49.5,40.0
TailSitter_Contra_Big_OptWing,M50C35_PRO_EEE_34kv,30.0,12Sx4_2P2S_24S_132Ah,132000,24,66433.8,20033.8,46400.0,27107.2,102.30992918230736,True,1075.9207261913016,78335.47139555776,53664.52860444224,59.5,48.5,100.0,82.0,59.5,48.5
TailSitter_Contra_Big_OptWing,M50C35_PRO_EEE_34kv,30.0,Farasis_24S1P_53Ah,53000,24,45334.8,20033.8,25301.0,4264.0,67.8549212755744,False,1073.2956121911889,61349.89860223511,-8349.89860223511,49.5,40.0,100.0,75.5,49.5,40.0
TailSitter_Contra_Big_OptWing,M50C35_PRO_EEE_34kv,30.0,Farasis_24S2P_106Ah,106000,24,67035.8,20033.8,47002.0,5128.0,81.1437866289849,True,1074.8561253852802,79687.36665087793,26312.633349122072,59.5,49.0,100.0,82.5,59.5,49.0
TailSitter_Contra_Big_OptWing,M50C35_PRO_EEE_34kv,30.0,ZYE_UltraHV_24S_66Ah,66000,24,44633.8,20033.8,24600.0,5898.0,84.49858121109264,True,1072.447852917045,61300.849278348694,4699.1507216513055,49.0,40.0,100.0,75.5,49.0,40.0
TailSitter_Contra_Big_OptWing,M50C35_PRO_EEE_34kv,30.0,Grepow_TARBG_24S_30Ah,30000,24,32978.8,20033.8,12945.0,8702.779999999999,38.40844600504211,False,1070.5766562918845,54060.125058002275,-24060.125058002275,41.0,40.0,93.0,72.0,41.0,40.0
TailSitter_Contra_Big_OptWing,M50C35_PRO_EEE_34kv,30.0,Amprius_SA08_24S1P_11Ah,11050,24,26333.8,20033.8,6300.0,8040.0,14.14711094519051,False,1069.8864995647,49429.87506121796,-38379.87506121796,40.0,40.0,83.0,69.5,40.0,40.0
TailSitter_Contra_Big_OptWing,M50C35_PRO_EEE_34kv,30.0,Amprius_SA08_24S2P_22Ah,22100,24,29033.8,20033.8,9000.0,12680.0,28.29422189038102,False,1070.472542634411,51229.10176220402,-29129.101762204024,40.0,40.0,84.5,70.5,40.0,40.0
TailSitter_Contra_Big_OptWing,M50C35_PRO_EEE_34kv,30.0,Amprius_SA88_24S1P_10Ah,10500,24,26080.8,20033.8,6047.0,5344.0,13.442956101764738,False,1069.582032708048,49415.71024113457,-38915.71024113457,40.0,40.0,83.0,69.5,40.0,40.0
TailSitter_Contra_Big_OptWing,M50C35_PRO_EEE_34kv,30.0,Amprius_SA88_24S2P_21Ah,21000,24,28526.8,20033.8,8493.0,7288.0,26.885912203529475,False,1070.07552084287,51209.023047161085,-30209.023047161085,40.0,40.0,84.0,70.5,40.0,40.0
TailSitter_Contra_Big_OptWing,M50C35_PRO_EEE_34kv,30.0,Grepow_NMC811_24S1P_87Ah,87000,24,46054.8,20033.8,26021.0,18778.120000000003,111.38449341462211,True,1073.0760126205666,62385.5199172766,24614.4800827234,50.0,40.0,100.0,76.0,50.0,40.0
TailSitter_Contra_Big_OptWing,M50C35_PRO_EEE_34kv,30.0,Grepow_NMC811_24S2P_24Ah,24000,24,30165.8,20033.8,10132.0,7642.24,30.726756804033688,False,1070.6731881659414,52147.537381804825,-28147.537381804825,40.0,40.0,85.0,71.0,40.0,40.0
TailSitter_Contra_Big_OptWing,M50C35_PRO_EEE_34kv,30.0,Amprius_SA88_24S4P_42Ah,42000,24,33421.8,20033.8,13388.0,11176.0,53.77182440705895,False,1070.8568521637321,54076.1313098958,-12076.131309895798,41.0,40.0,94.5,72.0,41.0,40.0
TailSitter_Contra_Big_OptWing,M50C35_PRO_EEE_34kv,30.0,Amprius_SA88_24S6P_63Ah,63000,24,38315.8,20033.8,18282.0,15064.0,80.65773661058843,True,1071.2057326215831,57086.264900313814,5913.735099686186,44.5,40.0,100.0,73.5,44.5,40.0
TailSitter_Contra_Big_OptWing,M50C35_PRO_EEE_34kv,30.0,Grepow_NMC811_small_24S4P_48Ah,48000,24,36697.8,20033.8,16664.0,11884.48,61.453513608067375,False,1070.9153414941054,56067.73556658027,-8067.735566580268,43.5,40.0,100.0,73.0,43.5,40.0
TailSitter_Contra_Big_OptWing,TMOTOR_U15L_KV43,47.0,YANGDA_XTurbo_24S_44Ah,44000,24,41086.3,20416.3,20670.0,25087.0,51.453427430052784,False,20241.043031292535,2003420.6808169277,-1959420.6808169277,58.5,46.0,100.0,100.0,58.5,46.0
TailSitter_Contra_Big_OptWing,TMOTOR_U15L_KV43,47.0,TATTU_NEO_24S_30Ah,30000,24,45256.3,20416.3,24840.0,22955.98,30.64623073434206,False,20241.333540168514,2003865.3123935526,-1973865.3123935526,62.0,48.0,100.0,100.0,62.0,48.0
TailSitter_Contra_Big_OptWing,TMOTOR_U15L_KV43,47.0,MAD_24S_55Ah_solid_state,55000,24,44924.3,20416.3,24508.0,26659.0,56.769776963784,False,20242.004485993468,2003771.651038659,-1948771.651038659,62.0,47.5,100.0,100.0,62.0,47.5
TailSitter_Contra_Big_OptWing,TMOTOR_U15L_KV43,47.0,MAD_24S_100Ah_solid_state,100000,24,58561.3,20416.3,38145.0,34327.0,70.92602775767638,False,20242.616316330386,2005435.3606321716,-1905435.3606321716,72.5,56.5,100.0,100.0,72.5,56.5
TailSitter_Contra_Big_OptWing,TMOTOR_U15L_KV43,47.0,12Sx2_series_24S_66Ah,66000,24,49656.3,20416.3,29240.0,29140.6,59.16477464792866,False,20241.56336082613,2004381.3973285153,-1938381.3973285153,64.5,50.5,100.0,100.0,64.5,50.5
TailSitter_Contra_Big_OptWing,TMOTOR_U15L_KV43,47.0,12Sx4_2P2S_24S_132Ah,132000,24,71056.3,20416.3,50640.0,40994.2,70.68532759502018,False,20242.16290355628,2007227.2170478667,-1875227.2170478667,83.0,64.0,100.0,100.0,83.0,64.0
TailSitter_Contra_Big_OptWing,TMOTOR_U15L_KV43,47.0,Farasis_24S1P_53Ah,53000,24,49957.3,20416.3,29541.0,18151.0,47.108959625338926,False,20241.908811810423,2004388.775030868,-1951388.775030868,64.5,50.5,100.0,100.0,64.5,50.5
TailSitter_Contra_Big_OptWing,TMOTOR_U15L_KV43,47.0,Farasis_24S2P_106Ah,106000,24,71658.3,20416.3,51242.0,19015.0,56.06297810650664,False,20242.93018974203,2007256.6285961347,-1901256.6285961347,84.0,64.0,100.0,100.0,84.0,64.0
TailSitter_Contra_Big_OptWing,TMOTOR_U15L_KV43,47.0,ZYE_UltraHV_24S_66Ah,66000,24,49256.3,20416.3,28840.0,19785.0,59.8416567154426,False,20242.011603183924,2004294.8115809325,-1938294.8115809325,64.0,50.0,100.0,100.0,64.0,50.0
TailSitter_Contra_Big_OptWing,TMOTOR_U15L_KV43,47.0,Grepow_TARBG_24S_30Ah,30000,24,37601.3,20416.3,17185.0,22589.78,39.59422933688025,False,20241.208338506243,2003004.2424869046,-1973004.2424869046,54.5,44.0,100.0,100.0,54.5,44.0
TailSitter_Contra_Big_OptWing,TMOTOR_U15L_KV43,47.0,Amprius_SA08_24S1P_11Ah,11050,24,30956.3,20416.3,10540.0,21927.0,18.943937587286374,False,20240.5494586549,2002378.1980655638,-1991328.1980655638,48.5,41.0,100.0,100.0,48.5,41.0
TailSitter_Contra_Big_OptWing,TMOTOR_U15L_KV43,47.0,Amprius_SA08_24S2P_22Ah,22100,24,33656.3,20416.3,13240.0,26567.0,33.869854459506044,False,20241.50832600856,2002582.7782978527,-1980482.7782978527,50.5,42.0,100.0,100.0,50.5,42.0
TailSitter_Contra_Big_OptWing,TMOTOR_U15L_KV43,47.0,Amprius_SA88_24S1P_10Ah,10500,24,30703.3,20416.3,10287.0,19231.0,18.198656932072723,False,20241.313436602966,2002302.095870122,-1991802.095870122,48.0,40.5,100.0,100.0,48.0,40.5
TailSitter_Contra_Big_OptWing,TMOTOR_U15L_KV43,47.0,Amprius_SA88_24S2P_21Ah,21000,24,33149.3,20416.3,12733.0,21175.0,32.8477839360303,False,20240.894199359125,2002573.2847389795,-1981573.2847389795,50.0,42.0,100.0,100.0,50.0,42.0
TailSitter_Contra_Big_OptWing,TMOTOR_U15L_KV43,47.0,Grepow_NMC811_24S1P_87Ah,87000,24,50677.3,20416.3,30261.0,32665.120000000003,75.78825786772465,False,20242.006321469526,2004482.4605266156,-1917482.4605266156,64.5,51.0,100.0,100.0,64.5,51.0
TailSitter_Contra_Big_OptWing,TMOTOR_U15L_KV43,47.0,Grepow_NMC811_24S2P_24Ah,24000,24,34788.3,20416.3,14372.0,21529.239999999998,35.1795606477634,False,20240.65037876271,2002777.239141058,-1978777.239141058,51.5,43.0,100.0,100.0,51.5,43.0
TailSitter_Contra_Big_OptWing,TMOTOR_U15L_KV43,47.0,Amprius_SA88_24S4P_42Ah,42000,24,38044.3,20416.3,17628.0,25063.0,54.559846997865534,False,20240.78463670228,2003102.4760066725,-1961102.4760066725,55.0,44.5,100.0,100.0,55.0,44.5
TailSitter_Contra_Big_OptWing,TMOTOR_U15L_KV43,47.0,Amprius_SA88_24S6P_63Ah,63000,24,42938.3,20416.3,22522.0,28951.0,69.28638428764441,False,20241.96846099567,2003548.9123102243,-1940548.9123102243,60.5,46.5,100.0,100.0,60.5,46.5
TailSitter_Contra_Big_OptWing,TMOTOR_U15L_KV43,47.0,Grepow_NMC811_small_24S4P_48Ah,48000,24,41320.3,20416.3,20904.0,25771.48,55.691206181025024,False,20241.262395287213,2003424.4764923132,-1955424.4764923132,58.5,46.0,100.0,100.0,58.5,46.0
TailSitter_Contra_Big_OptWing,TMOTOR_U15XL_KV38,52.0,YANGDA_XTurbo_24S_44Ah,44000,24,43034.8,20528.8,22506.0,32887.0,51.82820628630451,False,1076.1661106259296,70190.92658944323,-26190.926589443232,51.5,44.0,100.0,85.5,51.5,44.0
TailSitter_Contra_Big_OptWing,TMOTOR_U15XL_KV38,52.0,TATTU_NEO_24S_30Ah,30000,24,47204.8,20528.8,26676.0,30755.98,31.205132272420364,False,1077.5126248814693,73820.4570088739,-43820.4570088739,54.0,45.5,100.0,89.0,54.0,45.5
TailSitter_Contra_Big_OptWing,TMOTOR_U15XL_KV38,52.0,MAD_24S_55Ah_solid_state,55000,24,46872.8,20528.8,26344.0,34459.0,57.76704993275139,False,1077.4091751853034,73417.9144693945,-18417.914469394498,53.5,45.5,100.0,88.5,53.5,45.5
TailSitter_Contra_Big_OptWing,TMOTOR_U15XL_KV38,52.0,MAD_24S_100Ah_solid_state,100000,24,60509.8,20528.8,39981.0,42127.0,73.24570729860683,True,1087.2770672124109,85725.2296314568,14274.770368543206,64.5,50.0,100.0,98.5,64.5,50.0
TailSitter_Contra_Big_OptWing,TMOTOR_U15XL_KV38,52.0,12Sx2_series_24S_66Ah,66000,24,51604.8,20528.8,31076.0,36940.6,60.56143234916664,False,1079.3316499194684,77295.09700452205,-11295.097004522046,57.5,47.0,100.0,92.0,57.5,47.0
TailSitter_Contra_Big_OptWing,TMOTOR_U15XL_KV38,52.0,12Sx4_2P2S_24S_132Ah,132000,24,73004.8,20528.8,52476.0,48794.2,74.28455437245991,False,20242.531685853413,2006888.6387420264,-1874888.6387420264,71.5,55.0,100.0,100.0,71.5,55.0
TailSitter_Contra_Big_OptWing,TMOTOR_U15XL_KV38,52.0,Farasis_24S1P_53Ah,53000,24,51905.8,20528.8,31377.0,25951.0,48.23226085050462,False,1078.2009078132182,77916.12650719841,-24916.12650719841,57.5,47.5,100.0,92.5,57.5,47.5
TailSitter_Contra_Big_OptWing,TMOTOR_U15XL_KV38,52.0,Farasis_24S2P_106Ah,106000,24,73606.8,20528.8,53078.0,26815.0,58.969990882973605,False,20242.1750741369,2007006.551063724,-1901006.551063724,72.0,55.5,100.0,100.0,72.0,55.5
TailSitter_Contra_Big_OptWing,TMOTOR_U15XL_KV38,52.0,ZYE_UltraHV_24S_66Ah,66000,24,51204.8,20528.8,30676.0,27585.0,61.234703158761576,False,1078.43045434004,77238.66245599835,-11238.662455998347,57.0,47.0,100.0,92.0,57.0,47.0
TailSitter_Contra_Big_OptWing,TMOTOR_U15XL_KV38,52.0,Grepow_TARBG_24S_30Ah,30000,24,39549.8,20528.8,19021.0,30389.78,39.482652721650574,False,1076.4961934479775,67054.3904231387,-37054.3904231387,49.5,42.0,100.0,84.0,49.5,42.0
TailSitter_Contra_Big_OptWing,TMOTOR_U15XL_KV38,52.0,Amprius_SA08_24S1P_11Ah,11050,24,32904.8,20528.8,12376.0,29727.0,16.3946587537092,False,1074.420537973447,61979.47408582772,-50929.47408582772,46.0,40.0,100.0,82.5,46.0,40.0
TailSitter_Contra_Big_OptWing,TMOTOR_U15XL_KV38,52.0,Amprius_SA08_24S2P_22Ah,22100,24,35604.8,20528.8,15076.0,34367.0,32.7893175074184,False,1074.5827557378768,65168.73134518013,-43068.73134518013,47.5,40.0,100.0,83.5,47.5,40.0
TailSitter_Contra_Big_OptWing,TMOTOR_U15XL_KV38,52.0,Amprius_SA88_24S1P_10Ah,10500,24,32651.8,20528.8,12123.0,27031.0,15.578635014836797,False,1073.8959961351122,61949.41296891689,-51449.41296891689,46.0,40.0,100.0,82.5,46.0,40.0
TailSitter_Contra_Big_OptWing,TMOTOR_U15XL_KV38,52.0,Amprius_SA88_24S2P_21Ah,21000,24,35097.8,20528.8,14569.0,28975.0,31.157270029673594,False,1075.1874549933395,63652.44373551892,-42652.44373551892,47.0,40.0,100.0,83.0,47.0,40.0
TailSitter_Contra_Big_OptWing,TMOTOR_U15XL_KV38,52.0,Grepow_NMC811_24S1P_87Ah,87000,24,52625.8,20528.8,32097.0,40465.12,77.63770905882406,True,1078.910856416933,78454.1575487412,8545.842451258795,58.0,47.5,100.0,93.0,58.0,47.5
TailSitter_Contra_Big_OptWing,TMOTOR_U15XL_KV38,52.0,Grepow_NMC811_24S2P_24Ah,24000,24,36736.8,20528.8,16208.0,29329.239999999998,34.776143658721125,False,1075.4518418783327,65297.36877829229,-41297.36877829229,48.0,40.5,100.0,83.5,48.0,40.5
TailSitter_Contra_Big_OptWing,TMOTOR_U15XL_KV38,52.0,Amprius_SA88_24S4P_42Ah,42000,24,39992.8,20528.8,19464.0,32863.0,54.477837580237434,False,1075.1356843842418,68262.77471396352,-26262.774713963518,50.0,42.5,100.0,84.5,50.0,42.5
TailSitter_Contra_Big_OptWing,TMOTOR_U15XL_KV38,52.0,Amprius_SA88_24S6P_63Ah,63000,24,44886.8,20528.8,24358.0,36751.0,70.15563260031072,False,1077.6049436688781,71475.40737427157,-8475.40737427157,52.5,44.5,100.0,86.5,52.5,44.5
TailSitter_Contra_Big_OptWing,TMOTOR_U15XL_KV38,52.0,Grepow_NMC811_small_24S4P_48Ah,48000,24,43268.8,20528.8,22740.0,33571.479999999996,56.134670765328856,False,1076.638302505153,70216.29917641154,-22216.299176411543,51.5,44.0,100.0,85.5,51.5,44.0
TailSitter_Contra_Big_OptWing,TMOTOR_U15XXL_KV29,62.0,YANGDA_XTurbo_24S_44Ah,44000,24,45683.8,20753.8,24930.0,37387.0,56.48267008985879,False,1073.907636707699,59454.5985664131,-15454.5985664131,50.5,40.0,100.0,76.0,50.5,40.0
TailSitter_Contra_Big_OptWing,TMOTOR_U15XXL_KV29,62.0,TATTU_NEO_24S_30Ah,30000,24,49853.8,20753.8,29100.0,35255.979999999996,35.572564798542125,False,1074.8518126427928,62604.01897461836,-32604.01897461836,52.5,42.0,100.0,78.5,52.5,42.0
TailSitter_Contra_Big_OptWing,TMOTOR_U15XXL_KV29,62.0,MAD_24S_55Ah_solid_state,55000,24,49521.8,20753.8,28768.0,38959.0,65.81309517345511,False,1074.9048837197208,62030.33963664347,-7030.339636643468,52.5,42.0,100.0,78.0,52.5,42.0
TailSitter_Contra_Big_OptWing,TMOTOR_U15XXL_KV29,62.0,MAD_24S_100Ah_solid_state,100000,24,63158.8,20753.8,42405.0,46627.0,84.89595233716561,True,1075.5818260117433,72714.08965265407,27285.910347345925,59.0,49.0,100.0,84.5,59.0,49.0
TailSitter_Contra_Big_OptWing,TMOTOR_U15XXL_KV29,62.0,12Sx2_series_24S_66Ah,66000,24,54253.8,20753.8,33500.0,41440.6,69.66521825160942,True,1075.695265008786,65605.29475394316,394.7052460568375,55.0,44.5,100.0,80.5,55.0,44.5
TailSitter_Contra_Big_OptWing,TMOTOR_U15XXL_KV29,62.0,12Sx4_2P2S_24S_132Ah,132000,24,75653.8,20753.8,54900.0,53294.2,86.2751498171557,True,1077.647943285101,82768.28226531556,49231.71773468444,65.5,53.5,100.0,89.5,65.5,53.5
TailSitter_Contra_Big_OptWing,TMOTOR_U15XXL_KV29,62.0,Farasis_24S1P_53Ah,53000,24,54554.8,20753.8,33801.0,30451.0,55.513398051379205,False,1075.4436344405397,65703.34466408126,-12703.344664081262,55.0,45.0,100.0,80.5,55.0,45.0
TailSitter_Contra_Big_OptWing,TMOTOR_U15XXL_KV29,62.0,Farasis_24S2P_106Ah,106000,24,76255.8,20753.8,55502.0,31315.0,68.48937426241184,True,1079.156041906398,82850.11352925036,23149.88647074964,65.5,53.5,100.0,89.5,65.5,53.5
TailSitter_Contra_Big_OptWing,TMOTOR_U15XXL_KV29,62.0,ZYE_UltraHV_24S_66Ah,66000,24,53853.8,20753.8,33100.0,32085.0,70.38615066085416,True,1075.0039237691722,65571.91198628166,428.08801371834124,54.5,44.5,100.0,80.5,54.5,44.5
TailSitter_Contra_Big_OptWing,TMOTOR_U15XXL_KV29,62.0,Grepow_TARBG_24S_30Ah,30000,24,42198.8,20753.8,21445.0,34889.78,38.51091142490372,False,1072.781683629491,57411.61122236898,-27411.611222368978,48.5,40.0,98.0,74.0,48.5,40.0
TailSitter_Contra_Big_OptWing,TMOTOR_U15XXL_KV29,62.0,Amprius_SA08_24S1P_11Ah,11050,24,35553.8,20753.8,14800.0,34227.0,14.184852374839537,False,1071.351912814391,54170.85921541142,-43120.85921541142,44.0,40.0,94.0,70.5,44.0,40.0
TailSitter_Contra_Big_OptWing,TMOTOR_U15XXL_KV29,62.0,Amprius_SA08_24S2P_22Ah,22100,24,38253.8,20753.8,17500.0,38867.0,28.369704749679073,False,1072.0345294843082,55308.92356316765,-33208.92356316765,46.0,40.0,96.0,71.5,46.0,40.0
TailSitter_Contra_Big_OptWing,TMOTOR_U15XXL_KV29,62.0,Amprius_SA88_24S1P_10Ah,10500,24,35300.8,20753.8,14547.0,31531.0,13.478818998716303,False,1071.9838065776498,53541.00359921965,-43041.00359921965,44.0,40.0,94.0,70.0,44.0,40.0
TailSitter_Contra_Big_OptWing,TMOTOR_U15XXL_KV29,62.0,Amprius_SA88_24S2P_21Ah,21000,24,37746.8,20753.8,16993.0,33475.0,26.957637997432606,False,1072.5224720744143,54827.05181176316,-33827.05181176316,45.5,40.0,95.5,71.0,45.5,40.0
TailSitter_Contra_Big_OptWing,TMOTOR_U15XXL_KV29,62.0,Grepow_NMC811_24S1P_87Ah,87000,24,55274.8,20753.8,34521.0,44965.12,89.47009625965845,True,1076.0919203019705,66400.98074028225,20599.019259717752,55.0,45.0,100.0,81.0,55.0,45.0
TailSitter_Contra_Big_OptWing,TMOTOR_U15XXL_KV29,62.0,Grepow_NMC811_24S2P_24Ah,24000,24,39385.8,20753.8,18632.0,33829.24,30.808729139922978,False,1072.5339486877544,55786.843256026346,-31786.843256026346,46.5,40.0,96.5,72.0,46.5,40.0
TailSitter_Contra_Big_OptWing,TMOTOR_U15XXL_KV29,62.0,Amprius_SA88_24S4P_42Ah,42000,24,42641.8,20753.8,21888.0,37363.0,53.91527599486521,False,1073.4017875873533,57445.99164264798,-15445.991642647983,48.5,40.0,98.5,74.0,48.5,40.0
TailSitter_Contra_Big_OptWing,TMOTOR_U15XXL_KV29,62.0,Amprius_SA88_24S6P_63Ah,63000,24,47535.8,20753.8,26782.0,41251.0,79.72055049116918,True,1074.8957234457641,60655.58052953783,2344.4194704621696,51.5,40.5,100.0,77.0,51.5,40.5
TailSitter_Contra_Big_OptWing,TMOTOR_U15XXL_KV29,62.0,Grepow_NMC811_small_24S4P_48Ah,48000,24,45917.8,20753.8,25164.0,38071.479999999996,61.617458279845955,False,1074.3000961452226,59472.47419739644,-11472.474197396441,50.5,40.0,100.0,76.0,50.5,40.0
TailSitter_Quad_Compact_OptWing,HOBBYWING_H13MD_coaxial_axis,54.0,YANGDA_XTurbo_24S_44Ah,44000,24,45372.3,21062.3,24310.0,7800.0,31.89619271424585,False,1070.6788820042261,53187.43664609153,-9187.436646091533,40.0,40.0,71.5,60.0,40.0,40.0
TailSitter_Quad_Compact_OptWing,HOBBYWING_H13MD_coaxial_axis,54.0,TATTU_NEO_24S_30Ah,30000,24,49542.3,21062.3,28480.0,5668.98,21.747404123349444,False,1070.8611356569552,55869.556799874044,-25869.556799874044,40.0,40.0,72.5,61.0,40.0,40.0
TailSitter_Quad_Compact_OptWing,HOBBYWING_H13MD_coaxial_axis,54.0,MAD_24S_55Ah_solid_state,55000,24,49210.3,21062.3,28148.0,9372.0,39.87024089280731,False,1070.6553849287045,55859.49557440401,-859.4955744040126,40.0,40.0,72.5,61.0,40.0,40.0
TailSitter_Quad_Compact_OptWing,HOBBYWING_H13MD_coaxial_axis,54.0,MAD_24S_100Ah_solid_state,100000,24,62847.3,21062.3,41785.0,17040.0,72.49134707783148,True,1074.5607472302902,61516.93457802235,38483.06542197765,49.5,40.0,75.0,63.0,49.5,40.0
TailSitter_Quad_Compact_OptWing,HOBBYWING_H13MD_coaxial_axis,54.0,12Sx2_series_24S_66Ah,66000,24,53942.3,21062.3,32880.0,11853.6,47.84428907136877,True,1072.3377006891133,57294.47091491023,8705.529085089773,43.5,40.0,73.5,61.5,43.5,40.0
TailSitter_Quad_Compact_OptWing,HOBBYWING_H13MD_coaxial_axis,54.0,12Sx4_2P2S_24S_132Ah,132000,24,75342.3,21062.3,54280.0,23707.2,95.68857814273754,True,1076.4004134514962,68674.63685239367,63325.36314760633,53.5,40.0,77.0,65.5,53.5,40.0
TailSitter_Quad_Compact_OptWing,HOBBYWING_H13MD_coaxial_axis,54.0,Farasis_24S1P_53Ah,53000,24,54243.3,21062.3,33181.0,864.0,38.42041395125068,False,1072.699963179417,57321.13284694544,-4321.132846945438,44.0,40.0,73.5,61.5,44.0,40.0
TailSitter_Quad_Compact_OptWing,HOBBYWING_H13MD_coaxial_axis,54.0,Farasis_24S2P_106Ah,106000,24,75944.3,21062.3,54882.0,1728.0,76.84082790250136,True,1077.3218688566396,68722.96884949514,37277.03115050486,53.5,40.0,77.5,65.5,53.5,40.0
TailSitter_Quad_Compact_OptWing,HOBBYWING_H13MD_coaxial_axis,54.0,ZYE_UltraHV_24S_66Ah,66000,24,53542.3,21062.3,32480.0,2498.0,47.84428907136877,True,1071.9782205444374,57268.879371052724,8731.120628947276,43.0,40.0,73.5,61.5,43.0,40.0
TailSitter_Quad_Compact_OptWing,HOBBYWING_H13MD_coaxial_axis,54.0,Grepow_TARBG_24S_30Ah,30000,24,41887.3,21062.3,20825.0,5302.78,21.747404123349444,False,1069.5250122778139,51757.10345800808,-21757.10345800808,40.0,40.0,71.0,59.5,40.0,40.0
TailSitter_Quad_Compact_OptWing,HOBBYWING_H13MD_coaxial_axis,54.0,Amprius_SA08_24S1P_11Ah,11050,24,35242.3,21062.3,14180.0,4640.0,8.010293852100379,False,1068.0451333233937,48902.45719008921,-37852.45719008921,40.0,40.0,69.0,58.5,40.0,40.0
TailSitter_Quad_Compact_OptWing,HOBBYWING_H13MD_coaxial_axis,54.0,Amprius_SA08_24S2P_22Ah,22100,24,37942.3,21062.3,16880.0,9280.0,16.020587704200757,False,1068.3691147343875,50312.0437068025,-28212.0437068025,40.0,40.0,70.0,59.0,40.0,40.0
TailSitter_Quad_Compact_OptWing,HOBBYWING_H13MD_coaxial_axis,54.0,Amprius_SA88_24S1P_10Ah,10500,24,34989.3,21062.3,13927.0,1944.0,7.611591443172305,False,1067.9022112230646,48895.804393400744,-38395.804393400744,40.0,40.0,69.0,58.5,40.0,40.0
TailSitter_Quad_Compact_OptWing,HOBBYWING_H13MD_coaxial_axis,54.0,Amprius_SA88_24S2P_21Ah,21000,24,37435.3,21062.3,16373.0,3888.0,15.22318288634461,False,1070.5425519663693,49034.08517483874,-28034.085174838743,40.0,40.0,70.0,58.5,40.0,40.0
TailSitter_Quad_Compact_OptWing,HOBBYWING_H13MD_coaxial_axis,54.0,Grepow_NMC811_24S1P_87Ah,87000,24,54963.3,21062.3,33901.0,15378.12,63.06747195771338,True,1071.41241303811,58574.06304928673,28425.936950713272,44.5,40.0,73.5,62.0,44.5,40.0
TailSitter_Quad_Compact_OptWing,HOBBYWING_H13MD_coaxial_axis,54.0,Grepow_NMC811_24S2P_24Ah,24000,24,39074.3,21062.3,18012.0,4242.24,17.397923298679554,False,1069.1155992053634,50348.01376328123,-26348.013763281233,40.0,40.0,70.0,59.0,40.0,40.0
TailSitter_Quad_Compact_OptWing,HOBBYWING_H13MD_coaxial_axis,54.0,Amprius_SA88_24S4P_42Ah,42000,24,42330.3,21062.3,21268.0,7776.0,30.44636577268922,False,1069.9078109075697,51776.394009939424,-9776.394009939424,40.0,40.0,71.0,59.5,40.0,40.0
TailSitter_Quad_Compact_OptWing,HOBBYWING_H13MD_coaxial_axis,54.0,Amprius_SA88_24S6P_63Ah,63000,24,47224.3,21062.3,26162.0,11664.0,45.66954865903383,True,1070.4883663458763,54528.18326549111,8471.816734508888,40.0,40.0,72.0,60.5,40.0,40.0
TailSitter_Quad_Compact_OptWing,HOBBYWING_H13MD_coaxial_axis,54.0,Grepow_NMC811_small_24S4P_48Ah,48000,24,45606.3,21062.3,24544.0,8484.48,34.79584659735911,False,1070.9556272316045,53202.02861567253,-5202.028615672527,40.0,40.0,71.5,60.0,40.0,40.0
TailSitter_Quad_Compact_OptWing,HOBBYWING_H15MD_PLUS_coaxial_axis,73.0,YANGDA_XTurbo_24S_44Ah,44000,24,55919.8,21489.8,34430.0,7800.0,19.570535448390952,False,1067.6405903633292,47711.060716192245,-3711.0607161922453,40.0,40.0,51.0,43.0,40.0,40.0
TailSitter_Quad_Compact_OptWing,HOBBYWING_H15MD_PLUS_coaxial_axis,73.0,TATTU_NEO_24S_30Ah,30000,24,60089.8,21489.8,38600.0,5668.98,13.343546896630194,False,1068.0921044253894,49191.613540331935,-19191.613540331935,40.0,40.0,51.5,43.5,40.0,40.0
TailSitter_Quad_Compact_OptWing,HOBBYWING_H15MD_PLUS_coaxial_axis,73.0,MAD_24S_55Ah_solid_state,55000,24,59757.8,21489.8,38268.0,9372.0,24.463169310488688,True,1067.9390597548902,49184.14410200106,5815.855897998939,40.0,40.0,51.5,43.5,40.0,40.0
TailSitter_Quad_Compact_OptWing,HOBBYWING_H15MD_PLUS_coaxial_axis,73.0,MAD_24S_100Ah_solid_state,100000,24,73394.8,21489.8,51905.0,17040.0,44.47848965543398,True,1069.7601221985663,53874.25950630021,46125.74049369979,40.0,40.0,53.5,45.0,40.0,40.0
TailSitter_Quad_Compact_OptWing,HOBBYWING_H15MD_PLUS_coaxial_axis,73.0,12Sx2_series_24S_66Ah,66000,24,64489.8,21489.8,43000.0,11853.6,29.355803172586427,True,1068.6561685710305,50712.3106021421,15287.689397857903,40.0,40.0,52.0,44.0,40.0,40.0
TailSitter_Quad_Compact_OptWing,HOBBYWING_H15MD_PLUS_coaxial_axis,73.0,12Sx4_2P2S_24S_132Ah,132000,24,85889.8,21489.8,64400.0,23707.2,58.711606345172854,True,1071.1788944610787,58897.55429967297,73102.44570032702,40.0,40.0,55.0,46.5,40.0,40.0
TailSitter_Quad_Compact_OptWing,HOBBYWING_H15MD_PLUS_coaxial_axis,73.0,Farasis_24S1P_53Ah,53000,24,64790.8,21489.8,43301.0,864.0,23.57359951738001,True,1068.714934996825,50720.41624160164,2279.5837583983594,40.0,40.0,52.5,44.0,40.0,40.0
TailSitter_Quad_Compact_OptWing,HOBBYWING_H15MD_PLUS_coaxial_axis,73.0,Farasis_24S2P_106Ah,106000,24,86491.8,21489.8,65002.0,1728.0,47.14719903476002,True,1071.5062769770552,58916.0801128212,47083.9198871788,40.0,40.0,55.0,46.5,40.0,40.0
TailSitter_Quad_Compact_OptWing,HOBBYWING_H15MD_PLUS_coaxial_axis,73.0,ZYE_UltraHV_24S_66Ah,66000,24,64089.8,21489.8,42600.0,2498.0,29.355803172586427,True,1068.4618190181716,50702.55935755576,15297.440642444242,40.0,40.0,52.0,44.0,40.0,40.0
TailSitter_Quad_Compact_OptWing,HOBBYWING_H15MD_PLUS_coaxial_axis,73.0,Grepow_TARBG_24S_30Ah,30000,24,52434.8,21489.8,30945.0,5302.78,13.343546896630194,False,1067.5272020913512,46291.94370465427,-16291.943704654273,40.0,40.0,50.5,42.5,40.0,40.0
TailSitter_Quad_Compact_OptWing,HOBBYWING_H15MD_PLUS_coaxial_axis,73.0,Amprius_SA08_24S1P_11Ah,11050,24,45789.8,21489.8,24300.0,4640.0,4.914873106925454,False,1067.7672710365719,43623.74152976658,-32573.74152976658,40.0,40.0,49.5,41.5,40.0,40.0
TailSitter_Quad_Compact_OptWing,HOBBYWING_H15MD_PLUS_coaxial_axis,73.0,Amprius_SA08_24S2P_22Ah,22100,24,48489.8,21489.8,27000.0,9280.0,9.829746213850909,False,1067.1494033678478,44917.343910514835,-22817.343910514835,40.0,40.0,50.0,42.0,40.0,40.0
TailSitter_Quad_Compact_OptWing,HOBBYWING_H15MD_PLUS_coaxial_axis,73.0,Amprius_SA88_24S1P_10Ah,10500,24,45536.8,21489.8,24047.0,1944.0,4.670241413820568,False,1067.4856945894749,43611.72679259428,-33111.72679259428,40.0,40.0,49.5,41.5,40.0,40.0
TailSitter_Quad_Compact_OptWing,HOBBYWING_H15MD_PLUS_coaxial_axis,73.0,Amprius_SA88_24S2P_21Ah,21000,24,47982.8,21489.8,26493.0,3888.0,9.340482827641136,False,1066.8799650544352,44905.32048112335,-23905.32048112335,40.0,40.0,50.0,42.0,40.0,40.0
TailSitter_Quad_Compact_OptWing,HOBBYWING_H15MD_PLUS_coaxial_axis,73.0,Grepow_NMC811_24S1P_87Ah,87000,24,65510.8,21489.8,44021.0,15378.12,38.69628600022756,True,1069.1797492098415,50743.78245367786,36256.21754632214,40.0,40.0,52.5,44.0,40.0,40.0
TailSitter_Quad_Compact_OptWing,HOBBYWING_H15MD_PLUS_coaxial_axis,73.0,Grepow_NMC811_24S2P_24Ah,24000,24,49621.8,21489.8,28132.0,4242.24,10.674837517304155,False,1068.0343015623407,44956.57263651852,-20956.57263651852,40.0,40.0,50.0,42.0,40.0,40.0
TailSitter_Quad_Compact_OptWing,HOBBYWING_H15MD_PLUS_coaxial_axis,73.0,Amprius_SA88_24S4P_42Ah,42000,24,52877.8,21489.8,31388.0,7776.0,18.68096565528227,False,1067.8038191835049,46304.63947361018,-4304.639473610179,40.0,40.0,50.5,42.5,40.0,40.0
TailSitter_Quad_Compact_OptWing,HOBBYWING_H15MD_PLUS_coaxial_axis,73.0,Amprius_SA88_24S6P_63Ah,63000,24,57771.8,21489.8,36282.0,11664.0,28.021448482923407,True,1068.9386347543682,47772.46412845913,15227.535871540873,40.0,40.0,51.0,43.0,40.0,40.0
TailSitter_Quad_Compact_OptWing,HOBBYWING_H15MD_PLUS_coaxial_axis,73.0,Grepow_NMC811_small_24S4P_48Ah,48000,24,56153.8,21489.8,34664.0,8484.48,21.34967503460831,True,1067.7554910355923,47716.50927053228,283.49072946771776,40.0,40.0,51.0,43.0,40.0,40.0
TailSitter_Quad_Compact_OptWing,HOBBYWING_H15MD_coaxial_axis,64.0,YANGDA_XTurbo_24S_44Ah,44000,24,49453.3,21287.3,28166.0,7800.0,23.409821106542246,False,1068.745685930346,47276.14069734311,-3276.1406973431076,40.0,40.0,53.5,45.5,40.0,40.0
TailSitter_Quad_Compact_OptWing,HOBBYWING_H15MD_coaxial_axis,64.0,TATTU_NEO_24S_30Ah,30000,24,53623.3,21287.3,32336.0,5668.98,15.961241663551531,False,1069.656514815722,48805.899038706324,-18805.899038706324,40.0,40.0,54.0,46.0,40.0,40.0
TailSitter_Quad_Compact_OptWing,HOBBYWING_H15MD_coaxial_axis,64.0,MAD_24S_55Ah_solid_state,55000,24,53291.3,21287.3,32004.0,9372.0,29.26227638317781,True,1069.283396859769,48787.58620648351,6212.413793516491,40.0,40.0,54.0,46.0,40.0,40.0
TailSitter_Quad_Compact_OptWing,HOBBYWING_H15MD_coaxial_axis,64.0,MAD_24S_100Ah_solid_state,100000,24,66928.3,21287.3,45641.0,17040.0,53.204138878505105,True,1070.2308985693298,55185.41538131866,44814.58461868134,40.0,40.0,56.0,48.0,40.0,40.0
TailSitter_Quad_Compact_OptWing,HOBBYWING_H15MD_coaxial_axis,64.0,12Sx2_series_24S_66Ah,66000,24,58023.3,21287.3,36736.0,11853.6,35.11473165981337,True,1071.1680520073069,50413.90123635047,15586.098763649527,40.0,40.0,55.0,46.5,40.0,40.0
TailSitter_Quad_Compact_OptWing,HOBBYWING_H15MD_coaxial_axis,64.0,12Sx4_2P2S_24S_132Ah,132000,24,79423.3,21287.3,58136.0,23707.2,70.22946331962675,True,1071.9160567668691,60543.52657320122,71456.47342679878,41.0,40.0,58.0,49.5,41.0,40.0
TailSitter_Quad_Compact_OptWing,HOBBYWING_H15MD_coaxial_axis,64.0,Farasis_24S1P_53Ah,53000,24,58324.3,21287.3,37037.0,864.0,28.198193605607706,True,1068.747082938065,51851.67165248461,1148.3283475153876,40.0,40.0,55.0,47.0,40.0,40.0
TailSitter_Quad_Compact_OptWing,HOBBYWING_H15MD_coaxial_axis,64.0,Farasis_24S2P_106Ah,106000,24,80025.3,21287.3,58738.0,1728.0,56.39638721121541,True,1072.2593045107608,60562.90073733563,45437.09926266437,41.0,40.0,58.0,49.5,41.0,40.0
TailSitter_Quad_Compact_OptWing,HOBBYWING_H15MD_coaxial_axis,64.0,ZYE_UltraHV_24S_66Ah,66000,24,57623.3,21287.3,36336.0,2498.0,35.11473165981337,True,1070.3983065163814,50368.950592989844,15631.049407010156,40.0,40.0,54.5,46.5,40.0,40.0
TailSitter_Quad_Compact_OptWing,HOBBYWING_H15MD_coaxial_axis,64.0,Grepow_TARBG_24S_30Ah,30000,24,45968.3,21287.3,24681.0,5302.78,15.961241663551531,False,1068.5409348241249,45818.84784987586,-15818.847849875863,40.0,40.0,53.0,45.0,40.0,40.0
TailSitter_Quad_Compact_OptWing,HOBBYWING_H15MD_coaxial_axis,64.0,Amprius_SA08_24S1P_11Ah,11050,24,39323.3,21287.3,18036.0,4640.0,5.879057346074815,False,1068.9728400636195,43048.96082674541,-31998.96082674541,40.0,40.0,52.0,44.0,40.0,40.0
TailSitter_Quad_Compact_OptWing,HOBBYWING_H15MD_coaxial_axis,64.0,Amprius_SA08_24S2P_22Ah,22100,24,42023.3,21287.3,20736.0,9280.0,11.75811469214963,False,1067.8222048734797,44375.28137830902,-22275.281378309017,40.0,40.0,52.5,44.5,40.0,40.0
TailSitter_Quad_Compact_OptWing,HOBBYWING_H15MD_coaxial_axis,64.0,Amprius_SA88_24S1P_10Ah,10500,24,39070.3,21287.3,17783.0,1944.0,5.586434582243036,False,1068.2791973853155,43019.12864421894,-32519.128644218938,40.0,40.0,52.0,44.0,40.0,40.0
TailSitter_Quad_Compact_OptWing,HOBBYWING_H15MD_coaxial_axis,64.0,Amprius_SA88_24S2P_21Ah,21000,24,41516.3,21287.3,20229.0,3888.0,11.172869164486071,False,1067.4157073549002,44357.21801441096,-23357.21801441096,40.0,40.0,52.5,44.5,40.0,40.0
TailSitter_Quad_Compact_OptWing,HOBBYWING_H15MD_coaxial_axis,64.0,Grepow_NMC811_24S1P_87Ah,87000,24,59044.3,21287.3,37757.0,15378.12,46.28760082429944,True,1069.0637406526398,51867.51918139919,35132.48081860081,40.0,40.0,55.0,47.0,40.0,40.0
TailSitter_Quad_Compact_OptWing,HOBBYWING_H15MD_coaxial_axis,64.0,Grepow_NMC811_24S2P_24Ah,24000,24,43155.3,21287.3,21868.0,4242.24,12.768993330841225,False,1066.9324154766746,45740.25985481784,-21740.259854817843,40.0,40.0,52.5,45.0,40.0,40.0
TailSitter_Quad_Compact_OptWing,HOBBYWING_H15MD_coaxial_axis,64.0,Amprius_SA88_24S4P_42Ah,42000,24,46411.3,21287.3,25124.0,7776.0,22.345738328972143,False,1069.207820399265,45849.59238529072,-3849.5923852907217,40.0,40.0,53.0,45.0,40.0,40.0
TailSitter_Quad_Compact_OptWing,HOBBYWING_H15MD_coaxial_axis,64.0,Amprius_SA88_24S6P_63Ah,63000,24,51305.3,21287.3,30018.0,11664.0,33.51860749345822,True,1068.0205538140422,48726.36972614503,14273.630273854971,40.0,40.0,54.0,46.0,40.0,40.0
TailSitter_Quad_Compact_OptWing,HOBBYWING_H15MD_coaxial_axis,64.0,Grepow_NMC811_small_24S4P_48Ah,48000,24,49687.3,21287.3,28400.0,8484.48,25.53798666168245,True,1068.987354673033,47287.618347803465,712.3816521965346,40.0,40.0,53.5,45.5,40.0,40.0
TailSitter_Quad_Compact_OptWing,M50C35_PRO_EEE_34kv,30.0,YANGDA_XTurbo_24S_44Ah,44000,24,40552.3,20522.3,20030.0,11200.0,28.16619373703088,False,1068.8333345870017,44875.311610728386,-875.3116107283859,40.0,40.0,61.0,50.0,40.0,40.0
TailSitter_Quad_Compact_OptWing,M50C35_PRO_EEE_34kv,30.0,TATTU_NEO_24S_30Ah,30000,24,44722.3,20522.3,24200.0,9068.98,19.204223002521054,False,1068.776666968794,46807.717795510696,-16807.717795510696,40.0,40.0,62.0,51.0,40.0,40.0
TailSitter_Quad_Compact_OptWing,M50C35_PRO_EEE_34kv,30.0,MAD_24S_55Ah_solid_state,55000,24,44390.3,20522.3,23868.0,12772.0,35.2077421712886,True,1068.5578864392298,46797.63037404956,8202.369625950443,40.0,40.0,62.0,51.0,40.0,40.0
TailSitter_Quad_Compact_OptWing,M50C35_PRO_EEE_34kv,30.0,MAD_24S_100Ah_solid_state,100000,24,58027.3,20522.3,37505.0,20440.0,64.01407667507019,True,1070.9574623243868,52344.781327868885,47655.218672131115,40.0,40.0,65.0,53.5,40.0,40.0
TailSitter_Quad_Compact_OptWing,M50C35_PRO_EEE_34kv,30.0,12Sx2_series_24S_66Ah,66000,24,49122.3,20522.3,28600.0,15253.6,42.24929060554632,True,1069.0987764758247,48900.407130183856,17099.592869816144,40.0,40.0,63.0,52.0,40.0,40.0
TailSitter_Quad_Compact_OptWing,M50C35_PRO_EEE_34kv,30.0,12Sx4_2P2S_24S_132Ah,132000,24,70522.3,20522.3,50000.0,27107.2,84.49858121109264,True,1073.345950318696,57358.01811949565,74641.98188050435,42.5,40.0,67.5,55.5,42.5,40.0
TailSitter_Quad_Compact_OptWing,M50C35_PRO_EEE_34kv,30.0,Farasis_24S1P_53Ah,53000,24,49423.3,20522.3,28901.0,4264.0,33.9274606377872,True,1069.2680063029188,48908.35935483743,4091.6406451625735,40.0,40.0,63.0,52.0,40.0,40.0
TailSitter_Quad_Compact_OptWing,M50C35_PRO_EEE_34kv,30.0,Farasis_24S2P_106Ah,106000,24,71124.3,20522.3,50602.0,5128.0,67.8549212755744,True,1074.2965414108219,57413.04839066981,48586.95160933019,42.5,40.0,67.5,55.5,42.5,40.0
TailSitter_Quad_Compact_OptWing,M50C35_PRO_EEE_34kv,30.0,ZYE_UltraHV_24S_66Ah,66000,24,48722.3,20522.3,28200.0,5898.0,42.24929060554632,True,1070.8014684808231,47926.75472243927,18073.24527756073,40.0,40.0,62.5,51.5,40.0,40.0
TailSitter_Quad_Compact_OptWing,M50C35_PRO_EEE_34kv,30.0,Grepow_TARBG_24S_30Ah,30000,24,37067.3,20522.3,16545.0,8702.779999999999,19.204223002521054,False,1067.5811379080462,43892.41127457264,-13892.411274572638,40.0,40.0,60.5,49.5,40.0,40.0
TailSitter_Quad_Compact_OptWing,M50C35_PRO_EEE_34kv,30.0,Amprius_SA08_24S1P_11Ah,11050,24,30422.3,20522.3,9900.0,8040.0,7.073555472595255,False,1067.1395180682582,41122.866060278575,-30072.866060278575,40.0,40.0,59.0,48.0,40.0,40.0
TailSitter_Quad_Compact_OptWing,M50C35_PRO_EEE_34kv,30.0,Amprius_SA08_24S2P_22Ah,22100,24,33122.3,20522.3,12600.0,12680.0,14.14711094519051,False,1067.7560702622188,42060.525039834094,-19960.525039834094,40.0,40.0,59.5,48.5,40.0,40.0
TailSitter_Quad_Compact_OptWing,M50C35_PRO_EEE_34kv,30.0,Amprius_SA88_24S1P_10Ah,10500,24,30169.3,20522.3,9647.0,5344.0,6.721478050882369,False,1066.9074997478556,41113.25200470356,-30613.252004703558,40.0,40.0,59.0,48.0,40.0,40.0
TailSitter_Quad_Compact_OptWing,M50C35_PRO_EEE_34kv,30.0,Amprius_SA88_24S2P_21Ah,21000,24,32615.3,20522.3,12093.0,7288.0,13.442956101764738,False,1067.2417541448376,42038.68417964889,-21038.684179648888,40.0,40.0,59.5,48.5,40.0,40.0
TailSitter_Quad_Compact_OptWing,M50C35_PRO_EEE_34kv,30.0,Grepow_NMC811_24S1P_87Ah,87000,24,50143.3,20522.3,29621.0,18778.120000000003,55.69224670731106,True,1069.7440301219565,48931.030333027484,38068.969666972516,40.0,40.0,63.0,52.0,40.0,40.0
TailSitter_Quad_Compact_OptWing,M50C35_PRO_EEE_34kv,30.0,Grepow_NMC811_24S2P_24Ah,24000,24,34254.3,20522.3,13732.0,7642.24,15.363378402016844,False,1067.0929071409332,42946.04444714194,-18946.04444714194,40.0,40.0,59.5,49.0,40.0,40.0
TailSitter_Quad_Compact_OptWing,M50C35_PRO_EEE_34kv,30.0,Amprius_SA88_24S4P_42Ah,42000,24,37510.3,20522.3,16988.0,11176.0,26.885912203529475,False,1067.9079586846258,43906.75569586246,-1906.7556958624627,40.0,40.0,60.5,49.5,40.0,40.0
TailSitter_Quad_Compact_OptWing,M50C35_PRO_EEE_34kv,30.0,Amprius_SA88_24S6P_63Ah,63000,24,42404.3,20522.3,21882.0,15064.0,40.328868305294215,True,1068.5650507629211,45811.79251027497,17188.207489725028,40.0,40.0,61.5,50.5,40.0,40.0
TailSitter_Quad_Compact_OptWing,M50C35_PRO_EEE_34kv,30.0,Grepow_NMC811_small_24S4P_48Ah,48000,24,40786.3,20522.3,20264.0,11884.48,30.726756804033688,True,1069.1689102463117,44890.63623186475,3109.3637681352484,40.0,40.0,61.0,50.0,40.0,40.0
TailSitter_Quad_Compact_OptWing,TMOTOR_U15L_KV43,47.0,YANGDA_XTurbo_24S_44Ah,44000,24,49414.8,20904.8,28510.0,25087.0,39.473684210526315,False,1073.2120475167983,60770.473671952124,-16770.473671952124,44.0,40.0,88.0,66.5,44.0,40.0
TailSitter_Quad_Compact_OptWing,TMOTOR_U15L_KV43,47.0,TATTU_NEO_24S_30Ah,30000,24,53584.8,20904.8,32680.0,22955.98,26.913875598086126,False,1075.0727349583403,63240.23947235788,-33240.23947235788,45.5,40.0,89.5,69.0,45.5,40.0
TailSitter_Quad_Compact_OptWing,TMOTOR_U15L_KV43,47.0,MAD_24S_55Ah_solid_state,55000,24,53252.8,20904.8,32348.0,26659.0,49.3421052631579,False,1074.2003655558185,63184.23012921095,-8184.230129210948,45.5,40.0,89.5,69.0,45.5,40.0
TailSitter_Quad_Compact_OptWing,TMOTOR_U15L_KV43,47.0,MAD_24S_100Ah_solid_state,100000,24,66889.8,20904.8,45985.0,34327.0,77.28091051770197,True,1077.0404273309007,73129.85875886992,26870.141241130084,50.5,42.0,92.5,72.0,50.5,42.0
TailSitter_Quad_Compact_OptWing,TMOTOR_U15L_KV43,47.0,12Sx2_series_24S_66Ah,66000,24,57984.8,20904.8,37080.0,29140.6,59.21052631578948,False,1077.022132166291,66001.57683489226,-1.576834892257466,47.0,40.0,90.5,70.5,47.0,40.0
TailSitter_Quad_Compact_OptWing,TMOTOR_U15L_KV43,47.0,12Sx4_2P2S_24S_132Ah,132000,24,79384.8,20904.8,58480.0,40994.2,80.93207102183833,True,1077.0796358648663,82330.48960610812,49669.51039389188,57.0,45.0,100.0,73.5,57.0,45.0
TailSitter_Quad_Compact_OptWing,TMOTOR_U15L_KV43,47.0,Farasis_24S1P_53Ah,53000,24,58285.8,20904.8,37381.0,18151.0,47.547846889952154,False,1074.914949736113,67608.96118963882,-14608.961189638823,47.0,40.0,90.5,71.0,47.0,40.0
TailSitter_Quad_Compact_OptWing,TMOTOR_U15L_KV43,47.0,Farasis_24S2P_106Ah,106000,24,79986.8,20904.8,59082.0,19015.0,64.32256087717977,True,1079.348817284636,82408.56911848566,23591.430881514345,57.0,45.0,100.0,73.5,57.0,45.0
TailSitter_Quad_Compact_OptWing,TMOTOR_U15L_KV43,47.0,ZYE_UltraHV_24S_66Ah,66000,24,57584.8,20904.8,36680.0,19785.0,59.21052631578948,True,1076.0326211197046,65925.75641755472,74.24358244528412,46.5,40.0,90.0,70.5,46.5,40.0
TailSitter_Quad_Compact_OptWing,TMOTOR_U15L_KV43,47.0,Grepow_TARBG_24S_30Ah,30000,24,45929.8,20904.8,25025.0,22589.78,26.913875598086126,False,1071.9947414195112,58954.073049803774,-28954.073049803774,43.0,40.0,87.0,65.0,43.0,40.0
TailSitter_Quad_Compact_OptWing,TMOTOR_U15L_KV43,47.0,Amprius_SA08_24S1P_11Ah,11050,24,39284.8,20904.8,18380.0,21927.0,9.913277511961724,False,1070.837414103047,55783.5540275416,-44733.5540275416,40.5,40.0,80.0,63.5,40.5,40.0
TailSitter_Quad_Compact_OptWing,TMOTOR_U15L_KV43,47.0,Amprius_SA08_24S2P_22Ah,22100,24,41984.8,20904.8,21080.0,26567.0,19.826555023923447,False,1071.3430573568323,57000.94928290142,-34900.94928290142,41.5,40.0,82.5,64.0,41.5,40.0
TailSitter_Quad_Compact_OptWing,TMOTOR_U15L_KV43,47.0,Amprius_SA88_24S1P_10Ah,10500,24,39031.8,20904.8,18127.0,19231.0,9.419856459330145,False,1072.6922541512145,54629.46521255485,-44129.46521255485,40.5,40.0,80.0,63.0,40.5,40.0
TailSitter_Quad_Compact_OptWing,TMOTOR_U15L_KV43,47.0,Amprius_SA88_24S2P_21Ah,21000,24,41477.8,20904.8,20573.0,21175.0,18.83971291866029,False,1073.2899546113686,55932.81765671743,-34932.81765671743,41.0,40.0,82.0,63.5,41.0,40.0
TailSitter_Quad_Compact_OptWing,TMOTOR_U15L_KV43,47.0,Grepow_NMC811_24S1P_87Ah,87000,24,59005.8,20904.8,38101.0,32665.120000000003,78.05023923444976,True,1076.043802258399,67649.78862589,19350.211374110004,47.0,40.0,90.5,71.0,47.0,40.0
TailSitter_Quad_Compact_OptWing,TMOTOR_U15L_KV43,47.0,Grepow_NMC811_24S2P_24Ah,24000,24,43116.8,20904.8,22212.0,21529.239999999998,21.5311004784689,False,1072.2131891084439,57063.38577932992,-33063.38577932992,42.0,40.0,83.5,64.0,42.0,40.0
TailSitter_Quad_Compact_OptWing,TMOTOR_U15L_KV43,47.0,Amprius_SA88_24S4P_42Ah,42000,24,46372.8,20904.8,25468.0,25063.0,37.67942583732058,False,1072.4994177937124,58982.12316266366,-16982.123162663658,43.0,40.0,87.0,65.0,43.0,40.0
TailSitter_Quad_Compact_OptWing,TMOTOR_U15L_KV43,47.0,Amprius_SA88_24S6P_63Ah,63000,24,51266.8,20904.8,30362.0,28951.0,56.51913875598086,True,1074.5257851758317,61723.671695402074,1276.328304597926,44.5,40.0,89.0,67.5,44.5,40.0
TailSitter_Quad_Compact_OptWing,TMOTOR_U15L_KV43,47.0,Grepow_NMC811_small_24S4P_48Ah,48000,24,49648.8,20904.8,28744.0,25771.48,43.0622009569378,False,1073.5976620681272,60795.40780303056,-12795.40780303056,44.0,40.0,88.5,66.5,44.0,40.0
TailSitter_Quad_Compact_OptWing,TMOTOR_U15XL_KV38,52.0,YANGDA_XTurbo_24S_44Ah,44000,24,53199.3,21017.3,32182.0,32887.0,32.640949554896146,False,1073.9289484209914,58114.022994439394,-14114.022994439394,43.0,40.0,74.0,56.5,43.0,40.0
TailSitter_Quad_Compact_OptWing,TMOTOR_U15XL_KV38,52.0,TATTU_NEO_24S_30Ah,30000,24,57369.3,21017.3,36352.0,30755.98,22.25519287833828,False,1072.7065383194008,60600.189359936005,-30600.189359936005,44.0,40.0,76.5,58.0,44.0,40.0
TailSitter_Quad_Compact_OptWing,TMOTOR_U15XL_KV38,52.0,MAD_24S_55Ah_solid_state,55000,24,57037.3,21017.3,36020.0,34459.0,40.80118694362018,False,1072.3893213656013,60582.072377474244,-5582.072377474244,44.0,40.0,76.5,58.0,44.0,40.0
TailSitter_Quad_Compact_OptWing,TMOTOR_U15XL_KV38,52.0,MAD_24S_100Ah_solid_state,100000,24,70674.3,21017.3,49657.0,42127.0,74.1839762611276,True,1077.6053791491263,67145.78237403567,32854.21762596433,47.5,40.0,80.5,62.0,47.5,40.0
TailSitter_Quad_Compact_OptWing,TMOTOR_U15XL_KV38,52.0,12Sx2_series_24S_66Ah,66000,24,61769.3,21017.3,40752.0,36940.6,48.961424332344215,True,1074.8998099480882,62398.40276599525,3601.597234004752,45.5,40.0,78.0,59.0,45.5,40.0
TailSitter_Quad_Compact_OptWing,TMOTOR_U15XL_KV38,52.0,12Sx4_2P2S_24S_132Ah,132000,24,83169.3,21017.3,62152.0,48794.2,81.34043473372576,True,1078.5347250512104,75403.26593611164,56596.73406388836,50.5,43.0,82.5,66.0,50.5,43.0
TailSitter_Quad_Compact_OptWing,TMOTOR_U15XL_KV38,52.0,Farasis_24S1P_53Ah,53000,24,62070.3,21017.3,41053.0,25951.0,39.317507418397625,False,1073.201527858411,63095.72149731416,-10095.72149731416,45.5,40.0,78.5,59.5,45.5,40.0
TailSitter_Quad_Compact_OptWing,TMOTOR_U15XL_KV38,52.0,Farasis_24S2P_106Ah,106000,24,83771.3,21017.3,62754.0,26815.0,64.7019029433988,True,1077.3394534055276,75612.89557224853,30387.104427751474,51.0,43.5,82.5,66.0,51.0,43.5
TailSitter_Quad_Compact_OptWing,TMOTOR_U15XL_KV38,52.0,ZYE_UltraHV_24S_66Ah,66000,24,61369.3,21017.3,40352.0,27585.0,48.961424332344215,True,1074.1037554157467,62331.76220266695,3668.2377973330513,45.0,40.0,78.0,59.0,45.0,40.0
TailSitter_Quad_Compact_OptWing,TMOTOR_U15XL_KV38,52.0,Grepow_TARBG_24S_30Ah,30000,24,49714.3,21017.3,28697.0,30389.78,22.25519287833828,False,1071.5589763070452,57044.72187098167,-27044.721870981673,41.5,40.0,72.5,56.0,41.5,40.0
TailSitter_Quad_Compact_OptWing,TMOTOR_U15XL_KV38,52.0,Amprius_SA08_24S1P_11Ah,11050,24,43069.3,21017.3,22052.0,29727.0,8.1973293768546,False,1070.2204877050756,54049.12879237754,-42999.12879237754,40.0,40.0,70.5,54.5,40.0,40.0
TailSitter_Quad_Compact_OptWing,TMOTOR_U15XL_KV38,52.0,Amprius_SA08_24S2P_22Ah,22100,24,45769.3,21017.3,24752.0,34367.0,16.3946587537092,False,1071.1311691253136,55107.99179140617,-33007.99179140617,40.0,40.0,71.5,55.0,40.0,40.0
TailSitter_Quad_Compact_OptWing,TMOTOR_U15XL_KV38,52.0,Amprius_SA88_24S1P_10Ah,10500,24,42816.3,21017.3,21799.0,27031.0,7.7893175074183985,False,1072.2681402203177,53096.575450046264,-42596.575450046264,40.0,40.0,70.5,54.0,40.0,40.0
TailSitter_Quad_Compact_OptWing,TMOTOR_U15XL_KV38,52.0,Amprius_SA88_24S2P_21Ah,21000,24,45262.3,21017.3,24245.0,28975.0,15.578635014836797,False,1070.7433690377404,55088.619614929514,-34088.619614929514,40.0,40.0,71.5,55.0,40.0,40.0
TailSitter_Quad_Compact_OptWing,TMOTOR_U15XL_KV38,52.0,Grepow_NMC811_24S1P_87Ah,87000,24,62790.3,21017.3,41773.0,40465.12,64.54005934718101,True,1074.0410561385188,63145.963869583116,23854.036130416884,45.5,40.0,78.5,59.5,45.5,40.0
TailSitter_Quad_Compact_OptWing,TMOTOR_U15XL_KV38,52.0,Grepow_NMC811_24S2P_24Ah,24000,24,46901.3,21017.3,25884.0,29329.239999999998,17.804154302670625,False,1072.2138963418236,55179.12462805176,-31179.12462805176,40.5,40.0,72.0,55.0,40.5,40.0
TailSitter_Quad_Compact_OptWing,TMOTOR_U15XL_KV38,52.0,Amprius_SA88_24S4P_42Ah,42000,24,50157.3,21017.3,29140.0,32863.0,31.157270029673594,False,1071.7057216444077,57066.08271394432,-15066.08271394432,42.0,40.0,73.0,56.0,42.0,40.0
TailSitter_Quad_Compact_OptWing,TMOTOR_U15XL_KV38,52.0,Amprius_SA88_24S6P_63Ah,63000,24,55051.3,21017.3,34034.0,36751.0,46.73590504451039,True,1074.346990859773,59019.460040821235,3980.5399591787645,43.5,40.0,75.0,57.0,43.5,40.0
TailSitter_Quad_Compact_OptWing,TMOTOR_U15XL_KV38,52.0,Grepow_NMC811_small_24S4P_48Ah,48000,24,53433.3,21017.3,32416.0,33571.479999999996,35.60830860534125,False,1071.8896865137574,58854.76446452547,-10854.76446452547,43.0,40.0,74.0,57.0,43.0,40.0
TailSitter_Quad_Compact_OptWing,TMOTOR_U15XXL_KV29,62.0,YANGDA_XTurbo_24S_44Ah,44000,24,58272.3,21242.3,37030.0,37387.0,28.241335044929397,False,1071.8144325277542,51691.66946466994,-7691.66946466994,40.0,40.0,66.0,54.5,40.0,40.0
TailSitter_Quad_Compact_OptWing,TMOTOR_U15XXL_KV29,62.0,TATTU_NEO_24S_30Ah,30000,24,62442.3,21242.3,41200.0,35255.979999999996,19.25545571245186,False,1071.455305753556,54245.9465076074,-24245.946507607398,40.5,40.0,66.5,55.5,40.5,40.0
TailSitter_Quad_Compact_OptWing,TMOTOR_U15XXL_KV29,62.0,MAD_24S_55Ah_solid_state,55000,24,62110.3,21242.3,40868.0,38959.0,35.30166880616174,True,1074.2045845113557,53084.90419838067,1915.0958016193326,40.0,40.0,66.5,55.0,40.0,40.0
TailSitter_Quad_Compact_OptWing,TMOTOR_U15XXL_KV29,62.0,MAD_24S_100Ah_solid_state,100000,24,75747.3,21242.3,54505.0,46627.0,64.18485237483954,True,1072.7171612121429,60135.86684538106,39864.13315461894,45.5,40.0,68.5,57.5,45.5,40.0
TailSitter_Quad_Compact_OptWing,TMOTOR_U15XXL_KV29,62.0,12Sx2_series_24S_66Ah,66000,24,66842.3,21242.3,45600.0,41440.6,42.36200256739409,True,1072.3058335962758,55700.56695226697,10299.43304773303,42.5,40.0,67.0,56.0,42.5,40.0
TailSitter_Quad_Compact_OptWing,TMOTOR_U15XXL_KV29,62.0,12Sx4_2P2S_24S_132Ah,132000,24,88242.3,21242.3,67000.0,53294.2,84.72400513478819,True,1074.716965501885,65817.76925834181,66182.23074165819,49.5,40.0,73.5,59.5,49.5,40.0
TailSitter_Quad_Compact_OptWing,TMOTOR_U15XXL_KV29,62.0,Farasis_24S1P_53Ah,53000,24,67143.3,21242.3,45901.0,30451.0,34.017971758664956,False,1072.5644659431173,55714.463015678724,-2714.4630156787243,42.5,40.0,67.0,56.0,42.5,40.0
TailSitter_Quad_Compact_OptWing,TMOTOR_U15XXL_KV29,62.0,Farasis_24S2P_106Ah,106000,24,88844.3,21242.3,67602.0,31315.0,68.03594351732991,True,1075.0532184238602,65846.06347955423,40153.93652044577,50.0,40.0,73.5,59.5,50.0,40.0
TailSitter_Quad_Compact_OptWing,TMOTOR_U15XXL_KV29,62.0,ZYE_UltraHV_24S_66Ah,66000,24,66442.3,21242.3,45200.0,32085.0,42.36200256739409,True,1072.0066431968569,55684.725432336665,10315.274567663335,42.5,40.0,67.0,56.0,42.5,40.0
TailSitter_Quad_Compact_OptWing,TMOTOR_U15XXL_KV29,62.0,Grepow_TARBG_24S_30Ah,30000,24,54787.3,21242.3,33545.0,34889.78,19.25545571245186,False,1070.815918921991,50377.70995095197,-20377.70995095197,40.0,40.0,65.5,54.0,40.0,40.0
TailSitter_Quad_Compact_OptWing,TMOTOR_U15XXL_KV29,62.0,Amprius_SA08_24S1P_11Ah,11050,24,48142.3,21242.3,26900.0,34227.0,7.092426187419768,False,1069.2438374660944,47814.79387120089,-36764.79387120089,40.0,40.0,65.0,53.0,40.0,40.0
TailSitter_Quad_Compact_OptWing,TMOTOR_U15XXL_KV29,62.0,Amprius_SA08_24S2P_22Ah,22100,24,50842.3,21242.3,29600.0,38867.0,14.184852374839537,False,1069.5228612386456,49065.922510558645,-26965.922510558645,40.0,40.0,65.5,53.5,40.0,40.0
TailSitter_Quad_Compact_OptWing,TMOTOR_U15XXL_KV29,62.0,Amprius_SA88_24S1P_10Ah,10500,24,47889.3,21242.3,26647.0,31531.0,6.7394094993581515,False,1069.0779097580728,47807.03391619367,-37307.03391619367,40.0,40.0,65.0,53.0,40.0,40.0
TailSitter_Quad_Compact_OptWing,TMOTOR_U15XXL_KV29,62.0,Amprius_SA88_24S2P_21Ah,21000,24,50335.3,21242.3,29093.0,33475.0,13.478818998716303,False,1069.2311238544514,49052.187451860074,-28052.187451860074,40.0,40.0,65.5,53.5,40.0,40.0
TailSitter_Quad_Compact_OptWing,TMOTOR_U15XXL_KV29,62.0,Grepow_NMC811_24S1P_87Ah,87000,24,67863.3,21242.3,46621.0,44965.12,55.84082156611039,True,1073.09524741332,55760.789282251084,31239.210717748916,43.0,40.0,67.5,56.0,43.0,40.0
TailSitter_Quad_Compact_OptWing,TMOTOR_U15XXL_KV29,62.0,Grepow_NMC811_24S2P_24Ah,24000,24,51974.3,21242.3,30732.0,33829.24,15.404364569961489,False,1070.4103749985313,49108.744100917655,-25108.744100917655,40.0,40.0,65.5,53.5,40.0,40.0
TailSitter_Quad_Compact_OptWing,TMOTOR_U15XXL_KV29,62.0,Amprius_SA88_24S4P_42Ah,42000,24,55230.3,21242.3,33988.0,37363.0,26.957637997432606,False,1071.1467174677675,50400.86060434534,-8400.86060434534,40.0,40.0,66.0,54.0,40.0,40.0
TailSitter_Quad_Compact_OptWing,TMOTOR_U15XXL_KV29,62.0,Amprius_SA88_24S6P_63Ah,63000,24,60124.3,21242.3,38882.0,41251.0,40.436456996148905,True,1071.3306934683587,52932.49938759756,10067.500612402437,40.0,40.0,66.5,55.0,40.0,40.0
TailSitter_Quad_Compact_OptWing,TMOTOR_U15XXL_KV29,62.0,Grepow_NMC811_small_24S4P_48Ah,48000,24,58506.3,21242.3,37264.0,38071.479999999996,30.808729139922978,False,1072.1329602020746,51708.182633197874,-3708.1826331978737,40.0,40.0,66.0,54.5,40.0,40.0
TailSitter_Quad_Balanced_OptWing,HOBBYWING_H13MD_coaxial_axis,54.0,YANGDA_XTurbo_24S_44Ah,44000,24,46384.6,22074.6,24310.0,7800.0,31.89619271424585,False,1069.4763451893114,54475.09508646145,-10475.09508646145,40.0,40.0,72.0,60.5,40.0,40.0
TailSitter_Quad_Balanced_OptWing,HOBBYWING_H13MD_coaxial_axis,54.0,TATTU_NEO_24S_30Ah,30000,24,50554.6,22074.6,28480.0,5668.98,21.747404123349444,False,1070.9028796431232,55871.40075613939,-25871.40075613939,40.5,40.0,72.5,61.0,40.5,40.0
TailSitter_Quad_Balanced_OptWing,HOBBYWING_H13MD_coaxial_axis,54.0,MAD_24S_55Ah_solid_state,55000,24,50222.6,22074.6,28148.0,9372.0,39.87024089280731,False,1070.743348143832,55859.648640034706,-859.6486400347057,40.0,40.0,72.5,61.0,40.0,40.0
TailSitter_Quad_Balanced_OptWing,HOBBYWING_H13MD_coaxial_axis,54.0,MAD_24S_100Ah_solid_state,100000,24,63859.6,22074.6,41785.0,17040.0,72.49134707783148,True,1072.0212802975575,62731.83624164021,37268.16375835979,50.0,40.0,75.0,63.5,50.0,40.0
TailSitter_Quad_Balanced_OptWing,HOBBYWING_H13MD_coaxial_axis,54.0,12Sx2_series_24S_66Ah,66000,24,54954.6,22074.6,32880.0,11853.6,47.84428907136877,True,1070.8325105647,58540.93768479679,7459.062315203213,44.5,40.0,73.5,62.0,44.5,40.0
TailSitter_Quad_Balanced_OptWing,HOBBYWING_H13MD_coaxial_axis,54.0,12Sx4_2P2S_24S_132Ah,132000,24,76354.6,22074.6,54280.0,23707.2,95.68857814273754,True,1076.5953305504208,68688.76303768867,63311.23696231133,53.5,40.0,77.5,65.5,53.5,40.0
TailSitter_Quad_Balanced_OptWing,HOBBYWING_H13MD_coaxial_axis,54.0,Farasis_24S1P_53Ah,53000,24,55255.6,22074.6,33181.0,864.0,38.42041395125068,False,1071.0055764080344,58549.792775225586,-5549.7927752255855,44.5,40.0,73.5,62.0,44.5,40.0
TailSitter_Quad_Balanced_OptWing,HOBBYWING_H13MD_coaxial_axis,54.0,Farasis_24S2P_106Ah,106000,24,76956.6,22074.6,54882.0,1728.0,76.84082790250136,True,1078.231788644411,68784.97696009114,37215.02303990886,54.0,40.0,77.5,65.5,54.0,40.0
TailSitter_Quad_Balanced_OptWing,HOBBYWING_H13MD_coaxial_axis,54.0,ZYE_UltraHV_24S_66Ah,66000,24,54554.6,22074.6,32480.0,2498.0,47.84428907136877,True,1072.3388378954637,57299.9573228156,8700.0426771844,44.0,40.0,73.5,61.5,44.0,40.0
TailSitter_Quad_Balanced_OptWing,HOBBYWING_H13MD_coaxial_axis,54.0,Grepow_TARBG_24S_30Ah,30000,24,42899.6,22074.6,20825.0,5302.78,21.747404123349444,False,1069.8210107459306,51769.755733099046,-21769.755733099046,40.0,40.0,71.0,59.5,40.0,40.0
TailSitter_Quad_Balanced_OptWing,HOBBYWING_H13MD_coaxial_axis,54.0,Amprius_SA08_24S1P_11Ah,11050,24,36254.6,22074.6,14180.0,4640.0,8.010293852100379,False,1068.0905105987492,48905.88349707666,-37855.88349707666,40.0,40.0,69.5,58.5,40.0,40.0
TailSitter_Quad_Balanced_OptWing,HOBBYWING_H13MD_coaxial_axis,54.0,Amprius_SA08_24S2P_22Ah,22100,24,38954.6,22074.6,16880.0,9280.0,16.020587704200757,False,1068.465318258951,50313.82055709346,-28213.82055709346,40.0,40.0,70.0,59.0,40.0,40.0
TailSitter_Quad_Balanced_OptWing,HOBBYWING_H13MD_coaxial_axis,54.0,Amprius_SA88_24S1P_10Ah,10500,24,36001.6,22074.6,13927.0,1944.0,7.611591443172305,False,1067.92114113678,48897.84971703416,-38397.84971703416,40.0,40.0,69.5,58.5,40.0,40.0
TailSitter_Quad_Balanced_OptWing,HOBBYWING_H13MD_coaxial_axis,54.0,Amprius_SA88_24S2P_21Ah,21000,24,38447.6,22074.6,16373.0,3888.0,15.22318288634461,False,1068.1668949297061,50299.62792666603,-29299.627926666028,40.0,40.0,70.0,59.0,40.0,40.0
TailSitter_Quad_Balanced_OptWing,HOBBYWING_H13MD_coaxial_axis,54.0,Grepow_NMC811_24S1P_87Ah,87000,24,55975.6,22074.6,33901.0,15378.12,63.06747195771338,True,1071.296277242969,58574.66607659836,28425.33392340164,45.0,40.0,74.0,62.0,45.0,40.0
TailSitter_Quad_Balanced_OptWing,HOBBYWING_H13MD_coaxial_axis,54.0,Grepow_NMC811_24S2P_24Ah,24000,24,40086.6,22074.6,18012.0,4242.24,17.397923298679554,False,1069.401581329799,50364.25244126576,-26364.25244126576,40.0,40.0,70.5,59.0,40.0,40.0
TailSitter_Quad_Balanced_OptWing,HOBBYWING_H13MD_coaxial_axis,54.0,Amprius_SA88_24S4P_42Ah,42000,24,43342.6,22074.6,21268.0,7776.0,30.44636577268922,False,1070.570447208322,51809.4750523599,-9809.4750523599,40.0,40.0,71.0,59.5,40.0,40.0
TailSitter_Quad_Balanced_OptWing,HOBBYWING_H13MD_coaxial_axis,54.0,Amprius_SA88_24S6P_63Ah,63000,24,48236.6,22074.6,26162.0,11664.0,45.66954865903383,True,1070.6666638754725,54533.9976162735,8466.002383726503,40.0,40.0,72.0,60.5,40.0,40.0
TailSitter_Quad_Balanced_OptWing,HOBBYWING_H13MD_coaxial_axis,54.0,Grepow_NMC811_small_24S4P_48Ah,48000,24,46618.6,22074.6,24544.0,8484.48,34.79584659735911,False,1069.595848065298,54480.75340538043,-6480.753405380427,40.0,40.0,72.0,60.5,40.0,40.0
TailSitter_Quad_Balanced_OptWing,HOBBYWING_H15MD_PLUS_coaxial_axis,73.0,YANGDA_XTurbo_24S_44Ah,44000,24,56932.1,22502.1,34430.0,7800.0,19.570535448390952,False,1067.6253834901938,47710.7171705061,-3710.7171705060973,40.0,40.0,51.0,43.0,40.0,40.0
TailSitter_Quad_Balanced_OptWing,HOBBYWING_H15MD_PLUS_coaxial_axis,73.0,TATTU_NEO_24S_30Ah,30000,24,61102.1,22502.1,38600.0,5668.98,13.343546896630194,False,1068.0709727859853,49190.856799472334,-19190.856799472334,40.0,40.0,51.5,43.5,40.0,40.0
TailSitter_Quad_Balanced_OptWing,HOBBYWING_H15MD_PLUS_coaxial_axis,73.0,MAD_24S_55Ah_solid_state,55000,24,60770.1,22502.1,38268.0,9372.0,24.463169310488688,True,1067.8967780277171,49182.34928935788,5817.6507106421195,40.0,40.0,51.5,43.5,40.0,40.0
TailSitter_Quad_Balanced_OptWing,HOBBYWING_H15MD_PLUS_coaxial_axis,73.0,MAD_24S_100Ah_solid_state,100000,24,74407.1,22502.1,51905.0,17040.0,44.47848965543398,True,1069.7750928071996,53875.07772696345,46124.92227303655,40.0,40.0,53.5,45.0,40.0,40.0
TailSitter_Quad_Balanced_OptWing,HOBBYWING_H15MD_PLUS_coaxial_axis,73.0,12Sx2_series_24S_66Ah,66000,24,65502.1,22502.1,43000.0,11853.6,29.355803172586427,True,1068.5408663476749,50711.85411613803,15288.145883861973,40.0,40.0,52.5,44.0,40.0,40.0
TailSitter_Quad_Balanced_OptWing,HOBBYWING_H15MD_PLUS_coaxial_axis,73.0,12Sx4_2P2S_24S_132Ah,132000,24,86902.1,22502.1,64400.0,23707.2,58.711606345172854,True,1071.1044006770194,58892.78041909744,73107.21958090256,40.0,40.0,55.0,46.5,40.0,40.0
TailSitter_Quad_Balanced_OptWing,HOBBYWING_H15MD_PLUS_coaxial_axis,73.0,Farasis_24S1P_53Ah,53000,24,65803.1,22502.1,43301.0,864.0,23.57359951738001,True,1068.7382576646673,50721.783974081925,2278.2160259180746,40.0,40.0,52.5,44.0,40.0,40.0
TailSitter_Quad_Balanced_OptWing,HOBBYWING_H15MD_PLUS_coaxial_axis,73.0,Farasis_24S2P_106Ah,106000,24,87504.1,22502.1,65002.0,1728.0,47.14719903476002,True,1071.381757328883,58914.238763274865,47085.761236725135,40.0,40.0,55.5,46.5,40.0,40.0
TailSitter_Quad_Balanced_OptWing,HOBBYWING_H15MD_PLUS_coaxial_axis,73.0,ZYE_UltraHV_24S_66Ah,66000,24,65102.1,22502.1,42600.0,2498.0,29.355803172586427,True,1068.3166826482843,50700.58610597658,15299.413894023419,40.0,40.0,52.5,44.0,40.0,40.0
TailSitter_Quad_Balanced_OptWing,HOBBYWING_H15MD_PLUS_coaxial_axis,73.0,Grepow_TARBG_24S_30Ah,30000,24,53447.1,22502.1,30945.0,5302.78,13.343546896630194,False,1067.5935341208522,46295.43068410192,-16295.43068410192,40.0,40.0,50.5,42.5,40.0,40.0
TailSitter_Quad_Balanced_OptWing,HOBBYWING_H15MD_PLUS_coaxial_axis,73.0,Amprius_SA08_24S1P_11Ah,11050,24,46802.1,22502.1,24300.0,4640.0,4.914873106925454,False,1066.0775898846907,44865.095108898975,-33815.095108898975,40.0,40.0,49.5,42.0,40.0,40.0
TailSitter_Quad_Balanced_OptWing,HOBBYWING_H15MD_PLUS_coaxial_axis,73.0,Amprius_SA08_24S2P_22Ah,22100,24,49502.1,22502.1,27000.0,9280.0,9.829746213850909,False,1067.2347618021026,44921.65351353468,-22821.65351353468,40.0,40.0,50.0,42.0,40.0,40.0
TailSitter_Quad_Balanced_OptWing,HOBBYWING_H15MD_PLUS_coaxial_axis,73.0,Amprius_SA88_24S1P_10Ah,10500,24,46549.1,22502.1,24047.0,1944.0,4.670241413820568,False,1065.997179583679,44861.45954629486,-34361.45954629486,40.0,40.0,49.5,42.0,40.0,40.0
TailSitter_Quad_Balanced_OptWing,HOBBYWING_H15MD_PLUS_coaxial_axis,73.0,Amprius_SA88_24S2P_21Ah,21000,24,48995.1,22502.1,26493.0,3888.0,9.340482827641136,False,1066.8918083816282,44906.410409425094,-23906.410409425094,40.0,40.0,50.0,42.0,40.0,40.0
TailSitter_Quad_Balanced_OptWing,HOBBYWING_H15MD_PLUS_coaxial_axis,73.0,Grepow_NMC811_24S1P_87Ah,87000,24,66523.1,22502.1,44021.0,15378.12,38.69628600022756,True,1069.4115338639206,50755.70400186093,36244.29599813907,40.0,40.0,52.5,44.0,40.0,40.0
TailSitter_Quad_Balanced_OptWing,HOBBYWING_H15MD_PLUS_coaxial_axis,73.0,Grepow_NMC811_24S2P_24Ah,24000,24,50634.1,22502.1,28132.0,4242.24,10.674837517304155,False,1066.4193639401196,46236.33517925162,-22236.33517925162,40.0,40.0,50.0,42.5,40.0,40.0
TailSitter_Quad_Balanced_OptWing,HOBBYWING_H15MD_PLUS_coaxial_axis,73.0,Amprius_SA88_24S4P_42Ah,42000,24,53890.1,22502.1,31388.0,7776.0,18.68096565528227,False,1067.9940858237815,46313.74934046775,-4313.749340467752,40.0,40.0,50.5,42.5,40.0,40.0
TailSitter_Quad_Balanced_OptWing,HOBBYWING_H15MD_PLUS_coaxial_axis,73.0,Amprius_SA88_24S6P_63Ah,63000,24,58784.1,22502.1,36282.0,11664.0,28.021448482923407,True,1067.125480810707,49144.671869621125,13855.328130378875,40.0,40.0,51.5,43.5,40.0,40.0
TailSitter_Quad_Balanced_OptWing,HOBBYWING_H15MD_PLUS_coaxial_axis,73.0,Grepow_NMC811_small_24S4P_48Ah,48000,24,57166.1,22502.1,34664.0,8484.48,21.34967503460831,True,1067.7616327530523,47717.1738057602,282.82619423980213,40.0,40.0,51.0,43.0,40.0,40.0
TailSitter_Quad_Balanced_OptWing,HOBBYWING_H15MD_coaxial_axis,64.0,YANGDA_XTurbo_24S_44Ah,44000,24,50465.6,22299.6,28166.0,7800.0,23.409821106542246,False,1069.4376441162478,47309.09219137798,-3309.092191377982,40.0,40.0,53.5,45.5,40.0,40.0
TailSitter_Quad_Balanced_OptWing,HOBBYWING_H15MD_coaxial_axis,64.0,TATTU_NEO_24S_30Ah,30000,24,54635.6,22299.6,32336.0,5668.98,15.961241663551531,False,1067.8577072258847,50241.70434664579,-20241.70434664579,40.0,40.0,54.5,46.5,40.0,40.0
TailSitter_Quad_Balanced_OptWing,HOBBYWING_H15MD_coaxial_axis,64.0,MAD_24S_55Ah_solid_state,55000,24,54303.6,22299.6,32004.0,9372.0,29.26227638317781,True,1069.941793246344,48825.41843486191,6174.581565138091,40.0,40.0,54.5,46.0,40.0,40.0
TailSitter_Quad_Balanced_OptWing,HOBBYWING_H15MD_coaxial_axis,64.0,MAD_24S_100Ah_solid_state,100000,24,67940.6,22299.6,45641.0,17040.0,53.204138878505105,True,1070.1941976862092,55182.21477810536,44817.78522189464,40.0,40.0,56.0,48.0,40.0,40.0
TailSitter_Quad_Balanced_OptWing,HOBBYWING_H15MD_coaxial_axis,64.0,12Sx2_series_24S_66Ah,66000,24,59035.6,22299.6,36736.0,11853.6,35.11473165981337,True,1068.573628163425,51842.03267871476,14157.967321285243,40.0,40.0,55.0,47.0,40.0,40.0
TailSitter_Quad_Balanced_OptWing,HOBBYWING_H15MD_coaxial_axis,64.0,12Sx4_2P2S_24S_132Ah,132000,24,80435.6,22299.6,58136.0,23707.2,70.22946331962675,True,1071.848964866754,60538.64955212204,71461.35044787795,41.0,40.0,58.0,49.5,41.0,40.0
TailSitter_Quad_Balanced_OptWing,HOBBYWING_H15MD_coaxial_axis,64.0,Farasis_24S1P_53Ah,53000,24,59336.6,22299.6,37037.0,864.0,28.198193605607706,True,1068.6999398169046,51848.343932419855,1151.6560675801447,40.0,40.0,55.0,47.0,40.0,40.0
TailSitter_Quad_Balanced_OptWing,HOBBYWING_H15MD_coaxial_axis,64.0,Farasis_24S2P_106Ah,106000,24,81037.6,22299.6,58738.0,1728.0,56.39638721121541,True,1071.9642880539902,60560.798209544104,45439.201790455896,41.5,40.0,58.0,49.5,41.5,40.0
TailSitter_Quad_Balanced_OptWing,HOBBYWING_H15MD_coaxial_axis,64.0,ZYE_UltraHV_24S_66Ah,66000,24,58635.6,22299.6,36336.0,2498.0,35.11473165981337,True,1068.4164974015741,51834.21708441364,14165.782915586358,40.0,40.0,55.0,47.0,40.0,40.0
TailSitter_Quad_Balanced_OptWing,HOBBYWING_H15MD_coaxial_axis,64.0,Grepow_TARBG_24S_30Ah,30000,24,46980.6,22299.6,24681.0,5302.78,15.961241663551531,False,1067.0039453122347,47188.84691192136,-17188.846911921362,40.0,40.0,53.0,45.5,40.0,40.0
TailSitter_Quad_Balanced_OptWing,HOBBYWING_H15MD_coaxial_axis,64.0,Amprius_SA08_24S1P_11Ah,11050,24,40335.6,22299.6,18036.0,4640.0,5.879057346074815,False,1066.4179523901753,44307.967890487314,-33257.967890487314,40.0,40.0,52.0,44.5,40.0,40.0
TailSitter_Quad_Balanced_OptWing,HOBBYWING_H15MD_coaxial_axis,64.0,Amprius_SA08_24S2P_22Ah,22100,24,43035.6,22299.6,20736.0,9280.0,11.75811469214963,False,1068.5582514924718,44408.086996111335,-22308.086996111335,40.0,40.0,52.5,44.5,40.0,40.0
TailSitter_Quad_Balanced_OptWing,HOBBYWING_H15MD_coaxial_axis,64.0,Amprius_SA88_24S1P_10Ah,10500,24,40082.6,22299.6,17783.0,1944.0,5.586434582243036,False,1066.3190010405042,44303.59522146973,-33803.59522146973,40.0,40.0,52.0,44.5,40.0,40.0
TailSitter_Quad_Balanced_OptWing,HOBBYWING_H15MD_coaxial_axis,64.0,Amprius_SA88_24S2P_21Ah,21000,24,42528.6,22299.6,20229.0,3888.0,11.172869164486071,False,1067.649082199801,44367.565114307625,-23367.565114307625,40.0,40.0,52.5,44.5,40.0,40.0
TailSitter_Quad_Balanced_OptWing,HOBBYWING_H15MD_coaxial_axis,64.0,Grepow_NMC811_24S1P_87Ah,87000,24,60056.6,22299.6,37757.0,15378.12,46.28760082429944,True,1069.0403086659574,51865.48056196939,35134.51943803061,40.0,40.0,55.0,47.0,40.0,40.0
TailSitter_Quad_Balanced_OptWing,HOBBYWING_H15MD_coaxial_axis,64.0,Grepow_NMC811_24S2P_24Ah,24000,24,44167.6,22299.6,21868.0,4242.24,12.768993330841225,False,1066.799905130845,45738.977458170004,-21738.977458170004,40.0,40.0,53.0,45.0,40.0,40.0
TailSitter_Quad_Balanced_OptWing,HOBBYWING_H15MD_coaxial_axis,64.0,Amprius_SA88_24S4P_42Ah,42000,24,47423.6,22299.6,25124.0,7776.0,22.345738328972143,False,1067.056549190454,47196.38587997081,-5196.3858799708105,40.0,40.0,53.5,45.5,40.0,40.0
TailSitter_Quad_Balanced_OptWing,HOBBYWING_H15MD_coaxial_axis,64.0,Amprius_SA88_24S6P_63Ah,63000,24,52317.6,22299.6,30018.0,11664.0,33.51860749345822,True,1068.0082059339195,48725.24140887409,14274.758591125908,40.0,40.0,54.0,46.0,40.0,40.0
TailSitter_Quad_Balanced_OptWing,HOBBYWING_H15MD_coaxial_axis,64.0,Grepow_NMC811_small_24S4P_48Ah,48000,24,50699.6,22299.6,28400.0,8484.48,25.53798666168245,False,1067.3344690245467,48693.022384500466,-693.0223845004657,40.0,40.0,54.0,46.0,40.0,40.0
TailSitter_Quad_Balanced_OptWing,M50C35_PRO_EEE_34kv,30.0,YANGDA_XTurbo_24S_44Ah,44000,24,41564.6,21534.6,20030.0,11200.0,28.16619373703088,False,1067.5989230347898,45763.67361869684,-1763.673618696841,40.0,40.0,61.0,50.5,40.0,40.0
TailSitter_Quad_Balanced_OptWing,M50C35_PRO_EEE_34kv,30.0,TATTU_NEO_24S_30Ah,30000,24,45734.6,21534.6,24200.0,9068.98,19.204223002521054,False,1068.9951510712272,46816.924710010935,-16816.924710010935,40.0,40.0,62.0,51.0,40.0,40.0
TailSitter_Quad_Balanced_OptWing,M50C35_PRO_EEE_34kv,30.0,MAD_24S_55Ah_solid_state,55000,24,45402.6,21534.6,23868.0,12772.0,35.2077421712886,True,1068.689223690405,46802.559936737285,8197.440063262715,40.0,40.0,62.0,51.0,40.0,40.0
TailSitter_Quad_Balanced_OptWing,M50C35_PRO_EEE_34kv,30.0,MAD_24S_100Ah_solid_state,100000,24,59039.6,21534.6,37505.0,20440.0,64.01407667507019,True,1071.0871753229196,52349.65531895893,47650.34468104107,40.0,40.0,65.0,53.5,40.0,40.0
TailSitter_Quad_Balanced_OptWing,M50C35_PRO_EEE_34kv,30.0,12Sx2_series_24S_66Ah,66000,24,50134.6,21534.6,28600.0,15253.6,42.24929060554632,True,1069.1494975105413,48901.22460377251,17098.775396227487,40.0,40.0,63.0,52.0,40.0,40.0
TailSitter_Quad_Balanced_OptWing,M50C35_PRO_EEE_34kv,30.0,12Sx4_2P2S_24S_132Ah,132000,24,71534.6,21534.6,50000.0,27107.2,84.49858121109264,True,1071.9169255731172,58539.36833155035,73460.63166844964,42.5,40.0,68.0,56.0,42.5,40.0
TailSitter_Quad_Balanced_OptWing,M50C35_PRO_EEE_34kv,30.0,Farasis_24S1P_53Ah,53000,24,50435.6,21534.6,28901.0,4264.0,33.9274606377872,True,1069.3503641791008,48910.81286943381,4089.1871305661916,40.0,40.0,63.0,52.0,40.0,40.0
TailSitter_Quad_Balanced_OptWing,M50C35_PRO_EEE_34kv,30.0,Farasis_24S2P_106Ah,106000,24,72136.6,21534.6,50602.0,5128.0,67.8549212755744,True,1072.0304791913477,58556.74626598156,47443.25373401844,43.0,40.0,68.0,56.0,43.0,40.0
TailSitter_Quad_Balanced_OptWing,M50C35_PRO_EEE_34kv,30.0,ZYE_UltraHV_24S_66Ah,66000,24,49734.6,21534.6,28200.0,5898.0,42.24929060554632,True,1068.9160829752643,48890.20198927791,17109.798010722086,40.0,40.0,63.0,52.0,40.0,40.0
TailSitter_Quad_Balanced_OptWing,M50C35_PRO_EEE_34kv,30.0,Grepow_TARBG_24S_30Ah,30000,24,38079.6,21534.6,16545.0,8702.779999999999,19.204223002521054,False,1067.7865503661997,43900.67621155563,-13900.676211555627,40.0,40.0,60.5,49.5,40.0,40.0
TailSitter_Quad_Balanced_OptWing,M50C35_PRO_EEE_34kv,30.0,Amprius_SA08_24S1P_11Ah,11050,24,31434.6,21534.6,9900.0,8040.0,7.073555472595255,False,1066.1060743673925,41987.23460327394,-30937.234603273937,40.0,40.0,59.0,48.5,40.0,40.0
TailSitter_Quad_Balanced_OptWing,M50C35_PRO_EEE_34kv,30.0,Amprius_SA08_24S2P_22Ah,22100,24,34134.6,21534.6,12600.0,12680.0,14.14711094519051,False,1066.553189726316,42922.270146689545,-20822.270146689545,40.0,40.0,59.5,49.0,40.0,40.0
TailSitter_Quad_Balanced_OptWing,M50C35_PRO_EEE_34kv,30.0,Amprius_SA88_24S1P_10Ah,10500,24,31181.6,21534.6,9647.0,5344.0,6.721478050882369,False,1067.4376767717374,41134.96208383599,-30634.96208383599,40.0,40.0,59.0,48.0,40.0,40.0
TailSitter_Quad_Balanced_OptWing,M50C35_PRO_EEE_34kv,30.0,Amprius_SA88_24S2P_21Ah,21000,24,33627.6,21534.6,12093.0,7288.0,13.442956101764738,False,1067.7531163971305,42060.029517236995,-21060.029517236995,40.0,40.0,59.5,48.5,40.0,40.0
TailSitter_Quad_Balanced_OptWing,M50C35_PRO_EEE_34kv,30.0,Grepow_NMC811_24S1P_87Ah,87000,24,51155.6,21534.6,29621.0,18778.120000000003,55.69224670731106,True,1069.9261959570217,48942.42966469489,38057.57033530511,40.0,40.0,63.5,52.0,40.0,40.0
TailSitter_Quad_Balanced_OptWing,M50C35_PRO_EEE_34kv,30.0,Grepow_NMC811_24S2P_24Ah,24000,24,35266.6,21534.6,13732.0,7642.24,15.363378402016844,False,1067.1451373292928,42950.77782311457,-18950.77782311457,40.0,40.0,60.0,49.0,40.0,40.0
TailSitter_Quad_Balanced_OptWing,M50C35_PRO_EEE_34kv,30.0,Amprius_SA88_24S4P_42Ah,42000,24,38522.6,21534.6,16988.0,11176.0,26.885912203529475,False,1068.3548476151154,43926.025962276864,-1926.0259622768644,40.0,40.0,60.5,49.5,40.0,40.0
TailSitter_Quad_Balanced_OptWing,M50C35_PRO_EEE_34kv,30.0,Amprius_SA88_24S6P_63Ah,63000,24,43416.6,21534.6,21882.0,15064.0,40.328868305294215,True,1068.911188591108,45826.984224062995,17173.015775937005,40.0,40.0,61.5,50.5,40.0,40.0
TailSitter_Quad_Balanced_OptWing,M50C35_PRO_EEE_34kv,30.0,Grepow_NMC811_small_24S4P_48Ah,48000,24,41798.6,21534.6,20264.0,11884.48,30.726756804033688,True,1067.6411735224196,45768.885881848604,2231.114118151396,40.0,40.0,61.5,50.5,40.0,40.0
TailSitter_Quad_Balanced_OptWing,TMOTOR_U15L_KV43,47.0,YANGDA_XTurbo_24S_44Ah,44000,24,50427.1,21917.1,28510.0,25087.0,39.473684210526315,False,1072.748912037452,61195.20271102979,-17195.202711029793,44.5,40.0,88.5,67.0,44.5,40.0
TailSitter_Quad_Balanced_OptWing,TMOTOR_U15L_KV43,47.0,TATTU_NEO_24S_30Ah,30000,24,54597.1,21917.1,32680.0,22955.98,26.913875598086126,False,1074.1051678834297,63833.46902552855,-33833.46902552855,45.5,40.0,89.5,69.5,45.5,40.0
TailSitter_Quad_Balanced_OptWing,TMOTOR_U15L_KV43,47.0,MAD_24S_55Ah_solid_state,55000,24,54265.1,21917.1,32348.0,26659.0,49.3421052631579,False,1073.5038541389345,63796.16858808442,-8796.168588084423,45.5,40.0,89.5,69.5,45.5,40.0
TailSitter_Quad_Balanced_OptWing,TMOTOR_U15L_KV43,47.0,MAD_24S_100Ah_solid_state,100000,24,67902.1,21917.1,45985.0,34327.0,75.73475121411295,True,1074.95410420537,73285.02279907795,26714.977200922047,51.0,42.5,93.0,72.0,51.0,42.5
TailSitter_Quad_Balanced_OptWing,TMOTOR_U15L_KV43,47.0,12Sx2_series_24S_66Ah,66000,24,58997.1,21917.1,37080.0,29140.6,59.21052631578948,False,1074.753236983745,67596.0064490236,-1596.0064490235964,47.0,40.0,90.5,71.0,47.0,40.0
TailSitter_Quad_Balanced_OptWing,TMOTOR_U15L_KV43,47.0,12Sx4_2P2S_24S_132Ah,132000,24,80397.1,21917.1,58480.0,40994.2,79.53971061559997,True,1075.1520582752337,82473.29077693447,49526.709223065525,57.5,45.5,100.0,73.5,57.5,45.5
TailSitter_Quad_Balanced_OptWing,TMOTOR_U15L_KV43,47.0,Farasis_24S1P_53Ah,53000,24,59298.1,21917.1,37381.0,18151.0,47.547846889952154,False,1075.060549594948,67613.67374144324,-14613.673741443243,47.5,40.0,90.5,71.0,47.5,40.0
TailSitter_Quad_Balanced_OptWing,TMOTOR_U15L_KV43,47.0,Farasis_24S2P_106Ah,106000,24,80999.1,21917.1,59082.0,19015.0,63.220996626219176,True,1075.9328626265828,82512.54257344925,23487.457426550754,57.5,45.5,100.0,73.5,57.5,45.5
TailSitter_Quad_Balanced_OptWing,TMOTOR_U15L_KV43,47.0,ZYE_UltraHV_24S_66Ah,66000,24,58597.1,21917.1,36680.0,19785.0,59.21052631578948,False,1074.211144410239,67576.28863870147,-1576.2886387014732,47.0,40.0,90.5,71.0,47.0,40.0
TailSitter_Quad_Balanced_OptWing,TMOTOR_U15L_KV43,47.0,Grepow_TARBG_24S_30Ah,30000,24,46942.1,21917.1,25025.0,22589.78,26.913875598086126,False,1072.4710503214728,58980.786451768705,-28980.786451768705,43.0,40.0,87.5,65.0,43.0,40.0
TailSitter_Quad_Balanced_OptWing,TMOTOR_U15L_KV43,47.0,Amprius_SA08_24S1P_11Ah,11050,24,40297.1,21917.1,18380.0,21927.0,9.913277511961724,False,1071.004438952737,55787.872593147295,-44737.872593147295,40.5,40.0,81.0,63.5,40.5,40.0
TailSitter_Quad_Balanced_OptWing,TMOTOR_U15L_KV43,47.0,Amprius_SA08_24S2P_22Ah,22100,24,42997.1,21917.1,21080.0,26567.0,19.826555023923447,False,1071.5748264755925,57010.45269081287,-34910.45269081287,41.5,40.0,83.5,64.0,41.5,40.0
TailSitter_Quad_Balanced_OptWing,TMOTOR_U15L_KV43,47.0,Amprius_SA88_24S1P_10Ah,10500,24,40044.1,21917.1,18127.0,19231.0,9.419856459330145,False,1070.8021797955096,55778.181447856754,-45278.181447856754,40.5,40.0,81.0,63.5,40.5,40.0
TailSitter_Quad_Balanced_OptWing,TMOTOR_U15L_KV43,47.0,Amprius_SA88_24S2P_21Ah,21000,24,42490.1,21917.1,20573.0,21175.0,18.83971291866029,False,1071.1264890898626,56986.12536546621,-35986.12536546621,41.5,40.0,83.0,64.0,41.5,40.0
TailSitter_Quad_Balanced_OptWing,TMOTOR_U15L_KV43,47.0,Grepow_NMC811_24S1P_87Ah,87000,24,60018.1,21917.1,38101.0,32665.120000000003,77.71144147090094,True,1074.7526848366406,67778.62579040186,19221.374209598143,47.5,40.5,90.5,71.0,47.5,40.5
TailSitter_Quad_Balanced_OptWing,TMOTOR_U15L_KV43,47.0,Grepow_NMC811_24S2P_24Ah,24000,24,44129.1,21917.1,22212.0,21529.239999999998,21.5311004784689,False,1071.2195444188073,58032.97564989921,-34032.97564989921,42.0,40.0,84.5,64.5,42.0,40.0
TailSitter_Quad_Balanced_OptWing,TMOTOR_U15L_KV43,47.0,Amprius_SA88_24S4P_42Ah,42000,24,47385.1,21917.1,25468.0,25063.0,37.67942583732058,False,1071.6841628058055,59620.3062967431,-17620.306296743103,43.5,40.0,87.5,65.5,43.5,40.0
TailSitter_Quad_Balanced_OptWing,TMOTOR_U15L_KV43,47.0,Amprius_SA88_24S6P_63Ah,63000,24,52279.1,21917.1,30362.0,28951.0,56.51913875598086,True,1072.9065193874894,62545.403425475306,454.596574524694,45.0,40.0,89.0,68.5,45.0,40.0
TailSitter_Quad_Balanced_OptWing,TMOTOR_U15L_KV43,47.0,Grepow_NMC811_small_24S4P_48Ah,48000,24,50661.1,21917.1,28744.0,25771.48,43.0622009569378,False,1073.2422121833783,61225.99956808257,-13225.999568082567,44.5,40.0,88.5,67.0,44.5,40.0
TailSitter_Quad_Balanced_OptWing,TMOTOR_U15XL_KV38,52.0,YANGDA_XTurbo_24S_44Ah,44000,24,54211.6,22029.6,32182.0,32887.0,32.640949554896146,False,1071.8190637293865,58851.76669825982,-14851.766698259817,43.0,40.0,74.5,57.0,43.0,40.0
TailSitter_Quad_Balanced_OptWing,TMOTOR_U15XL_KV38,52.0,TATTU_NEO_24S_30Ah,30000,24,58381.6,22029.6,36352.0,30755.98,22.25519287833828,False,1072.9496776772664,60631.87913772914,-30631.87913772914,44.5,40.0,77.0,58.0,44.5,40.0
TailSitter_Quad_Balanced_OptWing,TMOTOR_U15XL_KV38,52.0,MAD_24S_55Ah_solid_state,55000,24,58049.6,22029.6,36020.0,34459.0,40.80118694362018,False,1072.379067341404,60596.700382619085,-5596.700382619085,44.5,40.0,77.0,58.0,44.5,40.0
TailSitter_Quad_Balanced_OptWing,TMOTOR_U15XL_KV38,52.0,MAD_24S_100Ah_solid_state,100000,24,71686.6,22029.6,49657.0,42127.0,74.1839762611276,True,1076.6389537527843,67771.02159090232,32228.978409097675,47.5,40.0,80.5,62.5,47.5,40.0
TailSitter_Quad_Balanced_OptWing,TMOTOR_U15XL_KV38,52.0,12Sx2_series_24S_66Ah,66000,24,62781.6,22029.6,40752.0,36940.6,48.961424332344215,True,1073.0377239455856,63088.183751772296,2911.816248227704,45.5,40.0,78.5,59.5,45.5,40.0
TailSitter_Quad_Balanced_OptWing,TMOTOR_U15XL_KV38,52.0,12Sx4_2P2S_24S_132Ah,132000,24,84181.6,22029.6,62152.0,48794.2,80.05517156002578,True,1076.7160234561452,75585.79490715223,56414.20509284777,51.0,43.5,82.5,66.0,51.0,43.5
TailSitter_Quad_Balanced_OptWing,TMOTOR_U15XL_KV38,52.0,Farasis_24S1P_53Ah,53000,24,63082.6,22029.6,41053.0,25951.0,39.317507418397625,False,1073.4344199750815,63112.56305007675,-10112.563050076751,45.5,40.0,78.5,59.5,45.5,40.0
TailSitter_Quad_Balanced_OptWing,TMOTOR_U15XL_KV38,52.0,Farasis_24S2P_106Ah,106000,24,84783.6,22029.6,62754.0,26815.0,63.685174633113405,True,1075.75563211663,76803.10816701563,29196.891832984373,51.0,43.5,82.5,66.5,51.0,43.5
TailSitter_Quad_Balanced_OptWing,TMOTOR_U15XL_KV38,52.0,ZYE_UltraHV_24S_66Ah,66000,24,62381.6,22029.6,40352.0,27585.0,48.961424332344215,True,1072.631854377816,63064.08844253763,2935.911557462372,45.5,40.0,78.5,59.5,45.5,40.0
TailSitter_Quad_Balanced_OptWing,TMOTOR_U15XL_KV38,52.0,Grepow_TARBG_24S_30Ah,30000,24,50726.6,22029.6,28697.0,30389.78,22.25519287833828,False,1071.5647288397702,57056.35175996274,-27056.351759962738,42.0,40.0,73.0,56.0,42.0,40.0
TailSitter_Quad_Balanced_OptWing,TMOTOR_U15XL_KV38,52.0,Amprius_SA08_24S1P_11Ah,11050,24,44081.6,22029.6,22052.0,29727.0,8.1973293768546,False,1070.3420655732623,54054.05925232788,-43004.05925232788,40.0,40.0,71.0,54.5,40.0,40.0
TailSitter_Quad_Balanced_OptWing,TMOTOR_U15XL_KV38,52.0,Amprius_SA08_24S2P_22Ah,22100,24,46781.6,22029.6,24752.0,34367.0,16.3946587537092,False,1071.25140041233,55121.325707569995,-33021.325707569995,40.5,40.0,71.5,55.0,40.5,40.0
TailSitter_Quad_Balanced_OptWing,TMOTOR_U15XL_KV38,52.0,Amprius_SA88_24S1P_10Ah,10500,24,43828.6,22029.6,21799.0,27031.0,7.7893175074183985,False,1070.1420983638525,54044.009545876266,-43544.009545876266,40.0,40.0,71.0,54.5,40.0,40.0
TailSitter_Quad_Balanced_OptWing,TMOTOR_U15XL_KV38,52.0,Amprius_SA88_24S2P_21Ah,21000,24,46274.6,22029.6,24245.0,28975.0,15.578635014836797,False,1070.929942422667,55093.93624535443,-34093.93624535443,40.0,40.0,71.5,55.0,40.0,40.0
TailSitter_Quad_Balanced_OptWing,TMOTOR_U15XL_KV38,52.0,Grepow_NMC811_24S1P_87Ah,87000,24,63802.6,22029.6,41773.0,40465.12,64.54005934718101,True,1072.952746738224,63891.40013943814,23108.59986056186,45.5,40.0,79.0,60.0,45.5,40.0
TailSitter_Quad_Balanced_OptWing,TMOTOR_U15XL_KV38,52.0,Grepow_NMC811_24S2P_24Ah,24000,24,47913.6,22029.6,25884.0,29329.239999999998,17.804154302670625,False,1070.744994494843,56065.05572574106,-32065.055725741062,41.0,40.0,72.0,55.5,41.0,40.0
TailSitter_Quad_Balanced_OptWing,TMOTOR_U15XL_KV38,52.0,Amprius_SA88_24S4P_42Ah,42000,24,51169.6,22029.6,29140.0,32863.0,31.157270029673594,False,1072.2443371060158,57095.36646032899,-15095.366460328987,42.0,40.0,73.0,56.0,42.0,40.0
TailSitter_Quad_Balanced_OptWing,TMOTOR_U15XL_KV38,52.0,Amprius_SA88_24S6P_63Ah,63000,24,56063.6,22029.6,34034.0,36751.0,46.73590504451039,True,1071.8555282772008,59725.588104936025,3274.411895063975,44.0,40.0,76.0,57.5,44.0,40.0
TailSitter_Quad_Balanced_OptWing,TMOTOR_U15XL_KV38,52.0,Grepow_NMC811_small_24S4P_48Ah,48000,24,54445.6,22029.6,32416.0,33571.479999999996,35.60830860534125,False,1071.8161140476896,58866.37501696002,-10866.375016960017,43.5,40.0,75.0,57.0,43.5,40.0
TailSitter_Quad_Balanced_OptWing,TMOTOR_U15XXL_KV29,62.0,YANGDA_XTurbo_24S_44Ah,44000,24,59284.6,22254.6,37030.0,37387.0,28.241335044929397,False,1070.2867986899396,52879.456167846314,-8879.456167846314,40.0,40.0,66.5,55.0,40.0,40.0
TailSitter_Quad_Balanced_OptWing,TMOTOR_U15XXL_KV29,62.0,TATTU_NEO_24S_30Ah,30000,24,63454.6,22254.6,41200.0,35255.979999999996,19.25545571245186,False,1071.16290149547,54244.69778310546,-24244.69778310546,41.0,40.0,67.0,55.5,41.0,40.0
TailSitter_Quad_Balanced_OptWing,TMOTOR_U15XXL_KV29,62.0,MAD_24S_55Ah_solid_state,55000,24,63122.6,22254.6,40868.0,38959.0,35.30166880616174,True,1071.2727964318806,54234.59856117724,765.4014388227588,40.5,40.0,66.5,55.5,40.5,40.0
TailSitter_Quad_Balanced_OptWing,TMOTOR_U15XXL_KV29,62.0,MAD_24S_100Ah_solid_state,100000,24,76759.6,22254.6,54505.0,46627.0,64.18485237483954,True,1072.4688995097283,60131.876844695595,39868.123155304405,46.0,40.0,68.5,57.5,46.0,40.0
TailSitter_Quad_Balanced_OptWing,TMOTOR_U15XXL_KV29,62.0,12Sx2_series_24S_66Ah,66000,24,67854.6,22254.6,45600.0,41440.6,42.36200256739409,True,1072.1807297259675,55710.154055199666,10289.845944800334,43.0,40.0,67.5,56.0,43.0,40.0
TailSitter_Quad_Balanced_OptWing,TMOTOR_U15XXL_KV29,62.0,12Sx4_2P2S_24S_132Ah,132000,24,89254.6,22254.6,67000.0,53294.2,84.72400513478819,True,1074.321511175598,65810.40666820697,66189.59333179303,50.0,40.0,73.5,59.5,50.0,40.0
TailSitter_Quad_Balanced_OptWing,TMOTOR_U15XXL_KV29,62.0,Farasis_24S1P_53Ah,53000,24,68155.6,22254.6,45901.0,30451.0,34.017971758664956,False,1072.5989674599907,55733.65675109808,-2733.656751098082,43.0,40.0,67.5,56.0,43.0,40.0
TailSitter_Quad_Balanced_OptWing,TMOTOR_U15XXL_KV29,62.0,Farasis_24S2P_106Ah,106000,24,89856.6,22254.6,67602.0,31315.0,68.03594351732991,True,1074.9278664915887,65844.90853014187,40155.09146985813,50.0,40.0,73.5,59.5,50.0,40.0
TailSitter_Quad_Balanced_OptWing,TMOTOR_U15XXL_KV29,62.0,ZYE_UltraHV_24S_66Ah,66000,24,67454.6,22254.6,45200.0,32085.0,42.36200256739409,True,1071.9428970309107,55688.01203461555,10311.987965384447,43.0,40.0,67.0,56.0,43.0,40.0
TailSitter_Quad_Balanced_OptWing,TMOTOR_U15XXL_KV29,62.0,Grepow_TARBG_24S_30Ah,30000,24,55799.6,22254.6,33545.0,34889.78,19.25545571245186,False,1071.1327488929808,50399.57942307793,-20399.57942307793,40.0,40.0,66.0,54.0,40.0,40.0
TailSitter_Quad_Balanced_OptWing,TMOTOR_U15XXL_KV29,62.0,Amprius_SA08_24S1P_11Ah,11050,24,49154.6,22254.6,26900.0,34227.0,7.092426187419768,False,1069.4224863425272,47822.126236147866,-36772.126236147866,40.0,40.0,65.0,53.0,40.0,40.0
TailSitter_Quad_Balanced_OptWing,TMOTOR_U15XXL_KV29,62.0,Amprius_SA08_24S2P_22Ah,22100,24,51854.6,22254.6,29600.0,38867.0,14.184852374839537,False,1069.6225381301035,49069.26054281508,-26969.26054281508,40.0,40.0,65.5,53.5,40.0,40.0
TailSitter_Quad_Balanced_OptWing,TMOTOR_U15XXL_KV29,62.0,Amprius_SA88_24S1P_10Ah,10500,24,48901.6,22254.6,26647.0,31531.0,6.7394094993581515,False,1069.1980033710604,47811.42019730076,-37311.42019730076,40.0,40.0,65.0,53.0,40.0,40.0
TailSitter_Quad_Balanced_OptWing,TMOTOR_U15XXL_KV29,62.0,Amprius_SA88_24S2P_21Ah,21000,24,51347.6,22254.6,29093.0,33475.0,13.478818998716303,False,1069.2730401716587,49052.52912238612,-28052.52912238612,40.0,40.0,65.5,53.5,40.0,40.0
TailSitter_Quad_Balanced_OptWing,TMOTOR_U15XXL_KV29,62.0,Grepow_NMC811_24S1P_87Ah,87000,24,68875.6,22254.6,46621.0,44965.12,55.84082156611039,True,1071.2287413511722,57091.38238975152,29908.617610248482,43.5,40.0,67.5,56.5,43.5,40.0
TailSitter_Quad_Balanced_OptWing,TMOTOR_U15XXL_KV29,62.0,Grepow_NMC811_24S2P_24Ah,24000,24,52986.6,22254.6,30732.0,33829.24,15.404364569961489,False,1069.158948193503,50296.34181134062,-26296.341811340622,40.0,40.0,65.5,54.0,40.0,40.0
TailSitter_Quad_Balanced_OptWing,TMOTOR_U15XXL_KV29,62.0,Amprius_SA88_24S4P_42Ah,42000,24,56242.6,22254.6,33988.0,37363.0,26.957637997432606,False,1069.7591797832836,51588.39435330236,-9588.394353302363,40.0,40.0,66.0,54.5,40.0,40.0
TailSitter_Quad_Balanced_OptWing,TMOTOR_U15XXL_KV29,62.0,Amprius_SA88_24S6P_63Ah,63000,24,61136.6,22254.6,38882.0,41251.0,40.436456996148905,True,1071.4468050532128,52936.55786900776,10063.44213099224,40.0,40.0,66.5,55.0,40.0,40.0
TailSitter_Quad_Balanced_OptWing,TMOTOR_U15XXL_KV29,62.0,Grepow_NMC811_small_24S4P_48Ah,48000,24,59518.6,22254.6,37264.0,38071.479999999996,30.808729139922978,False,1070.4028596824617,52884.98173998122,-4884.981739981216,40.0,40.0,66.5,55.0,40.0,40.0
TailSitter_Quad_Big_OptWing,HOBBYWING_H13MD_coaxial_axis,54.0,YANGDA_XTurbo_24S_44Ah,44000,24,47383.8,23073.8,24310.0,7800.0,31.89619271424585,False,1069.6311254445143,54478.93173154157,-10478.931731541568,40.0,40.0,72.0,60.5,40.0,40.0
TailSitter_Quad_Big_OptWing,HOBBYWING_H13MD_coaxial_axis,54.0,TATTU_NEO_24S_30Ah,30000,24,51553.8,23073.8,28480.0,5668.98,21.747404123349444,False,1071.0458610091368,55888.42420930853,-25888.424209308527,41.5,40.0,73.0,61.0,41.5,40.0
TailSitter_Quad_Big_OptWing,HOBBYWING_H13MD_coaxial_axis,54.0,MAD_24S_55Ah_solid_state,55000,24,51221.8,23073.8,28148.0,9372.0,39.87024089280731,False,1070.8006888222533,55870.784390915665,-870.7843909156654,41.0,40.0,73.0,61.0,41.0,40.0
TailSitter_Quad_Big_OptWing,HOBBYWING_H13MD_coaxial_axis,54.0,MAD_24S_100Ah_solid_state,100000,24,64858.8,23073.8,41785.0,17040.0,72.49134707783148,True,1072.0057612358537,62741.01655504416,37258.98344495584,50.5,40.0,75.5,63.5,50.5,40.0
TailSitter_Quad_Big_OptWing,HOBBYWING_H13MD_coaxial_axis,54.0,12Sx2_series_24S_66Ah,66000,24,55953.8,23073.8,32880.0,11853.6,47.84428907136877,True,1070.814238427826,58545.94772146831,7454.052278531693,45.0,40.0,74.0,62.0,45.0,40.0
TailSitter_Quad_Big_OptWing,HOBBYWING_H13MD_coaxial_axis,54.0,12Sx4_2P2S_24S_132Ah,132000,24,77353.8,23073.8,54280.0,23707.2,95.6202085166171,True,1074.9619019297609,70134.42059484147,61865.579405158525,54.0,40.5,77.5,66.0,54.0,40.5
TailSitter_Quad_Big_OptWing,HOBBYWING_H13MD_coaxial_axis,54.0,Farasis_24S1P_53Ah,53000,24,56254.8,23073.8,33181.0,864.0,38.42041395125068,False,1070.9052293932095,58556.57082418475,-5556.570824184753,45.5,40.0,74.0,62.0,45.5,40.0
TailSitter_Quad_Big_OptWing,HOBBYWING_H13MD_coaxial_axis,54.0,Farasis_24S2P_106Ah,106000,24,77955.8,23073.8,54882.0,1728.0,75.99024237333009,True,1076.2397856827833,70176.80963459963,35823.19036540037,54.0,40.5,77.5,66.0,54.0,40.5
TailSitter_Quad_Big_OptWing,HOBBYWING_H13MD_coaxial_axis,54.0,ZYE_UltraHV_24S_66Ah,66000,24,55553.8,23073.8,32480.0,2498.0,47.84428907136877,True,1070.6505187580988,58533.566679810385,7466.433320189615,45.0,40.0,73.5,62.0,45.0,40.0
TailSitter_Quad_Big_OptWing,HOBBYWING_H13MD_coaxial_axis,54.0,Grepow_TARBG_24S_30Ah,30000,24,43898.8,23073.8,20825.0,5302.78,21.747404123349444,False,1068.7659983713377,53082.70318425484,-23082.70318425484,40.0,40.0,71.0,60.0,40.0,40.0
TailSitter_Quad_Big_OptWing,HOBBYWING_H13MD_coaxial_axis,54.0,Amprius_SA08_24S1P_11Ah,11050,24,37253.8,23073.8,14180.0,4640.0,8.010293852100379,False,1068.510942849688,48924.81739457587,-37874.81739457587,40.0,40.0,69.5,58.5,40.0,40.0
TailSitter_Quad_Big_OptWing,HOBBYWING_H13MD_coaxial_axis,54.0,Amprius_SA08_24S2P_22Ah,22100,24,39953.8,23073.8,16880.0,9280.0,16.020587704200757,False,1068.6922983746417,50326.77377203359,-28226.773772033594,40.0,40.0,70.5,59.0,40.0,40.0
TailSitter_Quad_Big_OptWing,HOBBYWING_H13MD_coaxial_axis,54.0,Amprius_SA88_24S1P_10Ah,10500,24,37000.8,23073.8,13927.0,1944.0,7.611591443172305,False,1068.2293081892867,48910.91145422349,-38410.91145422349,40.0,40.0,69.5,58.5,40.0,40.0
TailSitter_Quad_Big_OptWing,HOBBYWING_H13MD_coaxial_axis,54.0,Amprius_SA88_24S2P_21Ah,21000,24,39446.8,23073.8,16373.0,3888.0,15.22318288634461,False,1068.3672895932948,50306.946827913736,-29306.946827913736,40.0,40.0,70.0,59.0,40.0,40.0
TailSitter_Quad_Big_OptWing,HOBBYWING_H13MD_coaxial_axis,54.0,Grepow_NMC811_24S1P_87Ah,87000,24,56974.8,23073.8,33901.0,15378.12,63.06747195771338,True,1071.4084304010112,58590.76213256228,28409.237867437718,46.0,40.0,74.0,62.0,46.0,40.0
TailSitter_Quad_Big_OptWing,HOBBYWING_H13MD_coaxial_axis,54.0,Grepow_NMC811_24S2P_24Ah,24000,24,41085.8,23073.8,18012.0,4242.24,17.397923298679554,False,1068.2234275622013,51684.93256589518,-27684.93256589518,40.0,40.0,70.5,59.5,40.0,40.0
TailSitter_Quad_Big_OptWing,HOBBYWING_H13MD_coaxial_axis,54.0,Amprius_SA88_24S4P_42Ah,42000,24,44341.8,23073.8,21268.0,7776.0,30.44636577268922,False,1068.905003943825,53092.842058652466,-11092.842058652466,40.0,40.0,71.5,60.0,40.0,40.0
TailSitter_Quad_Big_OptWing,HOBBYWING_H13MD_coaxial_axis,54.0,Amprius_SA88_24S6P_63Ah,63000,24,49235.8,23073.8,26162.0,11664.0,45.66954865903383,True,1069.8056773505377,55810.75919093698,7189.24080906302,40.0,40.0,72.5,61.0,40.0,40.0
TailSitter_Quad_Big_OptWing,HOBBYWING_H13MD_coaxial_axis,54.0,Grepow_NMC811_small_24S4P_48Ah,48000,24,47617.8,23073.8,24544.0,8484.48,34.79584659735911,False,1069.7658213425466,54485.45165975551,-6485.451659755512,40.0,40.0,72.0,60.5,40.0,40.0
TailSitter_Quad_Big_OptWing,HOBBYWING_H15MD_PLUS_coaxial_axis,73.0,YANGDA_XTurbo_24S_44Ah,44000,24,57931.3,23501.3,34430.0,7800.0,19.570535448390952,False,1067.8111710576663,47719.751238845354,-3719.7512388453542,40.0,40.0,51.0,43.0,40.0,40.0
TailSitter_Quad_Big_OptWing,HOBBYWING_H15MD_PLUS_coaxial_axis,73.0,TATTU_NEO_24S_30Ah,30000,24,62101.3,23501.3,38600.0,5668.98,13.343546896630194,False,1068.1465646558404,49199.82407124741,-19199.824071247407,40.0,40.0,52.0,43.5,40.0,40.0
TailSitter_Quad_Big_OptWing,HOBBYWING_H15MD_PLUS_coaxial_axis,73.0,MAD_24S_55Ah_solid_state,55000,24,61769.3,23501.3,38268.0,9372.0,24.463169310488688,True,1067.9064394530433,49188.09634123969,5811.903658760311,40.0,40.0,52.0,43.5,40.0,40.0
TailSitter_Quad_Big_OptWing,HOBBYWING_H15MD_PLUS_coaxial_axis,73.0,MAD_24S_100Ah_solid_state,100000,24,75406.3,23501.3,51905.0,17040.0,44.47848965543398,True,1070.0697069818043,53896.305907239024,46103.694092760976,40.0,40.0,54.0,45.0,40.0,40.0
TailSitter_Quad_Big_OptWing,HOBBYWING_H15MD_PLUS_coaxial_axis,73.0,12Sx2_series_24S_66Ah,66000,24,66501.3,23501.3,43000.0,11853.6,29.355803172586427,True,1068.7716999281974,50723.57603270837,15276.42396729163,40.0,40.0,52.5,44.0,40.0,40.0
TailSitter_Quad_Big_OptWing,HOBBYWING_H15MD_PLUS_coaxial_axis,73.0,12Sx4_2P2S_24S_132Ah,132000,24,87901.3,23501.3,64400.0,23707.2,58.711606345172854,True,1071.1029253487495,58897.99286517992,73102.00713482007,40.0,40.0,55.5,46.5,40.0,40.0
TailSitter_Quad_Big_OptWing,HOBBYWING_H15MD_PLUS_coaxial_axis,73.0,Farasis_24S1P_53Ah,53000,24,66802.3,23501.3,43301.0,864.0,23.57359951738001,True,1069.1308209087076,50741.68789417548,2258.3121058245233,40.0,40.0,52.5,44.0,40.0,40.0
TailSitter_Quad_Big_OptWing,HOBBYWING_H15MD_PLUS_coaxial_axis,73.0,Farasis_24S2P_106Ah,106000,24,88503.3,23501.3,65002.0,1728.0,47.14719903476002,True,1071.647433181058,58929.61967722122,47070.38032277878,40.0,40.0,55.5,46.5,40.0,40.0
TailSitter_Quad_Big_OptWing,HOBBYWING_H15MD_PLUS_coaxial_axis,73.0,ZYE_UltraHV_24S_66Ah,66000,24,66101.3,23501.3,42600.0,2498.0,29.355803172586427,True,1068.443870002446,50707.060733496626,15292.939266503374,40.0,40.0,52.5,44.0,40.0,40.0
TailSitter_Quad_Big_OptWing,HOBBYWING_H15MD_PLUS_coaxial_axis,73.0,Grepow_TARBG_24S_30Ah,30000,24,54446.3,23501.3,30945.0,5302.78,13.343546896630194,False,1068.1629394056345,46321.662992349025,-16321.662992349025,40.0,40.0,50.5,42.5,40.0,40.0
TailSitter_Quad_Big_OptWing,HOBBYWING_H15MD_PLUS_coaxial_axis,73.0,Amprius_SA08_24S1P_11Ah,11050,24,47801.3,23501.3,24300.0,4640.0,4.914873106925454,False,1065.9867658182443,44866.29374016176,-33816.29374016176,40.0,40.0,50.0,42.0,40.0,40.0
TailSitter_Quad_Big_OptWing,HOBBYWING_H15MD_PLUS_coaxial_axis,73.0,Amprius_SA08_24S2P_22Ah,22100,24,50501.3,23501.3,27000.0,9280.0,9.829746213850909,False,1066.0832710833251,46221.09362927863,-24121.09362927863,40.0,40.0,50.0,42.5,40.0,40.0
TailSitter_Quad_Big_OptWing,HOBBYWING_H15MD_PLUS_coaxial_axis,73.0,Amprius_SA88_24S1P_10Ah,10500,24,47548.3,23501.3,24047.0,1944.0,4.670241413820568,False,1065.9017579991535,44862.45324795319,-34362.45324795319,40.0,40.0,50.0,42.0,40.0,40.0
TailSitter_Quad_Big_OptWing,HOBBYWING_H15MD_PLUS_coaxial_axis,73.0,Amprius_SA88_24S2P_21Ah,21000,24,49994.3,23501.3,26493.0,3888.0,9.340482827641136,False,1067.141991493842,44917.88861030464,-23917.88861030464,40.0,40.0,50.0,42.0,40.0,40.0
TailSitter_Quad_Big_OptWing,HOBBYWING_H15MD_PLUS_coaxial_axis,73.0,Grepow_NMC811_24S1P_87Ah,87000,24,67522.3,23501.3,44021.0,15378.12,38.69628600022756,True,1067.8055920183008,52196.669797324255,34803.330202675745,40.0,40.0,52.5,44.5,40.0,40.0
TailSitter_Quad_Big_OptWing,HOBBYWING_H15MD_PLUS_coaxial_axis,73.0,Grepow_NMC811_24S2P_24Ah,24000,24,51633.3,23501.3,28132.0,4242.24,10.674837517304155,False,1066.3219786129957,46237.17530540474,-22237.175305404737,40.0,40.0,50.5,42.5,40.0,40.0
TailSitter_Quad_Big_OptWing,HOBBYWING_H15MD_PLUS_coaxial_axis,73.0,Amprius_SA88_24S4P_42Ah,42000,24,54889.3,23501.3,31388.0,7776.0,18.68096565528227,False,1066.5764148787134,47655.97845353283,-5655.978453532829,40.0,40.0,50.5,43.0,40.0,40.0
TailSitter_Quad_Big_OptWing,HOBBYWING_H15MD_PLUS_coaxial_axis,73.0,Amprius_SA88_24S6P_63Ah,63000,24,59783.3,23501.3,36282.0,11664.0,28.021448482923407,True,1067.1256803422798,49144.816957749914,13855.183042250086,40.0,40.0,51.5,43.5,40.0,40.0
TailSitter_Quad_Big_OptWing,HOBBYWING_H15MD_PLUS_coaxial_axis,73.0,Grepow_NMC811_small_24S4P_48Ah,48000,24,58165.3,23501.3,34664.0,8484.48,21.34967503460831,True,1068.0261806443912,47729.91352026682,270.0864797331815,40.0,40.0,51.0,43.0,40.0,40.0
TailSitter_Quad_Big_OptWing,HOBBYWING_H15MD_coaxial_axis,64.0,YANGDA_XTurbo_24S_44Ah,44000,24,51464.8,23298.8,28166.0,7800.0,23.409821106542246,False,1067.2852154630514,48690.051384854836,-4690.051384854836,40.0,40.0,54.0,46.0,40.0,40.0
TailSitter_Quad_Big_OptWing,HOBBYWING_H15MD_coaxial_axis,64.0,TATTU_NEO_24S_30Ah,30000,24,55634.8,23298.8,32336.0,5668.98,15.961241663551531,False,1067.8960449852461,50242.75456666037,-20242.75456666037,40.0,40.0,54.5,46.5,40.0,40.0
TailSitter_Quad_Big_OptWing,HOBBYWING_H15MD_coaxial_axis,64.0,MAD_24S_55Ah_solid_state,55000,24,55302.8,23298.8,32004.0,9372.0,29.26227638317781,True,1067.77027272572,50236.62981412924,4763.370185870757,40.0,40.0,54.5,46.5,40.0,40.0
TailSitter_Quad_Big_OptWing,HOBBYWING_H15MD_coaxial_axis,64.0,MAD_24S_100Ah_solid_state,100000,24,68939.8,23298.8,45641.0,17040.0,53.204138878505105,True,1070.2048884807627,55187.34132546553,44812.65867453447,40.0,40.0,56.5,48.0,40.0,40.0
TailSitter_Quad_Big_OptWing,HOBBYWING_H15MD_coaxial_axis,64.0,12Sx2_series_24S_66Ah,66000,24,60034.8,23298.8,36736.0,11853.6,35.11473165981337,True,1068.627370271311,51843.75701198364,14156.242988016362,40.0,40.0,55.0,47.0,40.0,40.0
TailSitter_Quad_Big_OptWing,HOBBYWING_H15MD_coaxial_axis,64.0,12Sx4_2P2S_24S_132Ah,132000,24,81434.8,23298.8,58136.0,23707.2,70.22946331962675,True,1071.6805646329542,60543.905655910596,71456.0943440894,41.5,40.0,58.0,49.5,41.5,40.0
TailSitter_Quad_Big_OptWing,HOBBYWING_H15MD_coaxial_axis,64.0,Farasis_24S1P_53Ah,53000,24,60335.8,23298.8,37037.0,864.0,28.198193605607706,True,1068.7687881006407,51850.88103037339,1149.1189696266083,40.0,40.0,55.0,47.0,40.0,40.0
TailSitter_Quad_Big_OptWing,HOBBYWING_H15MD_coaxial_axis,64.0,Farasis_24S2P_106Ah,106000,24,82036.8,23298.8,58738.0,1728.0,56.39638721121541,True,1072.2026237826565,60575.048220453675,45424.951779546325,41.5,40.0,58.0,49.5,41.5,40.0
TailSitter_Quad_Big_OptWing,HOBBYWING_H15MD_coaxial_axis,64.0,ZYE_UltraHV_24S_66Ah,66000,24,59634.8,23298.8,36336.0,2498.0,35.11473165981337,True,1068.4561611730505,51835.18300477097,14164.816995229034,40.0,40.0,55.0,47.0,40.0,40.0
TailSitter_Quad_Big_OptWing,HOBBYWING_H15MD_coaxial_axis,64.0,Grepow_TARBG_24S_30Ah,30000,24,47979.8,23298.8,24681.0,5302.78,15.961241663551531,False,1066.9343706738064,47190.27436276716,-17190.27436276716,40.0,40.0,53.5,45.5,40.0,40.0
TailSitter_Quad_Big_OptWing,HOBBYWING_H15MD_coaxial_axis,64.0,Amprius_SA08_24S1P_11Ah,11050,24,41334.8,23298.8,18036.0,4640.0,5.879057346074815,False,1066.3814723406276,44311.20172073967,-33261.20172073967,40.0,40.0,52.5,44.5,40.0,40.0
TailSitter_Quad_Big_OptWing,HOBBYWING_H15MD_coaxial_axis,64.0,Amprius_SA08_24S2P_22Ah,22100,24,44034.8,23298.8,20736.0,9280.0,11.75811469214963,False,1066.414794157832,45721.24269063398,-23621.242690633982,40.0,40.0,53.0,45.0,40.0,40.0
TailSitter_Quad_Big_OptWing,HOBBYWING_H15MD_coaxial_axis,64.0,Amprius_SA88_24S1P_10Ah,10500,24,41081.8,23298.8,17783.0,1944.0,5.586434582243036,False,1066.2704545823124,44306.286260548,-33806.286260548,40.0,40.0,52.5,44.5,40.0,40.0
TailSitter_Quad_Big_OptWing,HOBBYWING_H15MD_coaxial_axis,64.0,Amprius_SA88_24S2P_21Ah,21000,24,43527.8,23298.8,20229.0,3888.0,11.172869164486071,False,1066.3512386526256,45713.36490534169,-24713.36490534169,40.0,40.0,52.5,45.0,40.0,40.0
TailSitter_Quad_Big_OptWing,HOBBYWING_H15MD_coaxial_axis,64.0,Grepow_NMC811_24S1P_87Ah,87000,24,61055.8,23298.8,37757.0,15378.12,46.28760082429944,True,1069.1758791167151,51871.60232454213,35128.39767545787,40.0,40.0,55.0,47.0,40.0,40.0
TailSitter_Quad_Big_OptWing,HOBBYWING_H15MD_coaxial_axis,64.0,Grepow_NMC811_24S2P_24Ah,24000,24,45166.8,23298.8,21868.0,4242.24,12.768993330841225,False,1066.88106682587,45742.44136174216,-21742.44136174216,40.0,40.0,53.0,45.0,40.0,40.0
TailSitter_Quad_Big_OptWing,HOBBYWING_H15MD_coaxial_axis,64.0,Amprius_SA88_24S4P_42Ah,42000,24,48422.8,23298.8,25124.0,7776.0,22.345738328972143,False,1067.110925345084,47198.50418542155,-5198.504185421552,40.0,40.0,53.5,45.5,40.0,40.0
TailSitter_Quad_Big_OptWing,HOBBYWING_H15MD_coaxial_axis,64.0,Amprius_SA88_24S6P_63Ah,63000,24,53316.8,23298.8,30018.0,11664.0,33.51860749345822,True,1068.1491381856613,48731.57283127754,14268.427168722461,40.0,40.0,54.0,46.0,40.0,40.0
TailSitter_Quad_Big_OptWing,HOBBYWING_H15MD_coaxial_axis,64.0,Grepow_NMC811_small_24S4P_48Ah,48000,24,51698.8,23298.8,28400.0,8484.48,25.53798666168245,False,1067.371606682167,48694.16277497563,-694.1627749756299,40.0,40.0,54.0,46.0,40.0,40.0
TailSitter_Quad_Big_OptWing,M50C35_PRO_EEE_34kv,30.0,YANGDA_XTurbo_24S_44Ah,44000,24,42563.8,22533.8,20030.0,11200.0,28.16619373703088,False,1067.6664745315115,45769.01736839194,-1769.017368391942,40.0,40.0,61.5,50.5,40.0,40.0
TailSitter_Quad_Big_OptWing,M50C35_PRO_EEE_34kv,30.0,TATTU_NEO_24S_30Ah,30000,24,46733.8,22533.8,24200.0,9068.98,19.204223002521054,False,1067.9494602065718,47788.696017225266,-17788.696017225266,40.0,40.0,62.5,51.5,40.0,40.0
TailSitter_Quad_Big_OptWing,M50C35_PRO_EEE_34kv,30.0,MAD_24S_55Ah_solid_state,55000,24,46401.8,22533.8,23868.0,12772.0,35.2077421712886,True,1067.884323077444,47782.402806036196,7217.597193963804,40.0,40.0,62.0,51.5,40.0,40.0
TailSitter_Quad_Big_OptWing,M50C35_PRO_EEE_34kv,30.0,MAD_24S_100Ah_solid_state,100000,24,60038.8,22533.8,37505.0,20440.0,64.01407667507019,True,1070.2105600072034,53472.41280652625,46527.58719347375,40.0,40.0,65.0,54.0,40.0,40.0
TailSitter_Quad_Big_OptWing,M50C35_PRO_EEE_34kv,30.0,12Sx2_series_24S_66Ah,66000,24,51133.8,22533.8,28600.0,15253.6,42.24929060554632,True,1069.3472300065978,48913.0140586454,17086.9859413546,40.0,40.0,63.5,52.0,40.0,40.0
TailSitter_Quad_Big_OptWing,M50C35_PRO_EEE_34kv,30.0,12Sx4_2P2S_24S_132Ah,132000,24,72533.8,22533.8,50000.0,27107.2,84.49858121109264,True,1071.7637720634875,58541.31600132316,73458.68399867683,43.0,40.0,68.0,56.0,43.0,40.0
TailSitter_Quad_Big_OptWing,M50C35_PRO_EEE_34kv,30.0,Farasis_24S1P_53Ah,53000,24,51434.8,22533.8,28901.0,4264.0,33.9274606377872,True,1069.6765895236153,48929.21484402334,4070.785155976657,40.0,40.0,63.5,52.0,40.0,40.0
TailSitter_Quad_Big_OptWing,M50C35_PRO_EEE_34kv,30.0,Farasis_24S2P_106Ah,106000,24,73135.8,22533.8,50602.0,5128.0,67.8549212755744,True,1071.9271892776956,58561.657341393584,47438.342658606416,43.5,40.0,68.0,56.0,43.5,40.0
TailSitter_Quad_Big_OptWing,M50C35_PRO_EEE_34kv,30.0,ZYE_UltraHV_24S_66Ah,66000,24,50733.8,22533.8,28200.0,5898.0,42.24929060554632,True,1069.099997502824,48897.49971306547,17102.500286934534,40.0,40.0,63.0,52.0,40.0,40.0
TailSitter_Quad_Big_OptWing,M50C35_PRO_EEE_34kv,30.0,Grepow_TARBG_24S_30Ah,30000,24,39078.8,22533.8,16545.0,8702.779999999999,19.204223002521054,False,1066.8968350813855,44783.83629338476,-14783.83629338476,40.0,40.0,60.5,50.0,40.0,40.0
TailSitter_Quad_Big_OptWing,M50C35_PRO_EEE_34kv,30.0,Amprius_SA08_24S1P_11Ah,11050,24,32433.8,22533.8,9900.0,8040.0,7.073555472595255,False,1066.1577044261649,41991.988305114886,-30941.988305114886,40.0,40.0,59.5,48.5,40.0,40.0
TailSitter_Quad_Big_OptWing,M50C35_PRO_EEE_34kv,30.0,Amprius_SA08_24S2P_22Ah,22100,24,35133.8,22533.8,12600.0,12680.0,14.14711094519051,False,1066.6270094931726,42927.96238938091,-20827.96238938091,40.0,40.0,60.0,49.0,40.0,40.0
TailSitter_Quad_Big_OptWing,M50C35_PRO_EEE_34kv,30.0,Amprius_SA88_24S1P_10Ah,10500,24,32180.8,22533.8,9647.0,5344.0,6.721478050882369,False,1066.1066367987808,41986.654047282595,-31486.654047282595,40.0,40.0,59.0,48.5,40.0,40.0
TailSitter_Quad_Big_OptWing,M50C35_PRO_EEE_34kv,30.0,Amprius_SA88_24S2P_21Ah,21000,24,34626.8,22533.8,12093.0,7288.0,13.442956101764738,False,1066.3572288855316,42916.49359033804,-21916.49359033804,40.0,40.0,60.0,49.0,40.0,40.0
TailSitter_Quad_Big_OptWing,M50C35_PRO_EEE_34kv,30.0,Grepow_NMC811_24S1P_87Ah,87000,24,52154.8,22533.8,29621.0,18778.120000000003,55.69224670731106,True,1068.852105385173,49972.94883015884,37027.05116984116,40.0,40.0,63.5,52.5,40.0,40.0
TailSitter_Quad_Big_OptWing,M50C35_PRO_EEE_34kv,30.0,Grepow_NMC811_24S2P_24Ah,24000,24,36265.8,22533.8,13732.0,7642.24,15.363378402016844,False,1067.7511107137514,42976.756016028376,-18976.756016028376,40.0,40.0,60.0,49.0,40.0,40.0
TailSitter_Quad_Big_OptWing,M50C35_PRO_EEE_34kv,30.0,Amprius_SA88_24S4P_42Ah,42000,24,39521.8,22533.8,16988.0,11176.0,26.885912203529475,False,1067.021889064439,44792.55326961448,-2792.55326961448,40.0,40.0,61.0,50.0,40.0,40.0
TailSitter_Quad_Big_OptWing,M50C35_PRO_EEE_34kv,30.0,Amprius_SA88_24S6P_63Ah,63000,24,44415.8,22533.8,21882.0,15064.0,40.328868305294215,True,1067.6803130880035,46755.15697922514,16244.84302077486,40.0,40.0,62.0,51.0,40.0,40.0
TailSitter_Quad_Big_OptWing,M50C35_PRO_EEE_34kv,30.0,Grepow_NMC811_small_24S4P_48Ah,48000,24,42797.8,22533.8,20264.0,11884.48,30.726756804033688,True,1067.812372010898,45775.61621201845,2224.3837879815474,40.0,40.0,61.5,50.5,40.0,40.0
TailSitter_Quad_Big_OptWing,TMOTOR_U15L_KV43,47.0,YANGDA_XTurbo_24S_44Ah,44000,24,51426.3,22916.3,28510.0,25087.0,39.473684210526315,False,1072.851921307471,61621.74716233356,-17621.74716233356,44.5,40.0,89.0,67.5,44.5,40.0
TailSitter_Quad_Big_OptWing,TMOTOR_U15L_KV43,47.0,TATTU_NEO_24S_30Ah,30000,24,55596.3,22916.3,32680.0,22955.98,26.913875598086126,False,1073.12269428652,64573.178146262326,-34573.178146262326,46.0,40.0,90.0,70.0,46.0,40.0
TailSitter_Quad_Big_OptWing,TMOTOR_U15L_KV43,47.0,MAD_24S_55Ah_solid_state,55000,24,55264.3,22916.3,32348.0,26659.0,49.3421052631579,False,1072.751262872833,64551.990849037815,-9551.990849037815,46.0,40.0,90.0,70.0,46.0,40.0
TailSitter_Quad_Big_OptWing,TMOTOR_U15L_KV43,47.0,MAD_24S_100Ah_solid_state,100000,24,68901.3,22916.3,45985.0,34327.0,74.25985910713312,True,1075.3832314514543,73314.55549061761,26685.44450938239,51.5,42.5,93.5,72.0,51.5,42.5
TailSitter_Quad_Big_OptWing,TMOTOR_U15L_KV43,47.0,12Sx2_series_24S_66Ah,66000,24,59996.3,22916.3,37080.0,29140.6,58.98171662947966,False,1073.8880022625885,67734.93425938264,-1734.934259382644,47.5,40.5,90.5,71.0,47.5,40.5
TailSitter_Quad_Big_OptWing,TMOTOR_U15L_KV43,47.0,12Sx4_2P2S_24S_132Ah,132000,24,81396.3,22916.3,58480.0,40994.2,78.19904183881832,True,1075.3805302609317,82484.42477625905,49515.57522374095,58.0,45.5,100.0,73.5,58.0,45.5
TailSitter_Quad_Big_OptWing,TMOTOR_U15L_KV43,47.0,Farasis_24S1P_53Ah,53000,24,60297.3,22916.3,37381.0,18151.0,47.052650769069245,False,1074.2690258523053,67752.94724336857,-14752.947243368573,47.5,40.5,90.5,71.0,47.5,40.5
TailSitter_Quad_Big_OptWing,TMOTOR_U15L_KV43,47.0,Farasis_24S2P_106Ah,106000,24,81998.3,22916.3,59082.0,19015.0,62.1603206205012,True,1076.7072224325752,82546.18454107906,23453.815458920944,58.5,45.5,100.0,73.5,58.5,45.5
TailSitter_Quad_Big_OptWing,TMOTOR_U15L_KV43,47.0,ZYE_UltraHV_24S_66Ah,66000,24,59596.3,22916.3,36680.0,19785.0,59.21052631578948,False,1074.660615335683,67591.15369217536,-1591.1536921753577,47.5,40.0,90.5,71.0,47.5,40.0
TailSitter_Quad_Big_OptWing,TMOTOR_U15L_KV43,47.0,Grepow_TARBG_24S_30Ah,30000,24,47941.3,22916.3,25025.0,22589.78,26.913875598086126,False,1071.7065190197345,59618.897485669506,-29618.897485669506,43.5,40.0,87.5,65.5,43.5,40.0
TailSitter_Quad_Big_OptWing,TMOTOR_U15L_KV43,47.0,Amprius_SA08_24S1P_11Ah,11050,24,41296.3,22916.3,18380.0,21927.0,9.913277511961724,False,1071.1973442889866,55809.39408844295,-44759.39408844295,41.0,40.0,82.0,63.5,41.0,40.0
TailSitter_Quad_Big_OptWing,TMOTOR_U15L_KV43,47.0,Amprius_SA08_24S2P_22Ah,22100,24,43996.3,22916.3,21080.0,26567.0,19.826555023923447,False,1070.7182729465512,58002.542885587325,-35902.542885587325,42.0,40.0,84.0,64.5,42.0,40.0
TailSitter_Quad_Big_OptWing,TMOTOR_U15L_KV43,47.0,Amprius_SA88_24S1P_10Ah,10500,24,41043.3,22916.3,18127.0,19231.0,9.419856459330145,False,1070.9213661741426,55793.481466325495,-45293.481466325495,41.0,40.0,81.5,63.5,41.0,40.0
TailSitter_Quad_Big_OptWing,TMOTOR_U15L_KV43,47.0,Amprius_SA88_24S2P_21Ah,21000,24,43489.3,22916.3,20573.0,21175.0,18.83971291866029,False,1071.2866853002438,57007.60311937057,-36007.60311937057,42.0,40.0,84.0,64.0,42.0,40.0
TailSitter_Quad_Big_OptWing,TMOTOR_U15L_KV43,47.0,Grepow_NMC811_24S1P_87Ah,87000,24,61017.3,22916.3,38101.0,32665.120000000003,76.03372670226544,True,1075.3944570091396,67820.69905921869,19179.300940781308,48.0,40.5,91.0,71.0,48.0,40.5
TailSitter_Quad_Big_OptWing,TMOTOR_U15L_KV43,47.0,Grepow_NMC811_24S2P_24Ah,24000,24,45128.3,22916.3,22212.0,21529.239999999998,21.5311004784689,False,1071.240411017567,58048.23892966815,-34048.23892966815,42.5,40.0,86.0,64.5,42.5,40.0
TailSitter_Quad_Big_OptWing,TMOTOR_U15L_KV43,47.0,Amprius_SA88_24S4P_42Ah,42000,24,48384.3,22916.3,25468.0,25063.0,37.67942583732058,False,1071.4896468256652,60170.32373141594,-18170.32373141594,43.5,40.0,88.0,66.0,43.5,40.0
TailSitter_Quad_Big_OptWing,TMOTOR_U15L_KV43,47.0,Amprius_SA88_24S6P_63Ah,63000,24,53278.3,22916.3,30362.0,28951.0,56.51913875598086,False,1072.467352426848,63081.858038901526,-81.85803890152602,45.5,40.0,89.5,69.0,45.5,40.0
TailSitter_Quad_Big_OptWing,TMOTOR_U15L_KV43,47.0,Grepow_NMC811_small_24S4P_48Ah,48000,24,51660.3,22916.3,28744.0,25771.48,43.0622009569378,False,1072.359307760489,62022.95986404395,-14022.95986404395,44.5,40.0,89.0,68.0,44.5,40.0
TailSitter_Quad_Big_OptWing,TMOTOR_U15XL_KV38,52.0,YANGDA_XTurbo_24S_44Ah,44000,24,55210.8,23028.8,32182.0,32887.0,32.640949554896146,False,1070.918001549274,59656.88151990689,-15656.881519906892,43.5,40.0,75.5,57.5,43.5,40.0
TailSitter_Quad_Big_OptWing,TMOTOR_U15XL_KV38,52.0,TATTU_NEO_24S_30Ah,30000,24,59380.8,23028.8,36352.0,30755.98,22.25519287833828,False,1071.8366694385024,61376.97481748303,-31376.97481748303,44.5,40.0,77.5,58.5,44.5,40.0
TailSitter_Quad_Big_OptWing,TMOTOR_U15XL_KV38,52.0,MAD_24S_55Ah_solid_state,55000,24,59048.8,23028.8,36020.0,34459.0,40.80118694362018,False,1071.5744886331713,61362.0861499068,-6362.086149906798,44.5,40.0,77.5,58.5,44.5,40.0
TailSitter_Quad_Big_OptWing,TMOTOR_U15XL_KV38,52.0,MAD_24S_100Ah_solid_state,100000,24,72685.8,23028.8,49657.0,42127.0,73.48041386908297,True,1074.4537107875353,68575.73009619421,31424.26990380579,48.0,40.5,80.5,63.0,48.0,40.5
TailSitter_Quad_Big_OptWing,TMOTOR_U15XL_KV38,52.0,12Sx2_series_24S_66Ah,66000,24,63780.8,23028.8,40752.0,36940.6,48.961424332344215,True,1072.333598723952,63855.54354289661,2144.4564571033916,45.5,40.0,79.0,60.0,45.5,40.0
TailSitter_Quad_Big_OptWing,TMOTOR_U15XL_KV38,52.0,12Sx4_2P2S_24S_132Ah,132000,24,85180.8,23028.8,62152.0,48794.2,78.81784515354471,True,1075.2621231935073,76775.63362867846,55224.366371321536,51.0,43.5,82.5,66.5,51.0,43.5
TailSitter_Quad_Big_OptWing,TMOTOR_U15XL_KV38,52.0,Farasis_24S1P_53Ah,53000,24,64081.8,23028.8,41053.0,25951.0,39.317507418397625,False,1072.3040460230482,63868.67090700942,-10868.670907009422,46.0,40.0,79.0,60.0,46.0,40.0
TailSitter_Quad_Big_OptWing,TMOTOR_U15XL_KV38,52.0,Farasis_24S2P_106Ah,106000,24,85782.8,23028.8,62754.0,26815.0,62.70610025446316,True,1076.3691094167268,76833.92351890694,29166.076481093056,51.5,43.5,83.0,66.5,51.5,43.5
TailSitter_Quad_Big_OptWing,TMOTOR_U15XL_KV38,52.0,ZYE_UltraHV_24S_66Ah,66000,24,63380.8,23028.8,40352.0,27585.0,48.961424332344215,True,1073.1251518202153,63094.89749237114,2905.102507628857,45.5,40.0,78.5,59.5,45.5,40.0
TailSitter_Quad_Big_OptWing,TMOTOR_U15XL_KV38,52.0,Grepow_TARBG_24S_30Ah,30000,24,51725.8,23028.8,28697.0,30389.78,22.25519287833828,False,1070.5973229884055,57903.87030284915,-27903.87030284915,42.5,40.0,73.5,56.5,42.5,40.0
TailSitter_Quad_Big_OptWing,TMOTOR_U15XL_KV38,52.0,Amprius_SA08_24S1P_11Ah,11050,24,45080.8,23028.8,22052.0,29727.0,8.1973293768546,False,1070.8743032579207,54082.390157221496,-43032.390157221496,40.0,40.0,71.5,54.5,40.0,40.0
TailSitter_Quad_Big_OptWing,TMOTOR_U15XL_KV38,52.0,Amprius_SA08_24S2P_22Ah,22100,24,47780.8,23028.8,24752.0,34367.0,16.3946587537092,False,1070.225700170314,56035.40208221513,-33935.40208221513,41.0,40.0,72.0,55.5,41.0,40.0
TailSitter_Quad_Big_OptWing,TMOTOR_U15XL_KV38,52.0,Amprius_SA88_24S1P_10Ah,10500,24,44827.8,23028.8,21799.0,27031.0,7.7893175074183985,False,1070.5572341538823,54062.43090863809,-43562.43090863809,40.0,40.0,71.0,54.5,40.0,40.0
TailSitter_Quad_Big_OptWing,TMOTOR_U15XL_KV38,52.0,Amprius_SA88_24S2P_21Ah,21000,24,47273.8,23028.8,24245.0,28975.0,15.578635014836797,False,1071.3028066139973,55124.930433852875,-34124.930433852875,40.5,40.0,72.0,55.0,40.5,40.0
TailSitter_Quad_Big_OptWing,TMOTOR_U15XL_KV38,52.0,Grepow_NMC811_24S1P_87Ah,87000,24,64801.8,23028.8,41773.0,40465.12,64.54005934718101,True,1073.0371225354434,63912.75635473094,23087.24364526906,46.0,40.0,79.0,60.0,46.0,40.0
TailSitter_Quad_Big_OptWing,TMOTOR_U15XL_KV38,52.0,Grepow_NMC811_24S2P_24Ah,24000,24,48912.8,23028.8,25884.0,29329.239999999998,17.804154302670625,False,1070.8584356344993,56081.187938477466,-32081.187938477466,41.5,40.0,72.5,55.5,41.5,40.0
TailSitter_Quad_Big_OptWing,TMOTOR_U15XL_KV38,52.0,Amprius_SA88_24S4P_42Ah,42000,24,52168.8,23028.8,29140.0,32863.0,31.157270029673594,False,1070.8986530242091,57919.76098960813,-15919.760989608127,42.5,40.0,73.5,56.5,42.5,40.0
TailSitter_Quad_Big_OptWing,TMOTOR_U15XL_KV38,52.0,Amprius_SA88_24S6P_63Ah,63000,24,57062.8,23028.8,34034.0,36751.0,46.73590504451039,True,1071.185231075356,60511.66483493938,2488.33516506062,44.0,40.0,76.5,58.0,44.0,40.0
TailSitter_Quad_Big_OptWing,TMOTOR_U15XL_KV38,52.0,Grepow_NMC811_small_24S4P_48Ah,48000,24,55444.8,23028.8,32416.0,33571.479999999996,35.60830860534125,False,1071.0676112905403,59664.88619208036,-11664.886192080361,43.5,40.0,75.5,57.5,43.5,40.0
TailSitter_Quad_Big_OptWing,TMOTOR_U15XXL_KV29,62.0,YANGDA_XTurbo_24S_44Ah,44000,24,60283.8,23253.8,37030.0,37387.0,28.241335044929397,False,1070.397893629699,52882.34844422002,-8882.34844422002,40.0,40.0,66.5,55.0,40.0,40.0
TailSitter_Quad_Big_OptWing,TMOTOR_U15XXL_KV29,62.0,TATTU_NEO_24S_30Ah,30000,24,64453.8,23253.8,41200.0,35255.979999999996,19.25545571245186,False,1071.2336510310215,54253.94290333951,-24253.942903339514,41.5,40.0,67.0,55.5,41.5,40.0
TailSitter_Quad_Big_OptWing,TMOTOR_U15XXL_KV29,62.0,MAD_24S_55Ah_solid_state,55000,24,64121.8,23253.8,40868.0,38959.0,35.30166880616174,True,1070.981618287181,54240.81423687619,759.185763123809,41.5,40.0,67.0,55.5,41.5,40.0
TailSitter_Quad_Big_OptWing,TMOTOR_U15XXL_KV29,62.0,MAD_24S_100Ah_solid_state,100000,24,77758.8,23253.8,54505.0,46627.0,64.18485237483954,True,1072.4534723241034,60141.453211909706,39858.546788090294,46.5,40.0,68.5,57.5,46.5,40.0
TailSitter_Quad_Big_OptWing,TMOTOR_U15XXL_KV29,62.0,12Sx2_series_24S_66Ah,66000,24,68853.8,23253.8,45600.0,41440.6,42.36200256739409,True,1070.7976188437967,57067.57350552169,8932.426494478314,43.5,40.0,67.5,56.5,43.5,40.0
TailSitter_Quad_Big_OptWing,TMOTOR_U15XXL_KV29,62.0,12Sx4_2P2S_24S_132Ah,132000,24,90253.8,23253.8,67000.0,53294.2,84.72400513478819,True,1074.4147648298183,65821.83773958618,66178.16226041382,50.0,40.0,74.0,59.5,50.0,40.0
TailSitter_Quad_Big_OptWing,TMOTOR_U15XXL_KV29,62.0,Farasis_24S1P_53Ah,53000,24,69154.8,23253.8,45901.0,30451.0,34.017971758664956,False,1070.9338115244252,57074.49788305324,-4074.497883053242,43.5,40.0,67.5,56.5,43.5,40.0
TailSitter_Quad_Big_OptWing,TMOTOR_U15XXL_KV29,62.0,Farasis_24S2P_106Ah,106000,24,90855.8,23253.8,67602.0,31315.0,68.03594351732991,True,1073.6387052293385,66947.71174731354,39052.288252686456,50.5,40.0,74.0,60.0,50.5,40.0
TailSitter_Quad_Big_OptWing,TMOTOR_U15XXL_KV29,62.0,ZYE_UltraHV_24S_66Ah,66000,24,68453.8,23253.8,45200.0,32085.0,42.36200256739409,True,1072.3771503560617,55721.34889311241,10278.651106887592,43.0,40.0,67.5,56.0,43.0,40.0
TailSitter_Quad_Big_OptWing,TMOTOR_U15XXL_KV29,62.0,Grepow_TARBG_24S_30Ah,30000,24,56798.8,23253.8,33545.0,34889.78,19.25545571245186,False,1069.647807425247,51580.94813776588,-21580.94813776588,40.0,40.0,66.0,54.5,40.0,40.0
TailSitter_Quad_Big_OptWing,TMOTOR_U15XXL_KV29,62.0,Amprius_SA08_24S1P_11Ah,11050,24,50153.8,23253.8,26900.0,34227.0,7.092426187419768,False,1068.3102181536306,49006.164266623884,-37956.164266623884,40.0,40.0,65.5,53.5,40.0,40.0
TailSitter_Quad_Big_OptWing,TMOTOR_U15XXL_KV29,62.0,Amprius_SA08_24S2P_22Ah,22100,24,52853.8,23253.8,29600.0,38867.0,14.184852374839537,False,1070.135485537221,49093.507825048764,-26993.507825048764,40.0,40.0,65.5,53.5,40.0,40.0
TailSitter_Quad_Big_OptWing,TMOTOR_U15XXL_KV29,62.0,Amprius_SA88_24S1P_10Ah,10500,24,49900.8,23253.8,26647.0,31531.0,6.7394094993581515,False,1069.7365538422869,47841.23522629967,-37341.23522629967,40.0,40.0,65.5,53.0,40.0,40.0
TailSitter_Quad_Big_OptWing,TMOTOR_U15XXL_KV29,62.0,Amprius_SA88_24S2P_21Ah,21000,24,52346.8,23253.8,29093.0,33475.0,13.478818998716303,False,1069.5267902371197,49063.38480721119,-28063.384807211187,40.0,40.0,65.5,53.5,40.0,40.0
TailSitter_Quad_Big_OptWing,TMOTOR_U15XXL_KV29,62.0,Grepow_NMC811_24S1P_87Ah,87000,24,69874.8,23253.8,46621.0,44965.12,55.84082156611039,True,1071.2946323959702,57093.14634856333,29906.85365143667,43.5,40.0,67.5,56.5,43.5,40.0
TailSitter_Quad_Big_OptWing,TMOTOR_U15XXL_KV29,62.0,Grepow_NMC811_24S2P_24Ah,24000,24,53985.8,23253.8,30732.0,33829.24,15.404364569961489,False,1069.2548611647835,50298.870550632884,-26298.870550632884,40.0,40.0,65.5,54.0,40.0,40.0
TailSitter_Quad_Big_OptWing,TMOTOR_U15XXL_KV29,62.0,Amprius_SA88_24S4P_42Ah,42000,24,57241.8,23253.8,33988.0,37363.0,26.957637997432606,False,1069.8671362753676,51591.35313855008,-9591.353138550083,40.0,40.0,66.0,54.5,40.0,40.0
TailSitter_Quad_Big_OptWing,TMOTOR_U15XXL_KV29,62.0,Amprius_SA88_24S6P_63Ah,63000,24,62135.8,23253.8,38882.0,41251.0,40.436456996148905,True,1072.0984499666686,52969.7776619272,10030.222338072803,40.0,40.0,66.5,55.0,40.0,40.0
TailSitter_Quad_Big_OptWing,TMOTOR_U15XXL_KV29,62.0,Grepow_NMC811_small_24S4P_48Ah,48000,24,60517.8,23253.8,37264.0,38071.479999999996,30.808729139922978,False,1070.528327854347,52888.67117881013,-4888.671178810131,40.0,40.0,66.5,55.0,40.0,40.0
TailSitter_Bicopter_Compact_OptWing,HOBBYWING_H13MD_coaxial_axis,54.0,YANGDA_XTurbo_24S_44Ah,44000,24,37632.3,19062.3,18570.0,7800.0,63.7923854284917,False,1075.0825711521602,64380.93327235318,-20380.933272353177,53.5,40.0,91.0,80.0,53.5,40.0
TailSitter_Bicopter_Compact_OptWing,HOBBYWING_H13MD_coaxial_axis,54.0,TATTU_NEO_24S_30Ah,30000,24,41802.3,19062.3,22740.0,5668.98,39.14861993816378,False,1076.2222573875415,68842.19311240468,-38842.19311240468,55.5,44.0,92.5,81.0,55.5,44.0
TailSitter_Bicopter_Compact_OptWing,HOBBYWING_H13MD_coaxial_axis,54.0,MAD_24S_55Ah_solid_state,55000,24,41470.3,19062.3,22408.0,9372.0,72.5474774029599,False,1079.16318582505,66701.30404517955,-11701.304045179553,55.5,43.5,92.5,80.5,55.5,43.5
TailSitter_Bicopter_Compact_OptWing,HOBBYWING_H13MD_coaxial_axis,54.0,MAD_24S_100Ah_solid_state,100000,24,55107.3,19062.3,36045.0,17040.0,88.66040864238624,True,1077.5019906139878,78816.12642653316,21183.873573466844,63.0,54.0,96.0,82.5,63.0,54.0
TailSitter_Bicopter_Compact_OptWing,HOBBYWING_H13MD_coaxial_axis,54.0,12Sx2_series_24S_66Ah,66000,24,46202.3,19062.3,27140.0,11853.6,75.24448686849702,False,1076.581918073158,71915.0204431183,-5915.020443118294,58.0,48.0,94.0,81.5,58.0,48.0
TailSitter_Bicopter_Compact_OptWing,HOBBYWING_H13MD_coaxial_axis,54.0,12Sx4_2P2S_24S_132Ah,132000,24,67602.3,19062.3,48540.0,23707.2,85.917914060562,True,1077.5757256746517,91280.21749464248,40719.78250535752,69.5,58.5,98.0,84.5,69.5,58.5
TailSitter_Bicopter_Compact_OptWing,HOBBYWING_H13MD_coaxial_axis,54.0,Farasis_24S1P_53Ah,53000,24,46503.3,19062.3,27441.0,864.0,59.89457025762005,False,1075.9708546471095,71978.04470798702,-18978.04470798702,58.5,48.5,94.0,81.5,58.5,48.5
TailSitter_Bicopter_Compact_OptWing,HOBBYWING_H13MD_coaxial_axis,54.0,Farasis_24S2P_106Ah,106000,24,68204.3,19062.3,49142.0,1728.0,68.09518043408426,True,1079.1565373366934,91367.72320549794,14632.27679450206,69.5,58.5,98.0,84.5,69.5,58.5
TailSitter_Bicopter_Compact_OptWing,HOBBYWING_H13MD_coaxial_axis,54.0,ZYE_UltraHV_24S_66Ah,66000,24,45802.3,19062.3,26740.0,2498.0,76.13516356033611,False,1077.0872145444062,71852.64864969096,-5852.648649690964,58.0,47.5,94.0,81.5,58.0,47.5
TailSitter_Bicopter_Compact_OptWing,HOBBYWING_H13MD_coaxial_axis,54.0,Grepow_TARBG_24S_30Ah,30000,24,34147.3,19062.3,15085.0,5302.78,43.49480824669889,False,1074.9392789265614,61309.482726476854,-31309.482726476854,51.5,40.0,89.5,79.0,51.5,40.0
TailSitter_Bicopter_Compact_OptWing,HOBBYWING_H13MD_coaxial_axis,54.0,Amprius_SA08_24S1P_11Ah,11050,24,27502.3,19062.3,8440.0,4640.0,16.020587704200757,False,1072.613588222653,57006.45395396355,-45956.45395396355,44.5,40.0,86.5,77.5,44.5,40.0
TailSitter_Bicopter_Compact_OptWing,HOBBYWING_H13MD_coaxial_axis,54.0,Amprius_SA08_24S2P_22Ah,22100,24,30202.3,19062.3,11140.0,9280.0,32.041175408401514,False,1071.834690038998,59665.69490677176,-37565.69490677176,48.0,40.0,88.0,78.5,48.0,40.0
TailSitter_Bicopter_Compact_OptWing,HOBBYWING_H13MD_coaxial_axis,54.0,Amprius_SA88_24S1P_10Ah,10500,24,27249.3,19062.3,8187.0,1944.0,15.22318288634461,False,1072.240014135314,56980.74557103666,-46480.74557103666,44.0,40.0,86.5,77.5,44.0,40.0
TailSitter_Bicopter_Compact_OptWing,HOBBYWING_H13MD_coaxial_axis,54.0,Amprius_SA88_24S2P_21Ah,21000,24,29695.3,19062.3,10633.0,3888.0,30.44636577268922,False,1073.2534884358863,58375.94727732323,-37375.94727732323,47.5,40.0,87.5,78.0,47.5,40.0
TailSitter_Bicopter_Compact_OptWing,HOBBYWING_H13MD_coaxial_axis,54.0,Grepow_NMC811_24S1P_87Ah,87000,24,47223.3,19062.3,28161.0,15378.12,96.29083868124029,True,1076.8179425098508,72087.86338203208,14912.136617967917,58.5,49.0,94.5,81.5,58.5,49.0
TailSitter_Bicopter_Compact_OptWing,HOBBYWING_H13MD_coaxial_axis,54.0,Grepow_NMC811_24S2P_24Ah,24000,24,31334.3,19062.3,12272.0,4242.24,34.79584659735911,False,1072.7644935051965,59731.919148771005,-35731.919148771005,49.5,40.0,88.5,78.5,49.5,40.0
TailSitter_Bicopter_Compact_OptWing,HOBBYWING_H13MD_coaxial_axis,54.0,Amprius_SA88_24S4P_42Ah,42000,24,34590.3,19062.3,15528.0,7776.0,60.89273154537844,False,1073.1180455104522,62698.94235520433,-20698.94235520433,51.5,40.0,90.0,79.5,51.5,40.0
TailSitter_Bicopter_Compact_OptWing,HOBBYWING_H13MD_coaxial_axis,54.0,Amprius_SA88_24S6P_63Ah,63000,24,39484.3,19062.3,20422.0,11664.0,88.77393826668936,False,1075.910453187063,66355.38867365273,-3355.3886736527347,54.5,41.5,92.0,80.5,54.5,41.5
TailSitter_Bicopter_Compact_OptWing,HOBBYWING_H13MD_coaxial_axis,54.0,Grepow_NMC811_small_24S4P_48Ah,48000,24,37866.3,19062.3,18804.0,8484.48,69.59169319471822,False,1075.5623366606046,64398.73803188928,-16398.738031889283,53.5,40.0,91.0,80.0,53.5,40.0
TailSitter_Bicopter_Compact_OptWing,HOBBYWING_H15MD_PLUS_coaxial_axis,73.0,YANGDA_XTurbo_24S_44Ah,44000,24,43119.8,19489.8,23630.0,7800.0,39.141070896781905,False,1071.038726051745,50928.79709054096,-6928.79709054096,40.0,40.0,66.5,56.5,40.0,40.0
TailSitter_Bicopter_Compact_OptWing,HOBBYWING_H15MD_PLUS_coaxial_axis,73.0,TATTU_NEO_24S_30Ah,30000,24,47289.8,19489.8,27800.0,5668.98,26.687093793260388,False,1072.7111743264759,52358.841545725634,-22358.841545725634,41.0,40.0,67.5,57.0,41.0,40.0
TailSitter_Bicopter_Compact_OptWing,HOBBYWING_H15MD_PLUS_coaxial_axis,73.0,MAD_24S_55Ah_solid_state,55000,24,46957.8,19489.8,27468.0,9372.0,48.926338620977376,True,1072.2481692944525,52335.213213422416,2664.7867865775843,41.0,40.0,67.5,57.0,41.0,40.0
TailSitter_Bicopter_Compact_OptWing,HOBBYWING_H15MD_PLUS_coaxial_axis,73.0,MAD_24S_100Ah_solid_state,100000,24,60594.8,19489.8,41105.0,17040.0,88.95697931086796,True,1073.8478320896231,59500.6355635561,40499.3644364439,45.5,40.0,70.0,59.5,45.5,40.0
TailSitter_Bicopter_Compact_OptWing,HOBBYWING_H15MD_PLUS_coaxial_axis,73.0,12Sx2_series_24S_66Ah,66000,24,51689.8,19489.8,32200.0,11853.6,58.711606345172854,True,1072.2809557435996,55092.692902715906,10907.307097284094,42.5,40.0,68.5,58.0,42.5,40.0
TailSitter_Bicopter_Compact_OptWing,HOBBYWING_H15MD_PLUS_coaxial_axis,73.0,12Sx4_2P2S_24S_132Ah,132000,24,73089.8,19489.8,53600.0,23707.2,104.6569187546053,True,1079.3773487572412,66399.19998089004,65600.80001910996,49.5,41.5,72.5,61.5,49.5,41.5
TailSitter_Bicopter_Compact_OptWing,HOBBYWING_H15MD_PLUS_coaxial_axis,73.0,Farasis_24S1P_53Ah,53000,24,51990.8,19489.8,32501.0,864.0,47.14719903476002,False,1072.2872531932578,55105.06907045589,-2105.0690704558874,43.0,40.0,68.5,58.0,43.0,40.0
TailSitter_Bicopter_Compact_OptWing,HOBBYWING_H15MD_PLUS_coaxial_axis,73.0,Farasis_24S2P_106Ah,106000,24,73691.8,19489.8,54202.0,1728.0,83.09173427374111,True,1076.991010677368,66551.27951122134,39448.720488778665,50.0,42.0,72.5,61.5,50.0,42.0
TailSitter_Bicopter_Compact_OptWing,HOBBYWING_H15MD_PLUS_coaxial_axis,73.0,ZYE_UltraHV_24S_66Ah,66000,24,51289.8,19489.8,31800.0,2498.0,58.711606345172854,True,1071.9782493445068,55078.206117462876,10921.793882537124,42.5,40.0,68.5,58.0,42.5,40.0
TailSitter_Bicopter_Compact_OptWing,HOBBYWING_H15MD_PLUS_coaxial_axis,73.0,Grepow_TARBG_24S_30Ah,30000,24,39634.8,19489.8,20145.0,5302.78,26.687093793260388,False,1069.8153391805247,49581.79984705354,-19581.79984705354,40.0,40.0,66.0,56.0,40.0,40.0
TailSitter_Bicopter_Compact_OptWing,HOBBYWING_H15MD_PLUS_coaxial_axis,73.0,Amprius_SA08_24S1P_11Ah,11050,24,32989.8,19489.8,13500.0,4640.0,9.829746213850909,False,1069.0503854767123,45835.699880267544,-34785.699880267544,40.0,40.0,64.5,54.5,40.0,40.0
TailSitter_Bicopter_Compact_OptWing,HOBBYWING_H15MD_PLUS_coaxial_axis,73.0,Amprius_SA08_24S2P_22Ah,22100,24,35689.8,19489.8,16200.0,9280.0,19.659492427701817,False,1069.6483341038788,47073.57412303876,-24973.574123038758,40.0,40.0,65.0,55.0,40.0,40.0
TailSitter_Bicopter_Compact_OptWing,HOBBYWING_H15MD_PLUS_coaxial_axis,73.0,Amprius_SA88_24S1P_10Ah,10500,24,32736.8,19489.8,13247.0,1944.0,9.340482827641136,False,1068.8220473761635,45825.47277715935,-35325.47277715935,40.0,40.0,64.5,54.5,40.0,40.0
TailSitter_Bicopter_Compact_OptWing,HOBBYWING_H15MD_PLUS_coaxial_axis,73.0,Amprius_SA88_24S2P_21Ah,21000,24,35182.8,19489.8,15693.0,3888.0,18.68096565528227,False,1069.2083323955565,47053.65751332892,-26053.657513328923,40.0,40.0,65.0,55.0,40.0,40.0
TailSitter_Bicopter_Compact_OptWing,HOBBYWING_H15MD_PLUS_coaxial_axis,73.0,Grepow_NMC811_24S1P_87Ah,87000,24,52710.8,19489.8,33221.0,15378.12,77.39257200045512,True,1073.034554461431,55143.676814363156,31856.323185636844,43.0,40.0,68.5,58.0,43.0,40.0
TailSitter_Bicopter_Compact_OptWing,HOBBYWING_H15MD_PLUS_coaxial_axis,73.0,Grepow_NMC811_24S2P_24Ah,24000,24,36821.8,19489.8,17332.0,4242.24,21.34967503460831,False,1069.113536815524,48287.15998009579,-24287.159980095792,40.0,40.0,65.5,55.5,40.0,40.0
TailSitter_Bicopter_Compact_OptWing,HOBBYWING_H15MD_PLUS_coaxial_axis,73.0,Amprius_SA88_24S4P_42Ah,42000,24,40077.8,19489.8,20588.0,7776.0,37.36193131056454,False,1070.0995255953574,49594.17396750055,-7594.173967500552,40.0,40.0,66.0,56.0,40.0,40.0
TailSitter_Bicopter_Compact_OptWing,HOBBYWING_H15MD_PLUS_coaxial_axis,73.0,Amprius_SA88_24S6P_63Ah,63000,24,44971.8,19489.8,25482.0,11664.0,56.042896965846815,True,1073.616592843005,51061.4010750179,11938.5989249821,40.0,40.0,67.0,56.5,40.0,40.0
TailSitter_Bicopter_Compact_OptWing,HOBBYWING_H15MD_PLUS_coaxial_axis,73.0,Grepow_NMC811_small_24S4P_48Ah,48000,24,43353.8,19489.8,23864.0,8484.48,42.69935006921662,False,1071.2234626873374,50937.14055716609,-2937.140557166087,40.0,40.0,66.5,56.5,40.0,40.0
TailSitter_Bicopter_Compact_OptWing,HOBBYWING_H15MD_coaxial_axis,64.0,YANGDA_XTurbo_24S_44Ah,44000,24,39785.3,19287.3,20498.0,7800.0,46.81964221308449,False,1071.669128117481,55124.78148403385,-11124.781484033847,41.0,40.0,69.5,60.0,41.0,40.0
TailSitter_Bicopter_Compact_OptWing,HOBBYWING_H15MD_coaxial_axis,64.0,TATTU_NEO_24S_30Ah,30000,24,43955.3,19287.3,24668.0,5668.98,31.922483327103063,False,1073.2130422916127,56718.444300113966,-26718.444300113966,42.5,40.0,70.0,60.5,42.5,40.0
TailSitter_Bicopter_Compact_OptWing,HOBBYWING_H15MD_coaxial_axis,64.0,MAD_24S_55Ah_solid_state,55000,24,43623.3,19287.3,24336.0,9372.0,58.52455276635562,False,1072.8347216979387,56699.175373098515,-1699.1753730985147,42.5,40.0,70.0,60.5,42.5,40.0
TailSitter_Bicopter_Compact_OptWing,HOBBYWING_H15MD_coaxial_axis,64.0,MAD_24S_100Ah_solid_state,100000,24,57260.3,19287.3,37973.0,17040.0,103.04500280291032,True,1077.1028967426723,65050.680062075866,34949.319937924134,48.0,40.5,72.5,63.0,48.0,40.5
TailSitter_Bicopter_Compact_OptWing,HOBBYWING_H15MD_coaxial_axis,64.0,12Sx2_series_24S_66Ah,66000,24,48355.3,19287.3,29068.0,11853.6,70.22946331962675,True,1073.169589467399,59835.84580708254,6164.154192917456,44.5,40.0,71.0,61.5,44.5,40.0
TailSitter_Bicopter_Compact_OptWing,HOBBYWING_H15MD_coaxial_axis,64.0,12Sx4_2P2S_24S_132Ah,132000,24,69755.3,19287.3,50468.0,23707.2,102.00508982225213,True,1077.0198636053765,73528.35727152608,58471.64272847392,52.0,44.5,75.0,65.0,52.0,44.5
TailSitter_Bicopter_Compact_OptWing,HOBBYWING_H15MD_coaxial_axis,64.0,Farasis_24S1P_53Ah,53000,24,48656.3,19287.3,29369.0,864.0,56.39638721121541,False,1073.437152802138,59848.72573257623,-6848.725732576233,44.5,40.0,71.0,61.5,44.5,40.0
TailSitter_Bicopter_Compact_OptWing,HOBBYWING_H15MD_coaxial_axis,64.0,Farasis_24S2P_106Ah,106000,24,70357.3,19287.3,51070.0,1728.0,80.88962653615424,True,1078.1827068668326,73613.06361721232,32386.93638278768,52.5,44.5,75.5,65.0,52.5,44.5
TailSitter_Bicopter_Compact_OptWing,HOBBYWING_H15MD_coaxial_axis,64.0,ZYE_UltraHV_24S_66Ah,66000,24,47955.3,19287.3,28668.0,2498.0,70.22946331962675,True,1072.8440865727255,59820.54740771798,6179.452592282018,44.5,40.0,71.0,61.5,44.5,40.0
TailSitter_Bicopter_Compact_OptWing,HOBBYWING_H15MD_coaxial_axis,64.0,Grepow_TARBG_24S_30Ah,30000,24,36300.3,19287.3,17013.0,5302.78,31.922483327103063,False,1072.2623382609304,52271.2616282855,-22271.2616282855,40.0,40.0,68.5,59.0,40.0,40.0
TailSitter_Bicopter_Compact_OptWing,HOBBYWING_H15MD_coaxial_axis,64.0,Amprius_SA08_24S1P_11Ah,11050,24,29655.3,19287.3,10368.0,4640.0,11.75811469214963,False,1069.2702296152686,49384.84588178999,-38334.84588178999,40.0,40.0,67.0,58.0,40.0,40.0
TailSitter_Bicopter_Compact_OptWing,HOBBYWING_H15MD_coaxial_axis,64.0,Amprius_SA08_24S2P_22Ah,22100,24,32355.3,19287.3,13068.0,9280.0,23.51622938429926,False,1070.0634475792642,50778.409388634194,-28678.409388634194,40.0,40.0,67.5,58.5,40.0,40.0
TailSitter_Bicopter_Compact_OptWing,HOBBYWING_H15MD_coaxial_axis,64.0,Amprius_SA88_24S1P_10Ah,10500,24,29402.3,19287.3,10115.0,1944.0,11.172869164486071,False,1069.0888853874858,49376.89647893655,-38876.89647893655,40.0,40.0,67.0,58.0,40.0,40.0
TailSitter_Bicopter_Compact_OptWing,HOBBYWING_H15MD_coaxial_axis,64.0,Amprius_SA88_24S2P_21Ah,21000,24,31848.3,19287.3,12561.0,3888.0,22.345738328972143,False,1069.6911330297783,50762.04311182351,-29762.043111823506,40.0,40.0,67.5,58.5,40.0,40.0
TailSitter_Bicopter_Compact_OptWing,HOBBYWING_H15MD_coaxial_axis,64.0,Grepow_NMC811_24S1P_87Ah,87000,24,49376.3,19287.3,30089.0,15378.12,92.57520164859888,True,1073.9375548080263,59887.087405268336,27112.912594731664,45.0,40.0,71.0,61.5,45.0,40.0
TailSitter_Bicopter_Compact_OptWing,HOBBYWING_H15MD_coaxial_axis,64.0,Grepow_NMC811_24S2P_24Ah,24000,24,33487.3,19287.3,14200.0,4242.24,25.53798666168245,False,1071.135915010124,50833.58853387627,-26833.588533876267,40.0,40.0,68.0,58.5,40.0,40.0
TailSitter_Bicopter_Compact_OptWing,HOBBYWING_H15MD_coaxial_axis,64.0,Amprius_SA88_24S4P_42Ah,42000,24,36743.3,19287.3,17456.0,7776.0,44.691476657944285,False,1073.507923230137,52338.46316071037,-10338.463160710373,40.0,40.0,68.5,59.0,40.0,40.0
TailSitter_Bicopter_Compact_OptWing,HOBBYWING_H15MD_coaxial_axis,64.0,Amprius_SA88_24S6P_63Ah,63000,24,41637.3,19287.3,22350.0,11664.0,67.03721498691644,True,1073.0662104155474,55218.789602473546,7781.2103975264545,42.0,40.0,69.5,60.0,42.0,40.0
TailSitter_Bicopter_Compact_OptWing,HOBBYWING_H15MD_coaxial_axis,64.0,Grepow_NMC811_small_24S4P_48Ah,48000,24,40019.3,19287.3,20732.0,8484.48,51.0759733233649,False,1071.8500355318415,55132.727590692506,-7132.727590692506,41.0,40.0,69.5,60.0,41.0,40.0
TailSitter_Bicopter_Compact_OptWing,M50C35_PRO_EEE_34kv,30.0,YANGDA_XTurbo_24S_44Ah,44000,24,34952.3,18522.3,16430.0,11200.0,56.33238747406176,False,1071.8927179020043,55126.45577411859,-11126.455774118593,42.0,40.0,100.0,72.5,42.0,40.0
TailSitter_Bicopter_Compact_OptWing,M50C35_PRO_EEE_34kv,30.0,TATTU_NEO_24S_30Ah,30000,24,39122.3,18522.3,20600.0,9068.98,38.40844600504211,False,1072.1292896363361,58151.01553680722,-28151.015536807223,45.0,40.0,100.0,74.0,45.0,40.0
TailSitter_Bicopter_Compact_OptWing,M50C35_PRO_EEE_34kv,30.0,MAD_24S_55Ah_solid_state,55000,24,38790.3,18522.3,20268.0,12772.0,70.4154843425772,False,1073.20216107858,57210.40837098272,-2210.4083709827173,45.0,40.0,100.0,73.5,45.0,40.0
TailSitter_Bicopter_Compact_OptWing,M50C35_PRO_EEE_34kv,30.0,MAD_24S_100Ah_solid_state,100000,24,52427.3,18522.3,33905.0,20440.0,108.41862813493792,True,1077.7682976552344,67462.41670351393,32537.583296486075,53.0,42.5,100.0,78.0,53.0,42.5
TailSitter_Bicopter_Compact_OptWing,M50C35_PRO_EEE_34kv,30.0,12Sx2_series_24S_66Ah,66000,24,43522.3,18522.3,25000.0,15253.6,84.49858121109264,True,1074.3641217902282,60354.48903117535,5645.510968824652,48.0,40.0,100.0,75.0,48.0,40.0
TailSitter_Bicopter_Compact_OptWing,M50C35_PRO_EEE_34kv,30.0,12Sx4_2P2S_24S_132Ah,132000,24,64922.3,18522.3,46400.0,27107.2,105.61861154013464,True,1078.8142200410762,77108.7597567415,54891.24024325849,58.5,48.0,100.0,81.5,58.5,48.0
TailSitter_Bicopter_Compact_OptWing,M50C35_PRO_EEE_34kv,30.0,Farasis_24S1P_53Ah,53000,24,43823.3,18522.3,25301.0,4264.0,67.8549212755744,False,1075.1716414874288,60412.84290610945,-7412.84290610945,48.5,40.0,100.0,75.0,48.5,40.0
TailSitter_Bicopter_Compact_OptWing,M50C35_PRO_EEE_34kv,30.0,Farasis_24S2P_106Ah,106000,24,65524.3,18522.3,47002.0,5128.0,83.73725339443148,True,1079.317987871774,78314.52210831728,27685.47789168272,59.0,48.0,100.0,82.0,59.0,48.0
TailSitter_Bicopter_Compact_OptWing,M50C35_PRO_EEE_34kv,30.0,ZYE_UltraHV_24S_66Ah,66000,24,43122.3,18522.3,24600.0,5898.0,84.49858121109264,True,1073.6044757946383,60313.25062679657,5686.749373203427,48.0,40.0,100.0,75.0,48.0,40.0
TailSitter_Bicopter_Compact_OptWing,M50C35_PRO_EEE_34kv,30.0,Grepow_TARBG_24S_30Ah,30000,24,31467.3,18522.3,12945.0,8702.779999999999,38.40844600504211,False,1072.0999552887201,53149.25892639985,-23149.258926399852,40.0,40.0,85.5,71.5,40.0,40.0
TailSitter_Bicopter_Compact_OptWing,M50C35_PRO_EEE_34kv,30.0,Amprius_SA08_24S1P_11Ah,11050,24,24822.3,18522.3,6300.0,8040.0,14.14711094519051,False,1070.7968236461174,48616.30914900284,-37566.30914900284,40.0,40.0,82.5,69.0,40.0,40.0
TailSitter_Bicopter_Compact_OptWing,M50C35_PRO_EEE_34kv,30.0,Amprius_SA08_24S2P_22Ah,22100,24,27522.3,18522.3,9000.0,12680.0,28.29422189038102,False,1071.203615458403,50379.02639638444,-28279.02639638444,40.0,40.0,83.5,70.0,40.0,40.0
TailSitter_Bicopter_Compact_OptWing,M50C35_PRO_EEE_34kv,30.0,Amprius_SA88_24S1P_10Ah,10500,24,24569.3,18522.3,6047.0,5344.0,13.442956101764738,False,1070.3051395071348,48592.017266189105,-38092.017266189105,40.0,40.0,82.5,69.0,40.0,40.0
TailSitter_Bicopter_Compact_OptWing,M50C35_PRO_EEE_34kv,30.0,Amprius_SA88_24S2P_21Ah,21000,24,27015.3,18522.3,8493.0,7288.0,26.885912203529475,False,1070.558245370937,50348.59039232173,-29348.590392321727,40.0,40.0,83.5,70.0,40.0,40.0
TailSitter_Bicopter_Compact_OptWing,M50C35_PRO_EEE_34kv,30.0,Grepow_NMC811_24S1P_87Ah,87000,24,44543.3,18522.3,26021.0,18778.120000000003,111.38449341462211,True,1074.0169262761722,61379.89568463439,25620.104315365606,49.0,40.0,100.0,75.5,49.0,40.0
TailSitter_Bicopter_Compact_OptWing,M50C35_PRO_EEE_34kv,30.0,Grepow_NMC811_24S2P_24Ah,24000,24,28654.3,18522.3,10132.0,7642.24,30.726756804033688,False,1071.2320909942202,51272.17905483359,-27272.179054833592,40.0,40.0,84.0,70.5,40.0,40.0
TailSitter_Bicopter_Compact_OptWing,M50C35_PRO_EEE_34kv,30.0,Amprius_SA88_24S4P_42Ah,42000,24,31910.3,18522.3,13388.0,11176.0,53.77182440705895,False,1072.5739720741408,53173.75621604396,-11173.756216043963,40.0,40.0,86.0,71.5,40.0,40.0
TailSitter_Bicopter_Compact_OptWing,M50C35_PRO_EEE_34kv,30.0,Amprius_SA88_24S6P_63Ah,63000,24,36804.3,18522.3,18282.0,15064.0,80.65773661058843,True,1072.3284455710798,56148.660637061075,6851.339362938925,43.5,40.0,100.0,73.0,43.5,40.0
TailSitter_Bicopter_Compact_OptWing,M50C35_PRO_EEE_34kv,30.0,Grepow_NMC811_small_24S4P_48Ah,48000,24,35186.3,18522.3,16664.0,11884.48,61.453513608067375,False,1071.9912344079887,55142.18528760818,-7142.185287608183,42.5,40.0,100.0,72.5,42.5,40.0
TailSitter_Bicopter_Compact_OptWing,TMOTOR_U15L_KV43,47.0,YANGDA_XTurbo_24S_44Ah,44000,24,39574.8,18904.8,20670.0,25087.0,54.17385376558462,False,20242.339352495168,2003230.1085843921,-1959230.1085843921,56.5,45.0,100.0,100.0,56.5,45.0
TailSitter_Bicopter_Compact_OptWing,TMOTOR_U15L_KV43,47.0,TATTU_NEO_24S_30Ah,30000,24,43744.8,18904.8,24840.0,22955.98,32.144573313927786,False,20243.06753280286,2003674.9486812542,-1973674.9486812542,61.0,47.0,100.0,100.0,61.0,47.0
TailSitter_Bicopter_Compact_OptWing,TMOTOR_U15L_KV43,47.0,MAD_24S_55Ah_solid_state,55000,24,43412.8,18904.8,24508.0,26659.0,59.564537206276064,False,20242.331688043905,2003662.5611326348,-1948662.5611326348,61.0,47.0,100.0,100.0,61.0,47.0
TailSitter_Bicopter_Compact_OptWing,TMOTOR_U15L_KV43,47.0,MAD_24S_100Ah_solid_state,100000,24,57049.8,18904.8,38145.0,34327.0,73.64157412249045,False,20243.34936970948,2005307.117167241,-1905307.117167241,72.0,55.5,100.0,100.0,72.0,55.5
TailSitter_Bicopter_Compact_OptWing,TMOTOR_U15L_KV43,47.0,12Sx2_series_24S_66Ah,66000,24,48144.8,18904.8,29240.0,29140.6,61.795423309381015,False,20242.769845845312,2004208.4003057724,-1938208.4003057724,63.5,49.5,100.0,100.0,63.5,49.5
TailSitter_Bicopter_Compact_OptWing,TMOTOR_U15L_KV43,47.0,12Sx4_2P2S_24S_132Ah,132000,24,69544.8,18904.8,50640.0,40994.2,72.93439824624399,False,20243.15844021262,2007093.171824721,-1875093.171824721,80.0,63.5,100.0,100.0,80.0,63.5
TailSitter_Bicopter_Compact_OptWing,TMOTOR_U15L_KV43,47.0,Farasis_24S1P_53Ah,53000,24,48445.8,18904.8,29541.0,18151.0,49.19000526849121,False,20243.3191580805,2004221.9753555716,-1951221.9753555716,64.0,49.5,100.0,100.0,64.0,49.5
TailSitter_Bicopter_Compact_OptWing,TMOTOR_U15L_KV43,47.0,Farasis_24S2P_106Ah,106000,24,70146.8,18904.8,51242.0,19015.0,57.83962327311652,False,20243.93429758659,2007123.8743323172,-1901123.8743323172,81.5,63.5,100.0,100.0,81.5,63.5
TailSitter_Bicopter_Compact_OptWing,TMOTOR_U15L_KV43,47.0,ZYE_UltraHV_24S_66Ah,66000,24,47744.8,18904.8,28840.0,19785.0,62.525822479903844,False,20243.995332928105,2004130.7427818489,-1938130.7427818489,63.5,49.0,100.0,100.0,63.5,49.0
TailSitter_Bicopter_Compact_OptWing,TMOTOR_U15L_KV43,47.0,Grepow_TARBG_24S_30Ah,30000,24,36089.8,18904.8,17185.0,22589.78,41.85034729189831,False,20241.53773335708,2002897.8278237393,-1972897.8278237393,53.0,43.5,100.0,100.0,53.0,43.5
TailSitter_Bicopter_Compact_OptWing,TMOTOR_U15L_KV43,47.0,Amprius_SA08_24S1P_11Ah,11050,24,29444.8,18904.8,10540.0,21927.0,19.826555023923447,False,20241.604322072988,2002225.1309135046,-1991175.1309135046,47.0,40.0,100.0,100.0,47.0,40.0
TailSitter_Bicopter_Compact_OptWing,TMOTOR_U15L_KV43,47.0,Amprius_SA08_24S2P_22Ah,22100,24,32144.8,18904.8,13240.0,26567.0,36.02665594224913,False,20241.58432468039,2002483.0554934365,-1980383.0554934365,49.5,41.5,100.0,100.0,49.5,41.5
TailSitter_Bicopter_Compact_OptWing,TMOTOR_U15L_KV43,47.0,Amprius_SA88_24S1P_10Ah,10500,24,29191.8,18904.8,10287.0,19231.0,18.83971291866029,False,20241.204229964616,2002220.8952601098,-1991720.8952601098,47.0,40.0,100.0,100.0,47.0,40.0
TailSitter_Bicopter_Compact_OptWing,TMOTOR_U15L_KV43,47.0,Amprius_SA88_24S2P_21Ah,21000,24,31637.8,18904.8,12733.0,21175.0,34.970321892146565,False,20242.737331914468,2002403.4224018126,-1981403.4224018126,49.0,41.0,100.0,100.0,49.0,41.0
TailSitter_Bicopter_Compact_OptWing,TMOTOR_U15L_KV43,47.0,Grepow_NMC811_24S1P_87Ah,87000,24,49165.8,18904.8,30261.0,32665.120000000003,79.08653736791919,False,20243.197893875662,2004316.5416884075,-1917316.5416884075,64.0,50.0,100.0,100.0,64.0,50.0
TailSitter_Bicopter_Compact_OptWing,TMOTOR_U15L_KV43,47.0,Grepow_NMC811_24S2P_24Ah,24000,24,33276.8,18904.8,14372.0,21529.239999999998,37.347062839241985,False,20241.821103815164,2002585.327493075,-1978585.327493075,50.5,42.0,100.0,100.0,50.5,42.0
TailSitter_Bicopter_Compact_OptWing,TMOTOR_U15L_KV43,47.0,Amprius_SA88_24S4P_42Ah,42000,24,36532.8,18904.8,17628.0,25063.0,57.6338298284537,False,20242.155804703012,2002907.9741322477,-1960907.9741322477,53.5,43.5,100.0,100.0,53.5,43.5
TailSitter_Bicopter_Compact_OptWing,TMOTOR_U15L_KV43,47.0,Amprius_SA88_24S6P_63Ah,63000,24,41426.8,18904.8,22522.0,28951.0,72.83423849106272,False,20242.263981977634,2003440.8714303214,-1940440.8714303214,59.0,46.0,100.0,100.0,59.0,46.0
TailSitter_Bicopter_Compact_OptWing,TMOTOR_U15L_KV43,47.0,Grepow_NMC811_small_24S4P_48Ah,48000,24,39808.8,18904.8,20904.0,25771.48,58.6245033433572,False,20242.82355561321,2003238.51770694,-1955238.51770694,57.0,45.0,100.0,100.0,57.0,45.0
TailSitter_Bicopter_Compact_OptWing,TMOTOR_U15XL_KV38,52.0,YANGDA_XTurbo_24S_44Ah,44000,24,41523.3,19017.3,22506.0,32887.0,54.33230558827604,False,1078.3470564387194,69378.80110191564,-25378.80110191564,50.5,43.0,100.0,85.0,50.5,43.0
TailSitter_Bicopter_Compact_OptWing,TMOTOR_U15XL_KV38,52.0,TATTU_NEO_24S_30Ah,30000,24,45693.3,19017.3,26676.0,30755.98,32.61715544827461,False,1079.3844585478623,72582.9230931521,-42582.9230931521,53.0,45.0,100.0,87.5,53.0,45.0
TailSitter_Bicopter_Compact_OptWing,TMOTOR_U15XL_KV38,52.0,MAD_24S_55Ah_solid_state,55000,24,45361.3,19017.3,26344.0,34459.0,60.388155463740695,False,1079.3094605852878,72179.75558174952,-17179.755581749516,53.0,45.0,100.0,87.0,53.0,45.0
TailSitter_Bicopter_Compact_OptWing,TMOTOR_U15XL_KV38,52.0,MAD_24S_100Ah_solid_state,100000,24,58998.3,19017.3,39981.0,42127.0,75.89489717334686,True,1087.0150016494674,84383.73533504846,15616.264664951537,63.0,49.5,100.0,97.5,63.0,49.5
TailSitter_Bicopter_Compact_OptWing,TMOTOR_U15XL_KV38,52.0,12Sx2_series_24S_66Ah,66000,24,50093.3,19017.3,31076.0,36940.6,63.17054406626488,False,1081.742929472797,76246.1636203065,-10246.163620306499,56.0,46.5,100.0,91.0,56.0,46.5
TailSitter_Bicopter_Compact_OptWing,TMOTOR_U15XL_KV38,52.0,12Sx4_2P2S_24S_132Ah,132000,24,71493.3,19017.3,52476.0,48794.2,76.49569206437464,False,20243.362708430792,2006775.0795514379,-1874775.0795514379,71.0,54.5,100.0,100.0,71.0,54.5
TailSitter_Bicopter_Compact_OptWing,TMOTOR_U15XL_KV38,52.0,Farasis_24S1P_53Ah,53000,24,50394.3,19017.3,31377.0,25951.0,50.29923212622426,False,1079.647608909808,76822.76894823938,-23822.768948239376,56.5,47.0,100.0,91.5,56.5,47.0
TailSitter_Bicopter_Compact_OptWing,TMOTOR_U15XL_KV38,52.0,Farasis_24S2P_106Ah,106000,24,72095.3,19017.3,53078.0,26815.0,60.71035977026863,False,20244.460617066074,2006809.0483807498,-1900809.0483807498,71.0,54.5,100.0,100.0,71.0,54.5
TailSitter_Bicopter_Compact_OptWing,TMOTOR_U15XL_KV38,52.0,ZYE_UltraHV_24S_66Ah,66000,24,49693.3,19017.3,30676.0,27585.0,63.890903809127565,False,1080.2757184779825,76162.35770322666,-10162.357703226662,55.5,46.5,100.0,91.0,55.5,46.5
TailSitter_Bicopter_Compact_OptWing,TMOTOR_U15XL_KV38,52.0,Grepow_TARBG_24S_30Ah,30000,24,38038.3,19017.3,19021.0,30389.78,41.53944857965008,False,1076.6694938968205,66943.32063415537,-36943.320634155374,48.5,41.5,100.0,84.0,48.5,41.5
TailSitter_Bicopter_Compact_OptWing,TMOTOR_U15XL_KV38,52.0,Amprius_SA08_24S1P_11Ah,11050,24,31393.3,19017.3,12376.0,29727.0,16.3946587537092,False,1073.8176236307581,61944.78704871078,-50894.78704871078,45.5,40.0,100.0,82.5,45.5,40.0
TailSitter_Bicopter_Compact_OptWing,TMOTOR_U15XL_KV38,52.0,Amprius_SA08_24S2P_22Ah,22100,24,34093.3,19017.3,15076.0,34367.0,32.7893175074184,False,1075.4333041981972,63661.80694129994,-41561.80694129994,46.5,40.0,100.0,83.0,46.5,40.0
TailSitter_Bicopter_Compact_OptWing,TMOTOR_U15XL_KV38,52.0,Amprius_SA88_24S1P_10Ah,10500,24,31140.3,19017.3,12123.0,27031.0,15.578635014836797,False,1073.5329245882062,61931.67427645495,-51431.67427645495,45.5,40.0,100.0,82.5,45.5,40.0
TailSitter_Bicopter_Compact_OptWing,TMOTOR_U15XL_KV38,52.0,Amprius_SA88_24S2P_21Ah,21000,24,33586.3,19017.3,14569.0,28975.0,31.157270029673594,False,1074.7227753801185,63631.20211577598,-42631.20211577598,46.5,40.0,100.0,83.0,46.5,40.0
TailSitter_Bicopter_Compact_OptWing,TMOTOR_U15XL_KV38,52.0,Grepow_NMC811_24S1P_87Ah,87000,24,51114.3,19017.3,32097.0,40465.12,80.9215107758424,True,1080.5759286816433,77356.94433107745,9643.055668922549,57.0,47.0,100.0,92.0,57.0,47.0
TailSitter_Bicopter_Compact_OptWing,TMOTOR_U15XL_KV38,52.0,Grepow_NMC811_24S2P_24Ah,24000,24,35225.3,19017.3,16208.0,29329.239999999998,35.60830860534125,False,1077.6010577735776,63797.550480252554,-39797.550480252554,47.5,40.0,100.0,83.0,47.5,40.0
TailSitter_Bicopter_Compact_OptWing,TMOTOR_U15XL_KV38,52.0,Amprius_SA88_24S4P_42Ah,42000,24,38481.3,19017.3,19464.0,32863.0,57.28454665007534,False,1077.511504378346,66979.24142883731,-24979.24142883731,49.0,41.5,100.0,84.0,49.0,41.5
TailSitter_Bicopter_Compact_OptWing,TMOTOR_U15XL_KV38,52.0,Amprius_SA88_24S6P_63Ah,63000,24,43375.3,19017.3,24358.0,36751.0,73.43667462643512,False,1079.6076366065083,70382.57705354868,-7382.577053548681,51.5,44.0,100.0,85.5,51.5,44.0
TailSitter_Bicopter_Compact_OptWing,TMOTOR_U15XL_KV38,52.0,Grepow_NMC811_small_24S4P_48Ah,48000,24,41757.3,19017.3,22740.0,33571.479999999996,58.83516401910155,False,1079.381957454933,69409.24592595545,-21409.245925955445,50.5,43.0,100.0,85.0,50.5,43.0
TailSitter_Bicopter_Compact_OptWing,TMOTOR_U15XXL_KV29,62.0,YANGDA_XTurbo_24S_44Ah,44000,24,44172.3,19242.3,24930.0,37387.0,56.48267008985879,False,1075.6201838823138,58494.06811363789,-14494.068113637892,49.5,40.0,99.5,75.0,49.5,40.0
TailSitter_Bicopter_Compact_OptWing,TMOTOR_U15XXL_KV29,62.0,TATTU_NEO_24S_30Ah,30000,24,48342.3,19242.3,29100.0,35255.979999999996,37.09802273132042,False,1077.5880178523514,61403.42812292271,-31403.428122922713,52.0,41.0,100.0,77.5,52.0,41.0
TailSitter_Bicopter_Compact_OptWing,TMOTOR_U15XXL_KV29,62.0,MAD_24S_55Ah_solid_state,55000,24,48010.3,19242.3,28768.0,38959.0,68.65677327029806,False,1076.6969111616613,61365.05659270649,-6365.056592706489,51.5,41.0,100.0,77.5,51.5,41.0
TailSitter_Bicopter_Compact_OptWing,TMOTOR_U15XXL_KV29,62.0,MAD_24S_100Ah_solid_state,100000,24,61647.3,19242.3,42405.0,46627.0,87.93290889704343,True,1078.9425743627685,71179.50323296718,28820.49676703282,58.0,48.5,100.0,83.5,58.0,48.5
TailSitter_Bicopter_Compact_OptWing,TMOTOR_U15XXL_KV29,62.0,12Sx2_series_24S_66Ah,66000,24,52742.3,19242.3,33500.0,41440.6,72.44838499870204,True,1076.9461192548729,64903.85577759689,1096.1442224031125,54.0,44.0,100.0,80.0,54.0,44.0
TailSitter_Bicopter_Compact_OptWing,TMOTOR_U15XXL_KV29,62.0,12Sx4_2P2S_24S_132Ah,132000,24,74142.3,19242.3,54900.0,53294.2,88.83931602287358,True,1080.0004482681325,81812.46658409343,50187.53341590657,65.0,53.0,100.0,89.0,65.0,53.0
TailSitter_Bicopter_Compact_OptWing,TMOTOR_U15XXL_KV29,62.0,Farasis_24S1P_53Ah,53000,24,53043.3,19242.3,33801.0,30451.0,57.72275186457085,False,1077.815293550059,64938.78859189348,-11938.788591893477,54.0,44.0,100.0,80.0,54.0,44.0
TailSitter_Bicopter_Compact_OptWing,TMOTOR_U15XXL_KV29,62.0,Farasis_24S2P_106Ah,106000,24,74744.3,19242.3,55502.0,31315.0,70.50826172796354,True,1082.3033500010529,81927.53819582638,24072.461804173625,65.5,53.0,100.0,89.0,65.5,53.0
TailSitter_Bicopter_Compact_OptWing,TMOTOR_U15XXL_KV29,62.0,ZYE_UltraHV_24S_66Ah,66000,24,52342.3,19242.3,33100.0,32085.0,73.21257285169163,True,1078.4576909827522,64248.85278807395,1751.1472119260507,54.0,43.5,100.0,79.5,54.0,43.5
TailSitter_Bicopter_Compact_OptWing,TMOTOR_U15XXL_KV29,62.0,Grepow_TARBG_24S_30Ah,30000,24,40687.3,19242.3,21445.0,34889.78,38.51091142490372,False,1073.9702088769784,56678.39265981619,-26678.392659816192,47.5,40.0,97.5,73.0,47.5,40.0
TailSitter_Bicopter_Compact_OptWing,TMOTOR_U15XXL_KV29,62.0,Amprius_SA08_24S1P_11Ah,11050,24,34042.3,19242.3,14800.0,34227.0,14.184852374839537,False,1071.981732862593,53535.027828674596,-42485.027828674596,43.0,40.0,93.5,70.0,43.0,40.0
TailSitter_Bicopter_Compact_OptWing,TMOTOR_U15XXL_KV29,62.0,Amprius_SA08_24S2P_22Ah,22100,24,36742.3,19242.3,17500.0,38867.0,28.369704749679073,False,1072.6612678947242,54831.90783817079,-32731.907838170788,45.0,40.0,95.0,71.0,45.0,40.0
TailSitter_Bicopter_Compact_OptWing,TMOTOR_U15XXL_KV29,62.0,Amprius_SA88_24S1P_10Ah,10500,24,33789.3,19242.3,14547.0,31531.0,13.478818998716303,False,1071.7775220059575,53523.951522982105,-43023.951522982105,43.0,40.0,93.0,70.0,43.0,40.0
TailSitter_Bicopter_Compact_OptWing,TMOTOR_U15XXL_KV29,62.0,Amprius_SA88_24S2P_21Ah,21000,24,36235.3,19242.3,16993.0,33475.0,26.957637997432606,False,1073.2529249208264,54282.904200437355,-33282.904200437355,44.5,40.0,94.5,70.5,44.5,40.0
TailSitter_Bicopter_Compact_OptWing,TMOTOR_U15XXL_KV29,62.0,Grepow_NMC811_24S1P_87Ah,87000,24,53763.3,19242.3,34521.0,44965.12,92.99876903511212,True,1077.201636435348,65670.12307634899,21329.876923651012,54.5,44.5,100.0,80.5,54.5,44.5
TailSitter_Bicopter_Compact_OptWing,TMOTOR_U15XXL_KV29,62.0,Grepow_NMC811_24S2P_24Ah,24000,24,37874.3,19242.3,18632.0,33829.24,30.808729139922978,False,1073.0935946989787,55360.17100056464,-31360.17100056464,45.5,40.0,95.5,71.5,45.5,40.0
TailSitter_Bicopter_Compact_OptWing,TMOTOR_U15XXL_KV29,62.0,Amprius_SA88_24S4P_42Ah,42000,24,41130.3,19242.3,21888.0,37363.0,53.91527599486521,False,1075.0715270176484,56740.29195920453,-14740.29195920453,47.5,40.0,97.5,73.0,47.5,40.0
TailSitter_Bicopter_Compact_OptWing,TMOTOR_U15XXL_KV29,62.0,Amprius_SA88_24S6P_63Ah,63000,24,46024.3,19242.3,26782.0,41251.0,80.87291399229781,True,1077.004985053803,59603.07172261727,3396.928277382729,50.5,40.0,100.0,76.0,50.5,40.0
TailSitter_Bicopter_Compact_OptWing,TMOTOR_U15XXL_KV29,62.0,Grepow_NMC811_small_24S4P_48Ah,48000,24,44406.3,19242.3,25164.0,38071.479999999996,61.617458279845955,False,1076.4141028025651,58551.86641161866,-10551.866411618663,50.0,40.0,99.5,75.0,50.0,40.0
TailSitter_Bicopter_Balanced_OptWing,HOBBYWING_H13MD_coaxial_axis,54.0,YANGDA_XTurbo_24S_44Ah,44000,24,38644.6,20074.6,18570.0,7800.0,63.7923854284917,False,1076.396409284096,64425.15161472718,-20425.151614727183,54.0,40.0,91.5,80.0,54.0,40.0
TailSitter_Bicopter_Balanced_OptWing,HOBBYWING_H13MD_coaxial_axis,54.0,TATTU_NEO_24S_30Ah,30000,24,42814.6,20074.6,22740.0,5668.98,37.906481261578186,False,1075.0129129291927,68923.30813028458,-38923.30813028458,56.5,45.0,93.0,81.0,56.5,45.0
TailSitter_Bicopter_Balanced_OptWing,HOBBYWING_H13MD_coaxial_axis,54.0,MAD_24S_55Ah_solid_state,55000,24,42482.6,20074.6,22408.0,9372.0,70.22822039176556,False,1074.5303178155832,68903.72192042865,-13903.721920428652,56.0,45.0,93.0,81.0,56.0,45.0
TailSitter_Bicopter_Balanced_OptWing,HOBBYWING_H13MD_coaxial_axis,54.0,MAD_24S_100Ah_solid_state,100000,24,56119.6,20074.6,36045.0,17040.0,86.22550440852388,True,1074.5425008707036,81690.0641114628,18309.935888537206,63.5,54.5,96.5,83.0,63.5,54.5
TailSitter_Bicopter_Balanced_OptWing,HOBBYWING_H13MD_coaxial_axis,54.0,12Sx2_series_24S_66Ah,66000,24,47214.6,20074.6,27140.0,11853.6,73.06648555866546,False,1075.4054990948928,72021.85587499237,-6021.855874992369,58.5,49.0,94.5,81.5,58.5,49.0
TailSitter_Bicopter_Balanced_OptWing,HOBBYWING_H13MD_coaxial_axis,54.0,12Sx4_2P2S_24S_132Ah,132000,24,68614.6,20074.6,48540.0,23707.2,84.04947059833314,True,1078.78962365623,91343.89215394769,40656.10784605231,70.0,58.5,98.0,84.5,70.0,58.5
TailSitter_Bicopter_Balanced_OptWing,HOBBYWING_H13MD_coaxial_axis,54.0,Farasis_24S1P_53Ah,53000,24,47515.6,20074.6,27441.0,864.0,58.17069571832775,False,1076.0132797938497,72052.65362897504,-19052.653628975037,59.0,49.0,94.5,81.5,59.0,49.0
TailSitter_Bicopter_Balanced_OptWing,HOBBYWING_H13MD_coaxial_axis,54.0,Farasis_24S2P_106Ah,106000,24,69216.6,20074.6,49142.0,1728.0,66.62989791628871,True,1076.206379373715,93411.23150863168,12588.768491368319,70.0,59.0,98.0,85.0,70.0,59.0
TailSitter_Bicopter_Balanced_OptWing,HOBBYWING_H13MD_coaxial_axis,54.0,ZYE_UltraHV_24S_66Ah,66000,24,46814.6,20074.6,26740.0,2498.0,73.91441250338306,False,1075.3911238209062,71945.57762765104,-5945.577627651044,58.5,48.5,94.5,81.5,58.5,48.5
TailSitter_Bicopter_Balanced_OptWing,HOBBYWING_H13MD_coaxial_axis,54.0,Grepow_TARBG_24S_30Ah,30000,24,35159.6,20074.6,15085.0,5302.78,43.49480824669889,False,1072.8715450079417,62686.23936795027,-32686.23936795027,52.0,40.0,90.0,79.5,52.0,40.0
TailSitter_Bicopter_Balanced_OptWing,HOBBYWING_H13MD_coaxial_axis,54.0,Amprius_SA08_24S1P_11Ah,11050,24,28514.6,20074.6,8440.0,4640.0,16.020587704200757,False,1071.1938887210677,58240.001938147216,-47190.001938147216,46.0,40.0,87.0,78.0,46.0,40.0
TailSitter_Bicopter_Balanced_OptWing,HOBBYWING_H13MD_coaxial_axis,54.0,Amprius_SA08_24S2P_22Ah,22100,24,31214.6,20074.6,11140.0,9280.0,32.041175408401514,False,1071.9738540191925,59677.60214182555,-37577.60214182555,49.0,40.0,88.5,78.5,49.0,40.0
TailSitter_Bicopter_Balanced_OptWing,HOBBYWING_H13MD_coaxial_axis,54.0,Amprius_SA88_24S1P_10Ah,10500,24,28261.6,20074.6,8187.0,1944.0,15.22318288634461,False,1071.0747810018552,58230.09020509628,-47730.09020509628,45.5,40.0,87.0,78.0,45.5,40.0
TailSitter_Bicopter_Balanced_OptWing,HOBBYWING_H13MD_coaxial_axis,54.0,Amprius_SA88_24S2P_21Ah,21000,24,30707.6,20074.6,10633.0,3888.0,30.44636577268922,False,1071.6135708458824,59651.70072595422,-38651.70072595422,48.5,40.0,88.0,78.5,48.5,40.0
TailSitter_Bicopter_Balanced_OptWing,HOBBYWING_H13MD_coaxial_axis,54.0,Grepow_NMC811_24S1P_87Ah,87000,24,48235.6,20074.6,28161.0,15378.12,93.55586337249198,True,1075.1060567430188,74827.12098279485,12172.879017205152,59.5,49.5,94.5,82.0,59.5,49.5
TailSitter_Bicopter_Balanced_OptWing,HOBBYWING_H13MD_coaxial_axis,54.0,Grepow_NMC811_24S2P_24Ah,24000,24,32346.6,20074.6,12272.0,4242.24,34.79584659735911,False,1071.624696188798,61108.249933378844,-37108.249933378844,50.5,40.0,89.0,79.0,50.5,40.0
TailSitter_Bicopter_Balanced_OptWing,HOBBYWING_H13MD_coaxial_axis,54.0,Amprius_SA88_24S4P_42Ah,42000,24,35602.6,20074.6,15528.0,7776.0,60.89273154537844,False,1073.3415760888865,62710.22292064148,-20710.222920641478,52.0,40.0,90.5,79.5,52.0,40.0
TailSitter_Bicopter_Balanced_OptWing,HOBBYWING_H13MD_coaxial_axis,54.0,Amprius_SA88_24S6P_63Ah,63000,24,40496.6,20074.6,20422.0,11664.0,85.80116328929418,False,1075.6537501882144,66431.47581107052,-3431.475811070515,55.0,42.5,92.0,80.5,55.0,42.5
TailSitter_Bicopter_Balanced_OptWing,HOBBYWING_H13MD_coaxial_axis,54.0,Grepow_NMC811_small_24S4P_48Ah,48000,24,38878.6,20074.6,18804.0,8484.48,69.05767962368418,False,1074.840155189903,66229.44600645368,-18229.446006453683,54.0,40.5,91.5,80.5,54.0,40.5
TailSitter_Bicopter_Balanced_OptWing,HOBBYWING_H15MD_PLUS_coaxial_axis,73.0,YANGDA_XTurbo_24S_44Ah,44000,24,44132.1,20502.1,23630.0,7800.0,39.141070896781905,False,1071.1991140246994,50935.739925893555,-6935.739925893555,40.0,40.0,67.0,56.5,40.0,40.0
TailSitter_Bicopter_Balanced_OptWing,HOBBYWING_H15MD_PLUS_coaxial_axis,73.0,TATTU_NEO_24S_30Ah,30000,24,48302.1,20502.1,27800.0,5668.98,26.687093793260388,False,1071.0561334571669,53631.65519097787,-23631.655190977872,41.5,40.0,67.5,57.5,41.5,40.0
TailSitter_Bicopter_Balanced_OptWing,HOBBYWING_H15MD_PLUS_coaxial_axis,73.0,MAD_24S_55Ah_solid_state,55000,24,47970.1,20502.1,27468.0,9372.0,48.926338620977376,True,1070.8613166522687,53623.06571401737,1376.9342859826284,41.5,40.0,67.5,57.5,41.5,40.0
TailSitter_Bicopter_Balanced_OptWing,HOBBYWING_H15MD_PLUS_coaxial_axis,73.0,MAD_24S_100Ah_solid_state,100000,24,61607.1,20502.1,41105.0,17040.0,88.95697931086796,True,1073.636870499599,59508.098206296185,40491.901793703815,46.0,40.0,70.5,59.5,46.0,40.0
TailSitter_Bicopter_Balanced_OptWing,HOBBYWING_H15MD_PLUS_coaxial_axis,73.0,12Sx2_series_24S_66Ah,66000,24,52702.1,20502.1,32200.0,11853.6,58.711606345172854,True,1072.2131799620156,55099.4052926244,10900.594707375603,43.0,40.0,68.5,58.0,43.0,40.0
TailSitter_Bicopter_Balanced_OptWing,HOBBYWING_H15MD_PLUS_coaxial_axis,73.0,12Sx4_2P2S_24S_132Ah,132000,24,74102.1,20502.1,53600.0,23707.2,102.6796082944907,True,1076.3127701819649,66521.51389173546,65478.48610826454,50.0,42.0,72.5,61.5,50.0,42.0
TailSitter_Bicopter_Balanced_OptWing,HOBBYWING_H15MD_PLUS_coaxial_axis,73.0,Farasis_24S1P_53Ah,53000,24,53003.1,20502.1,32501.0,864.0,47.14719903476002,False,1072.554894296469,55117.42120355721,-2117.4212035572127,43.0,40.0,68.5,58.0,43.0,40.0
TailSitter_Bicopter_Balanced_OptWing,HOBBYWING_H15MD_PLUS_coaxial_axis,73.0,Farasis_24S2P_106Ah,106000,24,74704.1,20502.1,54202.0,1728.0,81.53650054636826,True,1075.8622510526463,68068.2619754607,37931.7380245393,50.0,42.0,72.5,62.0,50.0,42.0
TailSitter_Bicopter_Balanced_OptWing,HOBBYWING_H15MD_PLUS_coaxial_axis,73.0,ZYE_UltraHV_24S_66Ah,66000,24,52302.1,20502.1,31800.0,2498.0,58.711606345172854,True,1071.847749887087,55080.79158877002,10919.208411229978,43.0,40.0,68.5,58.0,43.0,40.0
TailSitter_Bicopter_Balanced_OptWing,HOBBYWING_H15MD_PLUS_coaxial_axis,73.0,Grepow_TARBG_24S_30Ah,30000,24,40647.1,20502.1,20145.0,5302.78,26.687093793260388,False,1069.9563076592958,49583.534403206286,-19583.534403206286,40.0,40.0,66.0,56.0,40.0,40.0
TailSitter_Bicopter_Balanced_OptWing,HOBBYWING_H15MD_PLUS_coaxial_axis,73.0,Amprius_SA08_24S1P_11Ah,11050,24,34002.1,20502.1,13500.0,4640.0,9.829746213850909,False,1069.765559467063,45867.072354145326,-34817.072354145326,40.0,40.0,64.5,54.5,40.0,40.0
TailSitter_Bicopter_Balanced_OptWing,HOBBYWING_H15MD_PLUS_coaxial_axis,73.0,Amprius_SA08_24S2P_22Ah,22100,24,36702.1,20502.1,16200.0,9280.0,19.659492427701817,False,1070.285751255768,47105.97859427035,-25005.978594270353,40.0,40.0,65.5,55.0,40.0,40.0
TailSitter_Bicopter_Balanced_OptWing,HOBBYWING_H15MD_PLUS_coaxial_axis,73.0,Amprius_SA88_24S1P_10Ah,10500,24,33749.1,20502.1,13247.0,1944.0,9.340482827641136,False,1069.259500567289,45843.02449378109,-35343.02449378109,40.0,40.0,64.5,54.5,40.0,40.0
TailSitter_Bicopter_Balanced_OptWing,HOBBYWING_H15MD_PLUS_coaxial_axis,73.0,Amprius_SA88_24S2P_21Ah,21000,24,36195.1,20502.1,15693.0,3888.0,18.68096565528227,False,1069.5213243308704,47064.95490589297,-26064.95490589297,40.0,40.0,65.0,55.0,40.0,40.0
TailSitter_Bicopter_Balanced_OptWing,HOBBYWING_H15MD_PLUS_coaxial_axis,73.0,Grepow_NMC811_24S1P_87Ah,87000,24,53723.1,20502.1,33221.0,15378.12,77.39257200045512,True,1071.4458458994973,56468.86464870018,30531.135351299818,43.5,40.0,69.0,58.5,43.5,40.0
TailSitter_Bicopter_Balanced_OptWing,HOBBYWING_H15MD_PLUS_coaxial_axis,73.0,Grepow_NMC811_24S2P_24Ah,24000,24,37834.1,20502.1,17332.0,4242.24,21.34967503460831,False,1069.2419262286476,48288.68801997467,-24288.688019974667,40.0,40.0,65.5,55.5,40.0,40.0
TailSitter_Bicopter_Balanced_OptWing,HOBBYWING_H15MD_PLUS_coaxial_axis,73.0,Amprius_SA88_24S4P_42Ah,42000,24,41090.1,20502.1,20588.0,7776.0,37.36193131056454,False,1070.28910684742,49598.49368189526,-7598.493681895263,40.0,40.0,66.0,56.0,40.0,40.0
TailSitter_Bicopter_Balanced_OptWing,HOBBYWING_H15MD_PLUS_coaxial_axis,73.0,Amprius_SA88_24S6P_63Ah,63000,24,45984.1,20502.1,25482.0,11664.0,56.042896965846815,True,1071.080215153132,52259.732932560975,10740.267067439025,40.5,40.0,67.0,57.0,40.5,40.0
TailSitter_Bicopter_Balanced_OptWing,HOBBYWING_H15MD_PLUS_coaxial_axis,73.0,Grepow_NMC811_small_24S4P_48Ah,48000,24,44366.1,20502.1,23864.0,8484.48,42.69935006921662,False,1071.445824517118,50947.50423414284,-2947.5042341428416,40.0,40.0,67.0,56.5,40.0,40.0
TailSitter_Bicopter_Balanced_OptWing,HOBBYWING_H15MD_coaxial_axis,64.0,YANGDA_XTurbo_24S_44Ah,44000,24,40797.6,20299.6,20498.0,7800.0,46.81964221308449,False,1071.6383027147267,55128.793457807886,-11128.793457807886,41.5,40.0,69.5,60.0,41.5,40.0
TailSitter_Bicopter_Balanced_OptWing,HOBBYWING_H15MD_coaxial_axis,64.0,TATTU_NEO_24S_30Ah,30000,24,44967.6,20299.6,24668.0,5668.98,31.922483327103063,False,1071.8284110694121,58178.761507425406,-28178.761507425406,43.0,40.0,70.5,61.0,43.0,40.0
TailSitter_Bicopter_Balanced_OptWing,HOBBYWING_H15MD_coaxial_axis,64.0,MAD_24S_55Ah_solid_state,55000,24,44635.6,20299.6,24336.0,9372.0,58.52455276635562,False,1073.0110150064388,56724.39955302664,-1724.3995530266402,43.0,40.0,70.5,60.5,43.0,40.0
TailSitter_Bicopter_Balanced_OptWing,HOBBYWING_H15MD_coaxial_axis,64.0,MAD_24S_100Ah_solid_state,100000,24,58272.6,20299.6,37973.0,17040.0,100.47117333004086,True,1075.6458300930449,65179.1554076104,34820.8445923896,48.0,41.0,73.0,63.0,48.0,41.0
TailSitter_Bicopter_Balanced_OptWing,HOBBYWING_H15MD_coaxial_axis,64.0,12Sx2_series_24S_66Ah,66000,24,49367.6,20299.6,29068.0,11853.6,70.22946331962675,True,1073.0836288821504,59841.204965404286,6158.795034595714,45.0,40.0,71.0,61.5,45.0,40.0
TailSitter_Bicopter_Balanced_OptWing,HOBBYWING_H15MD_coaxial_axis,64.0,12Sx4_2P2S_24S_132Ah,132000,24,70767.6,20299.6,50468.0,23707.2,99.87757956089395,True,1075.595304245198,75265.67695825394,56734.32304174606,52.5,44.5,75.5,65.5,52.5,44.5
TailSitter_Bicopter_Balanced_OptWing,HOBBYWING_H15MD_coaxial_axis,64.0,Farasis_24S1P_53Ah,53000,24,49668.6,20299.6,29369.0,864.0,56.39638721121541,False,1073.3168616791838,59858.166964335614,-6858.1669643356145,45.0,40.0,71.5,61.5,45.0,40.0
TailSitter_Bicopter_Balanced_OptWing,HOBBYWING_H15MD_coaxial_axis,64.0,Farasis_24S2P_106Ah,106000,24,71369.6,20299.6,51070.0,1728.0,79.21785529180424,True,1077.1228134930684,75314.99115012912,30685.00884987088,52.5,44.5,75.5,65.5,52.5,44.5
TailSitter_Bicopter_Balanced_OptWing,HOBBYWING_H15MD_coaxial_axis,64.0,ZYE_UltraHV_24S_66Ah,66000,24,48967.6,20299.6,28668.0,2498.0,70.22946331962675,True,1072.970317027223,59822.66103677331,6177.338963226692,44.5,40.0,71.0,61.5,44.5,40.0
TailSitter_Bicopter_Balanced_OptWing,HOBBYWING_H15MD_coaxial_axis,64.0,Grepow_TARBG_24S_30Ah,30000,24,37312.6,20299.6,17013.0,5302.78,31.922483327103063,False,1070.8941038801013,53613.23942817727,-23613.239428177272,40.0,40.0,69.0,59.5,40.0,40.0
TailSitter_Bicopter_Balanced_OptWing,HOBBYWING_H15MD_coaxial_axis,64.0,Amprius_SA08_24S1P_11Ah,11050,24,30667.6,20299.6,10368.0,4640.0,11.75811469214963,False,1069.4631043889417,49393.140860421714,-38343.140860421714,40.0,40.0,67.5,58.0,40.0,40.0
TailSitter_Bicopter_Balanced_OptWing,HOBBYWING_H15MD_coaxial_axis,64.0,Amprius_SA08_24S2P_22Ah,22100,24,33367.6,20299.6,13068.0,9280.0,23.51622938429926,False,1070.2929997603449,50788.03337939518,-28688.03337939518,40.0,40.0,68.0,58.5,40.0,40.0
TailSitter_Bicopter_Balanced_OptWing,HOBBYWING_H15MD_coaxial_axis,64.0,Amprius_SA88_24S1P_10Ah,10500,24,30414.6,20299.6,10115.0,1944.0,11.172869164486071,False,1069.233312644827,49382.58200976304,-38882.58200976304,40.0,40.0,67.5,58.0,40.0,40.0
TailSitter_Bicopter_Balanced_OptWing,HOBBYWING_H15MD_coaxial_axis,64.0,Amprius_SA88_24S2P_21Ah,21000,24,32860.6,20299.6,12561.0,3888.0,22.345738328972143,False,1069.82700146377,50766.515108730084,-29766.515108730084,40.0,40.0,68.0,58.5,40.0,40.0
TailSitter_Bicopter_Balanced_OptWing,HOBBYWING_H15MD_coaxial_axis,64.0,Grepow_NMC811_24S1P_87Ah,87000,24,50388.6,20299.6,30089.0,15378.12,92.57520164859888,True,1074.288755251626,59928.50996031826,27071.49003968174,45.5,40.0,71.5,61.5,45.5,40.0
TailSitter_Bicopter_Balanced_OptWing,HOBBYWING_H15MD_coaxial_axis,64.0,Grepow_NMC811_24S2P_24Ah,24000,24,34499.6,20299.6,14200.0,4242.24,25.53798666168245,False,1070.0074243660442,52156.17431936688,-28156.17431936688,40.0,40.0,68.0,59.0,40.0,40.0
TailSitter_Bicopter_Balanced_OptWing,HOBBYWING_H15MD_coaxial_axis,64.0,Amprius_SA88_24S4P_42Ah,42000,24,37755.6,20299.6,17456.0,7776.0,44.691476657944285,False,1071.2198166892244,53626.87495918578,-11626.874959185778,40.0,40.0,69.0,59.5,40.0,40.0
TailSitter_Bicopter_Balanced_OptWing,HOBBYWING_H15MD_coaxial_axis,64.0,Amprius_SA88_24S6P_63Ah,63000,24,42649.6,20299.6,22350.0,11664.0,67.03721498691644,True,1071.6734375268777,56626.34835951982,6373.6516404801805,42.0,40.0,70.0,60.5,42.0,40.0
TailSitter_Bicopter_Balanced_OptWing,HOBBYWING_H15MD_coaxial_axis,64.0,Grepow_NMC811_small_24S4P_48Ah,48000,24,41031.6,20299.6,20732.0,8484.48,51.0759733233649,False,1071.845275204638,55138.53165573493,-7138.531655734929,41.5,40.0,69.5,60.0,41.5,40.0
TailSitter_Bicopter_Balanced_OptWing,M50C35_PRO_EEE_34kv,30.0,YANGDA_XTurbo_24S_44Ah,44000,24,35964.6,19534.6,16430.0,11200.0,56.33238747406176,False,1070.9371594796337,56065.37874200213,-12065.378742002133,43.0,40.0,100.0,73.0,43.0,40.0
TailSitter_Bicopter_Balanced_OptWing,M50C35_PRO_EEE_34kv,30.0,TATTU_NEO_24S_30Ah,30000,24,40134.6,19534.6,20600.0,9068.98,38.40844600504211,False,1072.1571069119107,58166.20272942271,-28166.20272942271,46.0,40.0,100.0,74.0,46.0,40.0
TailSitter_Bicopter_Balanced_OptWing,M50C35_PRO_EEE_34kv,30.0,MAD_24S_55Ah_solid_state,55000,24,39802.6,19534.6,20268.0,12772.0,70.4154843425772,False,1071.9348270558085,58145.13001882171,-3145.1300188217065,45.5,40.0,100.0,74.0,45.5,40.0
TailSitter_Bicopter_Balanced_OptWing,M50C35_PRO_EEE_34kv,30.0,MAD_24S_100Ah_solid_state,100000,24,53439.6,19534.6,33905.0,20440.0,105.45763518479535,True,1076.4020855654744,67574.08248992522,32425.91751007478,53.5,43.0,100.0,78.0,53.5,43.0
TailSitter_Bicopter_Balanced_OptWing,M50C35_PRO_EEE_34kv,30.0,12Sx2_series_24S_66Ah,66000,24,44534.6,19534.6,25000.0,15253.6,84.49858121109264,True,1073.015511197716,61330.504897159095,4669.495102840905,49.0,40.0,100.0,75.5,49.0,40.0
TailSitter_Bicopter_Balanced_OptWing,M50C35_PRO_EEE_34kv,30.0,12Sx4_2P2S_24S_132Ah,132000,24,65934.6,19534.6,46400.0,27107.2,103.38046584487104,True,1076.1270445799416,78342.03285008,53657.967149920005,59.0,48.5,100.0,82.0,59.0,48.5
TailSitter_Bicopter_Balanced_OptWing,M50C35_PRO_EEE_34kv,30.0,Farasis_24S1P_53Ah,53000,24,44835.6,19534.6,25301.0,4264.0,67.8549212755744,False,1073.4311478115387,61349.94992390992,-8349.949923909917,49.0,40.0,100.0,75.5,49.0,40.0
TailSitter_Bicopter_Balanced_OptWing,M50C35_PRO_EEE_34kv,30.0,Farasis_24S2P_106Ah,106000,24,66536.6,19534.6,47002.0,5128.0,81.98306246280926,True,1077.5788324247762,78423.31880178674,27576.681198213264,59.5,48.5,100.0,82.0,59.5,48.5
TailSitter_Bicopter_Balanced_OptWing,M50C35_PRO_EEE_34kv,30.0,ZYE_UltraHV_24S_66Ah,66000,24,44134.6,19534.6,24600.0,5898.0,84.49858121109264,True,1072.7186050885268,61309.88071329682,4690.119286703179,48.5,40.0,100.0,75.5,48.5,40.0
TailSitter_Bicopter_Balanced_OptWing,M50C35_PRO_EEE_34kv,30.0,Grepow_TARBG_24S_30Ah,30000,24,32479.6,19534.6,12945.0,8702.779999999999,38.40844600504211,False,1071.8844916868302,53174.1181646688,-23174.1181646688,40.5,40.0,92.0,71.5,40.5,40.0
TailSitter_Bicopter_Balanced_OptWing,M50C35_PRO_EEE_34kv,30.0,Amprius_SA08_24S1P_11Ah,11050,24,25834.6,19534.6,6300.0,8040.0,14.14711094519051,False,1069.797817534088,49429.83759529386,-38379.83759529386,40.0,40.0,83.0,69.5,40.0,40.0
TailSitter_Bicopter_Balanced_OptWing,M50C35_PRO_EEE_34kv,30.0,Amprius_SA08_24S2P_22Ah,22100,24,28534.6,19534.6,9000.0,12680.0,28.29422189038102,False,1070.5056507865386,51232.91676606706,-29132.916766067057,40.0,40.0,84.0,70.5,40.0,40.0
TailSitter_Bicopter_Balanced_OptWing,M50C35_PRO_EEE_34kv,30.0,Amprius_SA88_24S1P_10Ah,10500,24,25581.6,19534.6,6047.0,5344.0,13.442956101764738,False,1069.546717222846,49418.60667687886,-38918.60667687886,40.0,40.0,83.0,69.5,40.0,40.0
TailSitter_Bicopter_Balanced_OptWing,M50C35_PRO_EEE_34kv,30.0,Amprius_SA88_24S2P_21Ah,21000,24,28027.6,19534.6,8493.0,7288.0,26.885912203529475,False,1071.291238211595,50382.590939652386,-29382.590939652386,40.0,40.0,84.0,70.0,40.0,40.0
TailSitter_Bicopter_Balanced_OptWing,M50C35_PRO_EEE_34kv,30.0,Grepow_NMC811_24S1P_87Ah,87000,24,45555.6,19534.6,26021.0,18778.120000000003,111.38449341462211,True,1073.3109189506704,62394.96889880675,24605.03110119325,49.5,40.0,100.0,76.0,49.5,40.0
TailSitter_Bicopter_Balanced_OptWing,M50C35_PRO_EEE_34kv,30.0,Grepow_NMC811_24S2P_24Ah,24000,24,29666.6,19534.6,10132.0,7642.24,30.726756804033688,False,1070.7270883613774,52153.12783736862,-28153.127837368622,40.0,40.0,84.5,71.0,40.0,40.0
TailSitter_Bicopter_Balanced_OptWing,M50C35_PRO_EEE_34kv,30.0,Amprius_SA88_24S4P_42Ah,42000,24,32922.6,19534.6,13388.0,11176.0,53.77182440705895,False,1070.952844730661,54082.39372330806,-12082.393723308058,41.0,40.0,93.0,72.0,41.0,40.0
TailSitter_Bicopter_Balanced_OptWing,M50C35_PRO_EEE_34kv,30.0,Amprius_SA88_24S6P_63Ah,63000,24,37816.6,19534.6,18282.0,15064.0,80.65773661058843,True,1071.4392354755353,57093.1801501686,5906.819849831401,44.0,40.0,100.0,73.5,44.0,40.0
TailSitter_Bicopter_Balanced_OptWing,M50C35_PRO_EEE_34kv,30.0,Grepow_NMC811_small_24S4P_48Ah,48000,24,36198.6,19534.6,16664.0,11884.48,61.453513608067375,False,1071.1425274780495,56074.42454749864,-8074.424547498638,43.0,40.0,100.0,73.0,43.0,40.0
TailSitter_Bicopter_Balanced_OptWing,TMOTOR_U15L_KV43,47.0,YANGDA_XTurbo_24S_44Ah,44000,24,40587.1,19917.1,20670.0,25087.0,52.329462593320756,False,20241.793269728558,2003327.6961439366,-1959327.6961439366,58.0,45.5,100.0,100.0,58.0,45.5
TailSitter_Bicopter_Balanced_OptWing,TMOTOR_U15L_KV43,47.0,TATTU_NEO_24S_30Ah,30000,24,44757.1,19917.1,24840.0,22955.98,31.128131480792515,False,20242.409143528268,2003774.7522974738,-1973774.7522974738,61.5,47.5,100.0,100.0,61.5,47.5
TailSitter_Bicopter_Balanced_OptWing,TMOTOR_U15L_KV43,47.0,MAD_24S_55Ah_solid_state,55000,24,44425.1,19917.1,24508.0,26659.0,57.66862536973926,False,20241.834937973832,2003764.6030648148,-1948764.6030648148,61.5,47.5,100.0,100.0,61.5,47.5
TailSitter_Bicopter_Balanced_OptWing,TMOTOR_U15L_KV43,47.0,MAD_24S_100Ah_solid_state,100000,24,58062.1,19917.1,38145.0,34327.0,71.80577129746986,False,20242.2984663421,2005426.3317714776,-1905426.3317714776,72.5,56.5,100.0,100.0,72.5,56.5
TailSitter_Bicopter_Balanced_OptWing,TMOTOR_U15L_KV43,47.0,12Sx2_series_24S_66Ah,66000,24,49157.1,19917.1,29240.0,29140.6,60.011623723184655,False,20242.3680852307,2004301.143281857,-1938301.143281857,64.0,50.0,100.0,100.0,64.0,50.0
TailSitter_Bicopter_Balanced_OptWing,TMOTOR_U15L_KV43,47.0,12Sx4_2P2S_24S_132Ah,132000,24,70557.1,19917.1,50640.0,40994.2,71.41738996614589,False,20243.787794788004,2007122.258967068,-1875122.258967068,82.0,63.5,100.0,100.0,82.0,63.5
TailSitter_Bicopter_Balanced_OptWing,TMOTOR_U15L_KV43,47.0,Farasis_24S1P_53Ah,53000,24,49458.1,19917.1,29541.0,18151.0,47.77909141920671,False,20243.064254191726,2004314.874878561,-1951314.874878561,64.0,50.0,100.0,100.0,64.0,50.0
TailSitter_Bicopter_Balanced_OptWing,TMOTOR_U15L_KV43,47.0,Farasis_24S2P_106Ah,106000,24,71159.1,19917.1,51242.0,19015.0,56.64233267886613,False,20242.88557048611,2007250.402834954,-1901250.402834954,83.0,64.0,100.0,100.0,83.0,64.0
TailSitter_Bicopter_Balanced_OptWing,TMOTOR_U15L_KV43,47.0,ZYE_UltraHV_24S_66Ah,66000,24,48757.1,19917.1,28840.0,19785.0,60.705623403120775,False,20241.812822170636,2004289.768355027,-1938289.768355027,64.0,50.0,100.0,100.0,64.0,50.0
TailSitter_Bicopter_Balanced_OptWing,TMOTOR_U15L_KV43,47.0,Grepow_TARBG_24S_30Ah,30000,24,37102.1,19917.1,17185.0,22589.78,40.31623306618336,False,20241.108331388095,2003000.3211067894,-1973000.3211067894,54.0,44.0,100.0,100.0,54.0,44.0
TailSitter_Bicopter_Balanced_OptWing,TMOTOR_U15L_KV43,47.0,Amprius_SA08_24S1P_11Ah,11050,24,30457.1,19917.1,10540.0,21927.0,19.35766757560515,False,20241.29515432675,2002301.3890128352,-1991251.3890128352,48.0,40.5,100.0,100.0,48.0,40.5
TailSitter_Bicopter_Balanced_OptWing,TMOTOR_U15L_KV43,47.0,Amprius_SA08_24S2P_22Ah,22100,24,33157.1,19917.1,13240.0,26567.0,34.55745013366056,False,20241.25394562416,2002577.2169312346,-1980477.2169312346,50.0,42.0,100.0,100.0,50.0,42.0
TailSitter_Bicopter_Balanced_OptWing,TMOTOR_U15L_KV43,47.0,Amprius_SA88_24S1P_10Ah,10500,24,30204.1,19917.1,10287.0,19231.0,18.598322157958773,False,20241.115897325446,2002297.201981902,-1991797.201981902,47.5,40.5,100.0,100.0,47.5,40.5
TailSitter_Bicopter_Balanced_OptWing,TMOTOR_U15L_KV43,47.0,Amprius_SA88_24S2P_21Ah,21000,24,32650.1,19917.1,12733.0,21175.0,33.52438060584978,False,20240.84767145797,2002569.9318774675,-1981569.9318774675,49.5,42.0,100.0,100.0,49.5,42.0
TailSitter_Bicopter_Balanced_OptWing,TMOTOR_U15L_KV43,47.0,Grepow_NMC811_24S1P_87Ah,87000,24,50178.1,19917.1,30261.0,32665.120000000003,76.85151519547858,False,20242.856612736938,2004407.361028538,-1917407.361028538,64.5,50.5,100.0,100.0,64.5,50.5
TailSitter_Bicopter_Balanced_OptWing,TMOTOR_U15L_KV43,47.0,Grepow_NMC811_24S2P_24Ah,24000,24,34289.1,19917.1,14372.0,21529.239999999998,35.87104686115742,False,20241.39931722634,2002682.5681471804,-1978682.5681471804,51.0,42.5,100.0,100.0,51.0,42.5
TailSitter_Bicopter_Balanced_OptWing,TMOTOR_U15L_KV43,47.0,Amprius_SA88_24S4P_42Ah,42000,24,37545.1,19917.1,17628.0,25063.0,55.544203400036345,False,20241.54500094547,2003008.4168174965,-1961008.4168174965,54.5,44.0,100.0,100.0,54.5,44.0
TailSitter_Bicopter_Balanced_OptWing,TMOTOR_U15L_KV43,47.0,Amprius_SA88_24S6P_63Ah,63000,24,42439.1,19917.1,22522.0,28951.0,70.42777682758235,False,20241.75522908005,2003542.3532005597,-1940542.3532005597,60.0,46.5,100.0,100.0,60.0,46.5
TailSitter_Bicopter_Balanced_OptWing,TMOTOR_U15L_KV43,47.0,Grepow_NMC811_small_24S4P_48Ah,48000,24,40821.1,19917.1,20904.0,25771.48,56.635749614427716,False,20242.23181774201,2003334.5113324365,-1955334.5113324365,58.0,45.5,100.0,100.0,58.0,45.5
TailSitter_Bicopter_Balanced_OptWing,TMOTOR_U15XL_KV38,52.0,YANGDA_XTurbo_24S_44Ah,44000,24,42535.6,20029.6,22506.0,32887.0,52.63472480965767,False,1078.27647290839,69527.871621961,-25527.871621961007,51.0,43.5,100.0,85.0,51.0,43.5
TailSitter_Bicopter_Balanced_OptWing,TMOTOR_U15XL_KV38,52.0,TATTU_NEO_24S_30Ah,30000,24,46705.6,20029.6,26676.0,30755.98,31.66368118761852,False,1077.9808406320265,73450.76444831178,-43450.76444831178,53.5,45.5,100.0,88.5,53.5,45.5
TailSitter_Bicopter_Balanced_OptWing,TMOTOR_U15XL_KV38,52.0,MAD_24S_55Ah_solid_state,55000,24,46373.6,20029.6,26344.0,34459.0,58.616106647333986,False,1077.8333482686114,73061.11875439547,-18061.118754395473,53.5,45.5,100.0,88.0,53.5,45.5
TailSitter_Bicopter_Balanced_OptWing,TMOTOR_U15XL_KV38,52.0,MAD_24S_100Ah_solid_state,100000,24,60010.6,20029.6,39981.0,42127.0,74.10172300981895,True,1087.1436232259791,85180.12634730083,14819.87365269917,64.0,50.0,100.0,98.0,64.0,50.0
TailSitter_Bicopter_Balanced_OptWing,TMOTOR_U15XL_KV38,52.0,12Sx2_series_24S_66Ah,66000,24,51105.6,20029.6,31076.0,36940.6,61.40357278495061,False,1079.1553025166359,77280.0259503072,-11280.025950307201,57.0,47.0,100.0,92.0,57.0,47.0
TailSitter_Bicopter_Balanced_OptWing,TMOTOR_U15XL_KV38,52.0,12Sx4_2P2S_24S_132Ah,132000,24,72505.6,20029.6,52476.0,48794.2,75.00249099712241,False,20242.56462664957,2006888.146157132,-1874888.146157132,71.5,55.0,100.0,100.0,71.5,55.0
TailSitter_Bicopter_Balanced_OptWing,TMOTOR_U15XL_KV38,52.0,Farasis_24S1P_53Ah,53000,24,51406.6,20029.6,31377.0,25951.0,48.89933335619243,False,1079.9570441269757,77324.61054323005,-24324.610543230054,57.0,47.0,100.0,92.0,57.0,47.0
TailSitter_Bicopter_Balanced_OptWing,TMOTOR_U15XL_KV38,52.0,Farasis_24S2P_106Ah,106000,24,73107.6,20029.6,53078.0,26815.0,59.53520170245885,False,20243.35014626339,2006913.450382114,-1900913.450382114,71.5,55.0,100.0,100.0,71.5,55.0
TailSitter_Bicopter_Balanced_OptWing,TMOTOR_U15XL_KV38,52.0,ZYE_UltraHV_24S_66Ah,66000,24,50705.6,20029.6,30676.0,27585.0,62.092220232177105,False,1079.085586530274,76793.52070733022,-10793.520707330215,56.5,47.0,100.0,91.5,56.5,47.0
TailSitter_Bicopter_Balanced_OptWing,TMOTOR_U15XL_KV38,52.0,Grepow_TARBG_24S_30Ah,30000,24,39050.6,20029.6,19021.0,30389.78,40.14202801697793,False,1076.4506345278346,67046.00402501327,-37046.00402501327,49.0,42.0,100.0,84.0,49.0,42.0
TailSitter_Bicopter_Balanced_OptWing,TMOTOR_U15XL_KV38,52.0,Amprius_SA08_24S1P_11Ah,11050,24,32405.6,20029.6,12376.0,29727.0,16.3946587537092,False,1074.1638707810682,61967.69843583065,-50917.69843583065,46.0,40.0,100.0,82.5,46.0,40.0
TailSitter_Bicopter_Balanced_OptWing,TMOTOR_U15XL_KV38,52.0,Amprius_SA08_24S2P_22Ah,22100,24,35105.6,20029.6,15076.0,34367.0,32.7893175074184,False,1076.0973972450206,63700.87865393027,-41600.87865393027,47.0,40.0,100.0,83.0,47.0,40.0
TailSitter_Bicopter_Balanced_OptWing,TMOTOR_U15XL_KV38,52.0,Amprius_SA88_24S1P_10Ah,10500,24,32152.6,20029.6,12123.0,27031.0,15.578635014836797,False,1073.7888196871406,61948.21226868701,-51448.21226868701,46.0,40.0,100.0,82.5,46.0,40.0
TailSitter_Bicopter_Balanced_OptWing,TMOTOR_U15XL_KV38,52.0,Amprius_SA88_24S2P_21Ah,21000,24,34598.6,20029.6,14569.0,28975.0,31.157270029673594,False,1075.05618947139,63650.28554262316,-42650.28554262316,47.0,40.0,100.0,83.0,47.0,40.0
TailSitter_Bicopter_Balanced_OptWing,TMOTOR_U15XL_KV38,52.0,Grepow_NMC811_24S1P_87Ah,87000,24,52126.6,20029.6,32097.0,40465.12,78.69727913829358,True,1079.5324003096027,78000.8217782125,8999.1782217875,57.5,47.5,100.0,92.5,57.5,47.5
TailSitter_Bicopter_Balanced_OptWing,TMOTOR_U15XL_KV38,52.0,Grepow_NMC811_24S2P_24Ah,24000,24,36237.6,20029.6,16208.0,29329.239999999998,35.40510299800764,False,1075.3113915289046,65301.17794729177,-41301.17794729177,48.0,40.5,100.0,83.5,48.0,40.5
TailSitter_Bicopter_Balanced_OptWing,TMOTOR_U15XL_KV38,52.0,Amprius_SA88_24S4P_42Ah,42000,24,39493.6,20029.6,19464.0,32863.0,55.37834354706612,False,1077.4426528383453,67102.15942519797,-25102.15942519797,49.5,42.0,100.0,84.0,49.5,42.0
TailSitter_Bicopter_Balanced_OptWing,TMOTOR_U15XL_KV38,52.0,Amprius_SA88_24S6P_63Ah,63000,24,44387.6,20029.6,24358.0,36751.0,71.21387229057693,False,1077.4886441168871,71462.17100818371,-8462.171008183708,52.0,44.5,100.0,86.5,52.0,44.5
TailSitter_Bicopter_Balanced_OptWing,TMOTOR_U15XL_KV38,52.0,Grepow_NMC811_small_24S4P_48Ah,48000,24,42769.6,20029.6,22740.0,33571.479999999996,57.004623776896075,False,1077.7114331831133,70126.25893875517,-22126.25893875517,51.5,43.5,100.0,85.5,51.5,43.5
TailSitter_Bicopter_Balanced_OptWing,TMOTOR_U15XXL_KV29,62.0,YANGDA_XTurbo_24S_44Ah,44000,24,45184.6,20254.6,24930.0,37387.0,56.48267008985879,False,1074.8777592827605,58986.50435841456,-14986.50435841456,50.5,40.0,100.0,75.5,50.5,40.0
TailSitter_Bicopter_Balanced_OptWing,TMOTOR_U15XXL_KV29,62.0,TATTU_NEO_24S_30Ah,30000,24,49354.6,20254.6,29100.0,35255.979999999996,36.06392048294306,False,1076.6985705342952,62012.84010044685,-32012.840100446847,52.5,41.5,100.0,78.0,52.5,41.5
TailSitter_Bicopter_Balanced_OptWing,TMOTOR_U15XXL_KV29,62.0,MAD_24S_55Ah_solid_state,55000,24,49022.6,20254.6,28768.0,38959.0,66.72836923926944,False,1075.8089587300674,61977.28931898526,-6977.289318985262,52.0,41.5,100.0,78.0,52.0,41.5
TailSitter_Bicopter_Balanced_OptWing,TMOTOR_U15XXL_KV29,62.0,MAD_24S_100Ah_solid_state,100000,24,62659.6,20254.6,42405.0,46627.0,85.87886227896297,True,1078.455365786871,71905.29423616097,28094.705763839025,58.5,48.5,100.0,84.0,58.5,48.5
TailSitter_Bicopter_Balanced_OptWing,TMOTOR_U15XXL_KV29,62.0,12Sx2_series_24S_66Ah,66000,24,53754.6,20254.6,33500.0,41440.6,70.56664750970843,True,1075.7653571031253,65607.93045424392,392.0695457560796,54.5,44.5,100.0,80.5,54.5,44.5
TailSitter_Bicopter_Balanced_OptWing,TMOTOR_U15XXL_KV29,62.0,12Sx4_2P2S_24S_132Ah,132000,24,75154.6,20254.6,54900.0,53294.2,87.1079635576041,True,1079.2320639940622,82005.00307475474,49994.99692524526,65.5,53.5,100.0,89.0,65.5,53.5
TailSitter_Bicopter_Balanced_OptWing,TMOTOR_U15XXL_KV29,62.0,Farasis_24S1P_53Ah,53000,24,54055.6,20254.6,33801.0,30451.0,56.22904065871991,False,1076.4737900474197,65635.12848591148,-12635.128485911482,54.5,44.5,100.0,80.5,54.5,44.5
TailSitter_Bicopter_Balanced_OptWing,TMOTOR_U15XXL_KV29,62.0,Farasis_24S2P_106Ah,106000,24,75756.6,20254.6,55502.0,31315.0,69.14518580548446,True,1079.0515434143163,82846.98676908395,23153.013230916054,65.5,53.5,100.0,89.5,65.5,53.5
TailSitter_Bicopter_Balanced_OptWing,TMOTOR_U15XXL_KV29,62.0,ZYE_UltraHV_24S_66Ah,66000,24,53354.6,20254.6,33100.0,32085.0,71.30144273940569,True,1077.050669198164,64910.010746021304,1089.989253978696,54.5,44.0,100.0,80.0,54.5,44.0
TailSitter_Bicopter_Balanced_OptWing,TMOTOR_U15XXL_KV29,62.0,Grepow_TARBG_24S_30Ah,30000,24,41699.6,20254.6,21445.0,34889.78,38.51091142490372,False,1073.656757759255,57052.92134532999,-27052.92134532999,48.0,40.0,98.0,73.5,48.0,40.0
TailSitter_Bicopter_Balanced_OptWing,TMOTOR_U15XXL_KV29,62.0,Amprius_SA08_24S1P_11Ah,11050,24,35054.6,20254.6,14800.0,34227.0,14.184852374839537,False,1072.2081663393615,53556.03799580202,-42506.03799580202,44.0,40.0,94.0,70.0,44.0,40.0
TailSitter_Bicopter_Balanced_OptWing,TMOTOR_U15XXL_KV29,62.0,Amprius_SA08_24S2P_22Ah,22100,24,37754.6,20254.6,17500.0,38867.0,28.369704749679073,False,1073.332078026172,54873.942307386955,-32773.942307386955,45.5,40.0,95.5,71.0,45.5,40.0
TailSitter_Bicopter_Balanced_OptWing,TMOTOR_U15XXL_KV29,62.0,Amprius_SA88_24S1P_10Ah,10500,24,34801.6,20254.6,14547.0,31531.0,13.478818998716303,False,1072.0321555636574,53537.70944973261,-43037.70944973261,43.5,40.0,93.5,70.0,43.5,40.0
TailSitter_Bicopter_Balanced_OptWing,TMOTOR_U15XXL_KV29,62.0,Amprius_SA88_24S2P_21Ah,21000,24,37247.6,20254.6,16993.0,33475.0,26.957637997432606,False,1072.4028748785536,54821.796766686275,-33821.796766686275,45.5,40.0,95.0,71.0,45.5,40.0
TailSitter_Bicopter_Balanced_OptWing,TMOTOR_U15XXL_KV29,62.0,Grepow_NMC811_24S1P_87Ah,87000,24,54775.6,20254.6,34521.0,44965.12,90.61322212020985,True,1075.9209892883864,66403.6944509399,20596.305549060096,55.0,45.0,100.0,81.0,55.0,45.0
TailSitter_Bicopter_Balanced_OptWing,TMOTOR_U15XXL_KV29,62.0,Grepow_NMC811_24S2P_24Ah,24000,24,38886.6,20254.6,18632.0,33829.24,30.808729139922978,False,1072.5326926903472,55788.47977612619,-31788.479776126187,46.5,40.0,96.0,72.0,46.5,40.0
TailSitter_Bicopter_Balanced_OptWing,TMOTOR_U15XXL_KV29,62.0,Amprius_SA88_24S4P_42Ah,42000,24,42142.6,20254.6,21888.0,37363.0,53.91527599486521,False,1073.3542712531516,57443.22817447402,-15443.228174474018,48.5,40.0,98.0,74.0,48.5,40.0
TailSitter_Bicopter_Balanced_OptWing,TMOTOR_U15XXL_KV29,62.0,Amprius_SA88_24S6P_63Ah,63000,24,47036.6,20254.6,26782.0,41251.0,80.87291399229781,True,1077.4022924431335,60127.57261573764,2872.427384262359,51.0,40.0,100.0,76.5,51.0,40.0
TailSitter_Bicopter_Balanced_OptWing,TMOTOR_U15XXL_KV29,62.0,Grepow_NMC811_small_24S4P_48Ah,48000,24,45418.6,20254.6,25164.0,38071.479999999996,61.617458279845955,False,1074.2946565678808,59474.77400940729,-11474.774009407287,50.5,40.0,100.0,76.0,50.5,40.0
TailSitter_Bicopter_Big_OptWing,HOBBYWING_H13MD_coaxial_axis,54.0,YANGDA_XTurbo_24S_44Ah,44000,24,39643.8,21073.8,18570.0,7800.0,61.665574238563636,False,1074.1854313538418,66285.32481259335,-22285.324812593346,54.5,41.5,92.0,80.5,54.5,41.5
TailSitter_Bicopter_Big_OptWing,HOBBYWING_H13MD_coaxial_axis,54.0,TATTU_NEO_24S_30Ah,30000,24,43813.8,21073.8,22740.0,5668.98,36.74532644015141,False,1074.4033805208876,69025.16075059859,-39025.16075059859,57.0,46.0,93.5,81.0,57.0,46.0
TailSitter_Bicopter_Big_OptWing,HOBBYWING_H13MD_coaxial_axis,54.0,MAD_24S_55Ah_solid_state,55000,24,43481.8,21073.8,22408.0,9372.0,68.06122619723423,False,1074.7677438487874,68964.1255306213,-13964.125530621299,56.5,45.5,93.0,81.0,56.5,45.5
TailSitter_Bicopter_Big_OptWing,HOBBYWING_H13MD_coaxial_axis,54.0,MAD_24S_100Ah_solid_state,100000,24,57118.8,21073.8,36045.0,17040.0,83.92798704082867,True,1075.153410200371,81707.87802148859,18292.121978511408,64.0,54.5,96.5,83.0,64.0,54.5
TailSitter_Bicopter_Big_OptWing,HOBBYWING_H13MD_coaxial_axis,54.0,12Sx2_series_24S_66Ah,66000,24,48213.8,21073.8,27140.0,11853.6,71.01707275645079,False,1074.0852090559522,74789.8990317759,-8789.899031775902,59.5,49.5,94.5,82.0,59.5,49.5
TailSitter_Bicopter_Big_OptWing,HOBBYWING_H13MD_coaxial_axis,54.0,12Sx4_2P2S_24S_132Ah,132000,24,69613.8,21073.8,48540.0,23707.2,82.27652066267763,True,1075.85170329891,93385.18080761534,38614.81919238466,70.0,59.0,98.0,85.0,70.0,59.0
TailSitter_Bicopter_Big_OptWing,HOBBYWING_H13MD_coaxial_axis,54.0,Farasis_24S1P_53Ah,53000,24,48514.8,21073.8,27441.0,864.0,56.547869140997435,False,1073.7375493628047,74850.61636586733,-21850.616365867332,59.5,50.0,95.0,82.0,59.5,50.0
TailSitter_Bicopter_Big_OptWing,HOBBYWING_H13MD_coaxial_axis,54.0,Farasis_24S2P_106Ah,106000,24,70215.8,21073.8,49142.0,1728.0,65.23886608762403,True,1075.4362421616086,93580.84656905958,12419.153430940423,70.5,59.5,98.0,85.0,70.5,59.5
TailSitter_Bicopter_Big_OptWing,HOBBYWING_H13MD_coaxial_axis,54.0,ZYE_UltraHV_24S_66Ah,66000,24,47813.8,21073.8,26740.0,2498.0,71.82602109447862,False,1074.8398323588565,72077.29621347727,-6077.296213477268,59.0,49.5,94.5,81.5,59.0,49.5
TailSitter_Bicopter_Big_OptWing,HOBBYWING_H13MD_coaxial_axis,54.0,Grepow_TARBG_24S_30Ah,30000,24,36158.8,21073.8,15085.0,5302.78,43.49480824669889,False,1073.2825186140724,62711.47764756777,-32711.47764756777,52.5,40.0,90.5,79.5,52.5,40.0
TailSitter_Bicopter_Big_OptWing,HOBBYWING_H13MD_coaxial_axis,54.0,Amprius_SA08_24S1P_11Ah,11050,24,29513.8,21073.8,8440.0,4640.0,16.020587704200757,False,1071.4921498732745,58261.20704332917,-47211.20704332917,47.0,40.0,87.5,78.0,47.0,40.0
TailSitter_Bicopter_Big_OptWing,HOBBYWING_H13MD_coaxial_axis,54.0,Amprius_SA08_24S2P_22Ah,22100,24,32213.8,21073.8,11140.0,9280.0,32.041175408401514,False,1071.2072034032733,61078.49229437947,-38978.49229437947,50.0,40.0,89.0,79.0,50.0,40.0
TailSitter_Bicopter_Big_OptWing,HOBBYWING_H13MD_coaxial_axis,54.0,Amprius_SA88_24S1P_10Ah,10500,24,29260.8,21073.8,8187.0,1944.0,15.22318288634461,False,1071.186057372314,58245.98271025056,-47745.98271025056,47.0,40.0,87.5,78.0,47.0,40.0
TailSitter_Bicopter_Big_OptWing,HOBBYWING_H13MD_coaxial_axis,54.0,Amprius_SA88_24S2P_21Ah,21000,24,31706.8,21073.8,10633.0,3888.0,30.44636577268922,False,1071.9290670008486,59675.853942444424,-38675.853942444424,49.5,40.0,88.5,78.5,49.5,40.0
TailSitter_Bicopter_Big_OptWing,HOBBYWING_H13MD_coaxial_axis,54.0,Grepow_NMC811_24S1P_87Ah,87000,24,49234.8,21073.8,28161.0,15378.12,90.97843136512478,True,1073.9734904598063,74934.15161296405,12065.848387035949,60.0,50.5,95.0,82.0,60.0,50.5
TailSitter_Bicopter_Big_OptWing,HOBBYWING_H13MD_coaxial_axis,54.0,Grepow_NMC811_24S2P_24Ah,24000,24,33345.8,21073.8,12272.0,4242.24,34.79584659735911,False,1071.8932565496048,61121.52537507964,-37121.52537507964,51.0,40.0,89.5,79.0,51.0,40.0
TailSitter_Bicopter_Big_OptWing,HOBBYWING_H13MD_coaxial_axis,54.0,Amprius_SA88_24S4P_42Ah,42000,24,36601.8,21073.8,15528.0,7776.0,60.89273154537844,False,1072.73069267972,64259.6142152735,-22259.614215273497,52.5,40.0,90.5,80.0,52.5,40.0
TailSitter_Bicopter_Big_OptWing,HOBBYWING_H13MD_coaxial_axis,54.0,Amprius_SA88_24S6P_63Ah,63000,24,41495.8,21073.8,20422.0,11664.0,83.03106833026045,False,1074.952764062942,66580.14214440295,-3580.1421444029547,55.5,44.0,92.5,80.5,55.5,44.0
TailSitter_Bicopter_Big_OptWing,HOBBYWING_H13MD_coaxial_axis,54.0,Grepow_NMC811_small_24S4P_48Ah,48000,24,39877.8,21073.8,18804.0,8484.48,66.74105076151284,False,1074.0914014235784,66325.08211104332,-18325.082111043317,54.5,42.0,92.0,80.5,54.5,42.0
TailSitter_Bicopter_Big_OptWing,HOBBYWING_H15MD_PLUS_coaxial_axis,73.0,YANGDA_XTurbo_24S_44Ah,44000,24,45131.3,21501.3,23630.0,7800.0,39.141070896781905,False,1070.4548862361476,52217.54704815521,-8217.547048155211,40.0,40.0,67.0,57.0,40.0,40.0
TailSitter_Bicopter_Big_OptWing,HOBBYWING_H15MD_PLUS_coaxial_axis,73.0,TATTU_NEO_24S_30Ah,30000,24,49301.3,21501.3,27800.0,5668.98,26.687093793260388,False,1070.9470525815173,53637.61712225768,-23637.61712225768,42.0,40.0,68.0,57.5,42.0,40.0
TailSitter_Bicopter_Big_OptWing,HOBBYWING_H15MD_PLUS_coaxial_axis,73.0,MAD_24S_55Ah_solid_state,55000,24,48969.3,21501.3,27468.0,9372.0,48.926338620977376,True,1070.7323830727144,53627.68866701751,1372.3113329824919,42.0,40.0,68.0,57.5,42.0,40.0
TailSitter_Bicopter_Big_OptWing,HOBBYWING_H15MD_PLUS_coaxial_axis,73.0,MAD_24S_100Ah_solid_state,100000,24,62606.3,21501.3,41105.0,17040.0,88.95697931086796,True,1072.3911228732845,60927.34305612219,39072.65694387781,46.5,40.0,70.5,60.0,46.5,40.0
TailSitter_Bicopter_Big_OptWing,HOBBYWING_H15MD_PLUS_coaxial_axis,73.0,12Sx2_series_24S_66Ah,66000,24,53701.3,21501.3,32200.0,11853.6,58.711606345172854,True,1071.0280452099787,56445.99189896686,9554.008101033141,43.5,40.0,69.0,58.5,43.5,40.0
TailSitter_Bicopter_Big_OptWing,HOBBYWING_H15MD_PLUS_coaxial_axis,73.0,12Sx4_2P2S_24S_132Ah,132000,24,75101.3,21501.3,53600.0,23707.2,100.79432222157519,True,1075.6920876975398,68052.74015272573,63947.25984727427,50.0,42.0,72.5,62.0,50.0,42.0
TailSitter_Bicopter_Big_OptWing,HOBBYWING_H15MD_PLUS_coaxial_axis,73.0,Farasis_24S1P_53Ah,53000,24,54002.3,21501.3,32501.0,864.0,47.14719903476002,False,1071.1886891660072,56453.28318630167,-3453.283186301669,43.5,40.0,69.0,58.5,43.5,40.0
TailSitter_Bicopter_Big_OptWing,HOBBYWING_H15MD_PLUS_coaxial_axis,73.0,Farasis_24S2P_106Ah,106000,24,75703.3,21501.3,54202.0,1728.0,80.05135539543555,True,1074.1341348644385,68210.26871127724,37789.73128872276,50.5,42.5,73.0,62.0,50.5,42.5
TailSitter_Bicopter_Big_OptWing,HOBBYWING_H15MD_PLUS_coaxial_axis,73.0,ZYE_UltraHV_24S_66Ah,66000,24,53301.3,21501.3,31800.0,2498.0,58.711606345172854,True,1072.307998190731,55102.41060029465,10897.58939970535,43.0,40.0,68.5,58.0,43.0,40.0
TailSitter_Bicopter_Big_OptWing,HOBBYWING_H15MD_PLUS_coaxial_axis,73.0,Grepow_TARBG_24S_30Ah,30000,24,41646.3,21501.3,20145.0,5302.78,26.687093793260388,False,1070.2109576272517,49595.73146259062,-19595.731462590622,40.0,40.0,66.5,56.0,40.0,40.0
TailSitter_Bicopter_Big_OptWing,HOBBYWING_H15MD_PLUS_coaxial_axis,73.0,Amprius_SA08_24S1P_11Ah,11050,24,35001.3,21501.3,13500.0,4640.0,9.829746213850909,False,1068.1822465652772,47002.831974218985,-35952.831974218985,40.0,40.0,65.0,55.0,40.0,40.0
TailSitter_Bicopter_Big_OptWing,HOBBYWING_H15MD_PLUS_coaxial_axis,73.0,Amprius_SA08_24S2P_22Ah,22100,24,37701.3,21501.3,16200.0,9280.0,19.659492427701817,False,1068.7767949015235,48265.42645993568,-26165.426459935683,40.0,40.0,65.5,55.5,40.0,40.0
TailSitter_Bicopter_Big_OptWing,HOBBYWING_H15MD_PLUS_coaxial_axis,73.0,Amprius_SA88_24S1P_10Ah,10500,24,34748.3,21501.3,13247.0,1944.0,9.340482827641136,False,1068.0489169439443,46997.26968298166,-36497.26968298166,40.0,40.0,65.0,55.0,40.0,40.0
TailSitter_Bicopter_Big_OptWing,HOBBYWING_H15MD_PLUS_coaxial_axis,73.0,Amprius_SA88_24S2P_21Ah,21000,24,37194.3,21501.3,15693.0,3888.0,18.68096565528227,False,1068.5103813771289,48254.308249054564,-27254.308249054564,40.0,40.0,65.5,55.5,40.0,40.0
TailSitter_Bicopter_Big_OptWing,HOBBYWING_H15MD_PLUS_coaxial_axis,73.0,Grepow_NMC811_24S1P_87Ah,87000,24,54722.3,21501.3,33221.0,15378.12,77.39257200045512,True,1071.6128898668944,56473.0451815348,30526.9548184652,43.5,40.0,69.0,58.5,43.5,40.0
TailSitter_Bicopter_Big_OptWing,HOBBYWING_H15MD_PLUS_coaxial_axis,73.0,Grepow_NMC811_24S2P_24Ah,24000,24,38833.3,21501.3,17332.0,4242.24,21.34967503460831,False,1069.5539474812188,48299.69937842684,-24299.69937842684,40.0,40.0,65.5,55.5,40.0,40.0
TailSitter_Bicopter_Big_OptWing,HOBBYWING_H15MD_PLUS_coaxial_axis,73.0,Amprius_SA88_24S4P_42Ah,42000,24,42089.3,21501.3,20588.0,7776.0,37.36193131056454,False,1070.7446539352445,49621.50824741819,-7621.508247418191,40.0,40.0,66.5,56.0,40.0,40.0
TailSitter_Bicopter_Big_OptWing,HOBBYWING_H15MD_PLUS_coaxial_axis,73.0,Amprius_SA88_24S6P_63Ah,63000,24,46983.3,21501.3,25482.0,11664.0,56.042896965846815,True,1071.0367265592856,52269.454429707854,10730.545570292146,41.0,40.0,67.5,57.0,41.0,40.0
TailSitter_Bicopter_Big_OptWing,HOBBYWING_H15MD_PLUS_coaxial_axis,73.0,Grepow_NMC811_small_24S4P_48Ah,48000,24,45365.3,21501.3,23864.0,8484.48,42.69935006921662,False,1070.3193880121885,52222.67270518029,-4222.672705180288,40.5,40.0,67.0,57.0,40.5,40.0
TailSitter_Bicopter_Big_OptWing,HOBBYWING_H15MD_coaxial_axis,64.0,YANGDA_XTurbo_24S_44Ah,44000,24,41796.8,21298.8,20498.0,7800.0,46.81964221308449,False,1071.8645086245283,55148.23638889213,-11148.236388892132,42.0,40.0,69.5,60.0,42.0,40.0
TailSitter_Bicopter_Big_OptWing,HOBBYWING_H15MD_coaxial_axis,64.0,TATTU_NEO_24S_30Ah,30000,24,45966.8,21298.8,24668.0,5668.98,31.922483327103063,False,1071.8099415799682,58184.624768800226,-28184.624768800226,43.5,40.0,70.5,61.0,43.5,40.0
TailSitter_Bicopter_Big_OptWing,HOBBYWING_H15MD_coaxial_axis,64.0,MAD_24S_55Ah_solid_state,55000,24,45634.8,21298.8,24336.0,9372.0,58.52455276635562,False,1071.857066577016,58174.46642288029,-3174.4664228802867,43.0,40.0,70.5,61.0,43.0,40.0
TailSitter_Bicopter_Big_OptWing,HOBBYWING_H15MD_coaxial_axis,64.0,MAD_24S_100Ah_solid_state,100000,24,59271.8,21298.8,37973.0,17040.0,98.03522424028351,True,1073.6781565199803,66940.6028078151,33059.3971921849,48.5,41.5,73.0,63.5,48.5,41.5
TailSitter_Bicopter_Big_OptWing,HOBBYWING_H15MD_coaxial_axis,64.0,12Sx2_series_24S_66Ah,66000,24,50366.8,21298.8,29068.0,11853.6,70.22946331962675,True,1073.3713970343097,59874.16925606091,6125.830743939092,45.5,40.0,71.5,61.5,45.5,40.0
TailSitter_Bicopter_Big_OptWing,HOBBYWING_H15MD_coaxial_axis,64.0,12Sx4_2P2S_24S_132Ah,132000,24,71766.8,21298.8,50468.0,23707.2,97.85201443101661,True,1074.5417716764312,75423.14227419172,56576.85772580828,52.5,45.0,75.5,65.5,52.5,45.0
TailSitter_Bicopter_Big_OptWing,HOBBYWING_H15MD_coaxial_axis,64.0,Farasis_24S1P_53Ah,53000,24,50667.8,21298.8,29369.0,864.0,56.39638721121541,False,1072.2533347698045,61394.42572950732,-8394.425729507318,45.5,40.0,71.5,62.0,45.5,40.0
TailSitter_Bicopter_Big_OptWing,HOBBYWING_H15MD_coaxial_axis,64.0,Farasis_24S2P_106Ah,106000,24,72368.8,21298.8,51070.0,1728.0,77.6253141762128,True,1075.0371620803974,75457.46768008638,30542.53231991362,53.0,45.0,75.5,65.5,53.0,45.0
TailSitter_Bicopter_Big_OptWing,HOBBYWING_H15MD_coaxial_axis,64.0,ZYE_UltraHV_24S_66Ah,66000,24,49966.8,21298.8,28668.0,2498.0,70.22946331962675,True,1073.027291191435,59840.360964697495,6159.639035302505,45.0,40.0,71.5,61.5,45.0,40.0
TailSitter_Bicopter_Big_OptWing,HOBBYWING_H15MD_coaxial_axis,64.0,Grepow_TARBG_24S_30Ah,30000,24,38311.8,21298.8,17013.0,5302.78,31.922483327103063,False,1070.9596498531052,53621.84460869317,-23621.844608693173,40.5,40.0,69.0,59.5,40.5,40.0
TailSitter_Bicopter_Big_OptWing,HOBBYWING_H15MD_coaxial_axis,64.0,Amprius_SA08_24S1P_11Ah,11050,24,31666.8,21298.8,10368.0,4640.0,11.75811469214963,False,1068.7798068829818,50713.54141895858,-39663.54141895858,40.0,40.0,67.5,58.5,40.0,40.0
TailSitter_Bicopter_Big_OptWing,HOBBYWING_H15MD_coaxial_axis,64.0,Amprius_SA08_24S2P_22Ah,22100,24,34366.8,21298.8,13068.0,9280.0,23.51622938429926,False,1069.579001861884,52133.517909391165,-30033.517909391165,40.0,40.0,68.0,59.0,40.0,40.0
TailSitter_Bicopter_Big_OptWing,HOBBYWING_H15MD_coaxial_axis,64.0,Amprius_SA88_24S1P_10Ah,10500,24,31413.8,21298.8,10115.0,1944.0,11.172869164486071,False,1069.8603775121671,49409.343081717416,-38909.343081717416,40.0,40.0,67.5,58.0,40.0,40.0
TailSitter_Bicopter_Big_OptWing,HOBBYWING_H15MD_coaxial_axis,64.0,Amprius_SA88_24S2P_21Ah,21000,24,33859.8,21298.8,12561.0,3888.0,22.345738328972143,False,1070.3442796518652,50786.92163173699,-29786.921631736986,40.0,40.0,68.0,58.5,40.0,40.0
TailSitter_Bicopter_Big_OptWing,HOBBYWING_H15MD_coaxial_axis,64.0,Grepow_NMC811_24S1P_87Ah,87000,24,51387.8,21298.8,30089.0,15378.12,92.57520164859888,True,1072.7557907978303,61416.61522367988,25583.38477632012,45.5,40.0,71.5,62.0,45.5,40.0
TailSitter_Bicopter_Big_OptWing,HOBBYWING_H15MD_coaxial_axis,64.0,Grepow_NMC811_24S2P_24Ah,24000,24,35498.8,21298.8,14200.0,4242.24,25.53798666168245,False,1070.210576108197,52163.469974657615,-28163.469974657615,40.0,40.0,68.5,59.0,40.0,40.0
TailSitter_Bicopter_Big_OptWing,HOBBYWING_H15MD_coaxial_axis,64.0,Amprius_SA88_24S4P_42Ah,42000,24,38754.8,21298.8,17456.0,7776.0,44.691476657944285,False,1071.3512966903331,53639.70671827828,-11639.706718278278,40.5,40.0,69.0,59.5,40.5,40.0
TailSitter_Bicopter_Big_OptWing,HOBBYWING_H15MD_coaxial_axis,64.0,Amprius_SA88_24S6P_63Ah,63000,24,43648.8,21298.8,22350.0,11664.0,67.03721498691644,True,1071.7017661355655,56634.365174142644,6365.634825857356,42.5,40.0,70.0,60.5,42.5,40.0
TailSitter_Bicopter_Big_OptWing,HOBBYWING_H15MD_coaxial_axis,64.0,Grepow_NMC811_small_24S4P_48Ah,48000,24,42030.8,21298.8,20732.0,8484.48,51.0759733233649,False,1072.1156462582308,55166.538790088765,-7166.538790088765,42.0,40.0,70.0,60.0,42.0,40.0
TailSitter_Bicopter_Big_OptWing,M50C35_PRO_EEE_34kv,30.0,YANGDA_XTurbo_24S_44Ah,44000,24,36963.8,20533.8,16430.0,11200.0,56.33238747406176,False,1071.1959166018212,56081.1645964327,-12081.164596432704,43.5,40.0,100.0,73.0,43.5,40.0
TailSitter_Bicopter_Big_OptWing,M50C35_PRO_EEE_34kv,30.0,TATTU_NEO_24S_30Ah,30000,24,41133.8,20533.8,20600.0,9068.98,38.40844600504211,False,1071.4598713975274,59149.43952850385,-29149.439528503848,46.5,40.0,100.0,74.5,46.5,40.0
TailSitter_Bicopter_Big_OptWing,M50C35_PRO_EEE_34kv,30.0,MAD_24S_55Ah_solid_state,55000,24,40801.8,20533.8,20268.0,12772.0,70.4154843425772,False,1071.1877967905145,59137.14685013188,-4137.146850131881,46.5,40.0,100.0,74.5,46.5,40.0
TailSitter_Bicopter_Big_OptWing,M50C35_PRO_EEE_34kv,30.0,MAD_24S_100Ah_solid_state,100000,24,54438.8,20533.8,33905.0,20440.0,102.67489264253071,True,1074.4446484130349,68712.4875600198,31287.5124399802,54.0,43.5,100.0,78.5,54.0,43.5
TailSitter_Bicopter_Big_OptWing,M50C35_PRO_EEE_34kv,30.0,12Sx2_series_24S_66Ah,66000,24,45533.8,20533.8,25000.0,15253.6,84.49858121109264,True,1072.5858805027003,62362.13026770681,3637.869732293191,49.5,40.0,100.0,76.0,49.5,40.0
TailSitter_Bicopter_Big_OptWing,M50C35_PRO_EEE_34kv,30.0,12Sx4_2P2S_24S_132Ah,132000,24,66933.8,20533.8,46400.0,27107.2,101.25884903532994,True,1074.7269386247233,79681.11064648112,52318.88935351888,59.5,49.0,100.0,82.5,59.5,49.0
TailSitter_Bicopter_Big_OptWing,M50C35_PRO_EEE_34kv,30.0,Farasis_24S1P_53Ah,53000,24,45834.8,20533.8,25301.0,4264.0,67.8549212755744,False,1072.7802385337732,62374.89307445135,-9374.89307445135,50.0,40.0,100.0,76.0,50.0,40.0
TailSitter_Bicopter_Big_OptWing,M50C35_PRO_EEE_34kv,30.0,Farasis_24S2P_106Ah,106000,24,67535.8,20533.8,47002.0,5128.0,80.31962354855169,True,1075.4722861950613,79723.71433839065,26276.28566160935,60.0,49.0,100.0,82.5,60.0,49.0
TailSitter_Bicopter_Big_OptWing,M50C35_PRO_EEE_34kv,30.0,ZYE_UltraHV_24S_66Ah,66000,24,45133.8,20533.8,24600.0,5898.0,84.49858121109264,True,1072.94194067276,61331.79970471978,4668.200295280221,49.5,40.0,100.0,75.5,49.5,40.0
TailSitter_Bicopter_Big_OptWing,M50C35_PRO_EEE_34kv,30.0,Grepow_TARBG_24S_30Ah,30000,24,33478.8,20533.8,12945.0,8702.779999999999,38.40844600504211,False,1070.9114279608934,54078.48503582614,-24078.48503582614,41.0,40.0,94.5,72.0,41.0,40.0
TailSitter_Bicopter_Big_OptWing,M50C35_PRO_EEE_34kv,30.0,Amprius_SA08_24S1P_11Ah,11050,24,26833.8,20533.8,6300.0,8040.0,14.14711094519051,False,1069.4150365130242,50287.449314242054,-39237.449314242054,40.0,40.0,83.5,70.0,40.0,40.0
TailSitter_Bicopter_Big_OptWing,M50C35_PRO_EEE_34kv,30.0,Amprius_SA08_24S2P_22Ah,22100,24,29533.8,20533.8,9000.0,12680.0,28.29422189038102,False,1071.1315683846256,51260.325612208486,-29160.325612208486,40.0,40.0,84.5,70.5,40.0,40.0
TailSitter_Bicopter_Big_OptWing,M50C35_PRO_EEE_34kv,30.0,Amprius_SA88_24S1P_10Ah,10500,24,26580.8,20533.8,6047.0,5344.0,13.442956101764738,False,1070.3047002651826,49450.41063100994,-38950.41063100994,40.0,40.0,83.0,69.5,40.0,40.0
TailSitter_Bicopter_Big_OptWing,M50C35_PRO_EEE_34kv,30.0,Amprius_SA88_24S2P_21Ah,21000,24,29026.8,20533.8,8493.0,7288.0,26.885912203529475,False,1070.4652541924138,51228.77534344512,-30228.775343445122,40.0,40.0,84.5,70.5,40.0,40.0
TailSitter_Bicopter_Big_OptWing,M50C35_PRO_EEE_34kv,30.0,Grepow_NMC811_24S1P_87Ah,87000,24,46554.8,20533.8,26021.0,18778.120000000003,111.38449341462211,True,1073.818147084931,62416.69917864314,24583.30082135686,50.5,40.0,100.0,76.0,50.5,40.0
TailSitter_Bicopter_Big_OptWing,M50C35_PRO_EEE_34kv,30.0,Grepow_NMC811_24S2P_24Ah,24000,24,30665.8,20533.8,10132.0,7642.24,30.726756804033688,False,1071.1694640582507,52169.156831562796,-28169.156831562796,40.0,40.0,85.0,71.0,40.0,40.0
TailSitter_Bicopter_Big_OptWing,M50C35_PRO_EEE_34kv,30.0,Amprius_SA88_24S4P_42Ah,42000,24,33921.8,20533.8,13388.0,11176.0,53.77182440705895,False,1070.8512989866772,54100.51635733566,-12100.516357335662,41.5,40.0,100.0,72.0,41.5,40.0
TailSitter_Bicopter_Big_OptWing,M50C35_PRO_EEE_34kv,30.0,Amprius_SA88_24S6P_63Ah,63000,24,38815.8,20533.8,18282.0,15064.0,80.65773661058843,True,1071.603249295428,57116.38343061012,5883.61656938988,45.0,40.0,100.0,73.5,45.0,40.0
TailSitter_Bicopter_Big_OptWing,M50C35_PRO_EEE_34kv,30.0,Grepow_NMC811_small_24S4P_48Ah,48000,24,37197.8,20533.8,16664.0,11884.48,61.453513608067375,False,1071.4961093735633,56096.30430426536,-8096.304304265359,43.5,40.0,100.0,73.0,43.5,40.0
TailSitter_Bicopter_Big_OptWing,TMOTOR_U15L_KV43,47.0,YANGDA_XTurbo_24S_44Ah,44000,24,41586.3,20916.3,20670.0,25087.0,50.59774190989114,False,20241.46353729279,2003429.508288707,-1959429.508288707,59.0,46.0,100.0,100.0,59.0,46.0
TailSitter_Bicopter_Big_OptWing,TMOTOR_U15L_KV43,47.0,TATTU_NEO_24S_30Ah,30000,24,45756.3,20916.3,24840.0,22955.98,30.17589955104618,False,20241.793959875573,2003877.4101456932,-1973877.4101456932,62.5,48.0,100.0,100.0,62.5,48.0
TailSitter_Bicopter_Big_OptWing,TMOTOR_U15L_KV43,47.0,MAD_24S_55Ah_solid_state,55000,24,45424.3,20916.3,24508.0,26659.0,55.892537927380204,False,20241.514816384042,2003868.7700126853,-1948868.7700126853,62.0,48.0,100.0,100.0,62.0,48.0
TailSitter_Bicopter_Big_OptWing,TMOTOR_U15L_KV43,47.0,MAD_24S_100Ah_solid_state,100000,24,59061.3,20916.3,38145.0,34327.0,70.0599734245687,False,20242.430149104515,2005501.9353399961,-1905501.9353399961,73.0,57.0,100.0,100.0,73.0,57.0
TailSitter_Bicopter_Big_OptWing,TMOTOR_U15L_KV43,47.0,12Sx2_series_24S_66Ah,66000,24,50156.3,20916.3,29240.0,29140.6,58.33680527993828,False,20242.210273608925,2004395.0452720358,-1938395.0452720358,64.5,50.5,100.0,100.0,64.5,50.5
TailSitter_Bicopter_Big_OptWing,TMOTOR_U15L_KV43,47.0,12Sx4_2P2S_24S_132Ah,132000,24,71556.3,20916.3,50640.0,40994.2,69.96106712863006,False,20242.77831073489,2007249.913931242,-1875249.913931242,83.5,64.0,100.0,100.0,83.5,64.0
TailSitter_Bicopter_Big_OptWing,TMOTOR_U15L_KV43,47.0,Farasis_24S1P_53Ah,53000,24,50457.3,20916.3,29541.0,18151.0,46.453458342187304,False,20241.760126884106,2004477.0783759165,-1951477.0783759165,64.5,51.0,100.0,100.0,64.5,51.0
TailSitter_Bicopter_Big_OptWing,TMOTOR_U15L_KV43,47.0,Farasis_24S2P_106Ah,106000,24,72158.3,20916.3,51242.0,19015.0,55.488130807891245,False,20242.34530145521,2007374.2330700362,-1901374.2330700362,84.5,64.5,100.0,100.0,84.5,64.5
TailSitter_Bicopter_Big_OptWing,TMOTOR_U15L_KV43,47.0,ZYE_UltraHV_24S_66Ah,66000,24,49756.3,20916.3,28840.0,19785.0,58.9976034073177,False,20241.668058590963,2004383.6560432985,-1938383.6560432985,64.5,50.5,100.0,100.0,64.5,50.5
TailSitter_Bicopter_Big_OptWing,TMOTOR_U15L_KV43,47.0,Grepow_TARBG_24S_30Ah,30000,24,38101.3,20916.3,17185.0,22589.78,38.89234278718431,False,20240.833484671104,2003103.2568843989,-1973103.2568843989,55.0,44.5,100.0,100.0,55.0,44.5
TailSitter_Bicopter_Big_OptWing,TMOTOR_U15L_KV43,47.0,Amprius_SA08_24S1P_11Ah,11050,24,31456.3,20916.3,10540.0,21927.0,18.54317700858766,False,20241.14925341364,2002385.2793923805,-1991335.2793923805,48.5,41.0,100.0,100.0,48.5,41.0
TailSitter_Bicopter_Big_OptWing,TMOTOR_U15L_KV43,47.0,Amprius_SA08_24S2P_22Ah,22100,24,34156.3,20916.3,13240.0,26567.0,33.20427367725197,False,20240.872516460793,2002676.2932767994,-1980576.2932767994,51.0,42.5,100.0,100.0,51.0,42.5
TailSitter_Bicopter_Big_OptWing,TMOTOR_U15L_KV43,47.0,Amprius_SA88_24S1P_10Ah,10500,24,31203.3,20916.3,10287.0,19231.0,17.811289558781855,False,20240.811778885407,2002381.350778945,-1991881.350778945,48.5,41.0,100.0,100.0,48.5,41.0
TailSitter_Bicopter_Big_OptWing,TMOTOR_U15L_KV43,47.0,Amprius_SA88_24S2P_21Ah,21000,24,33649.3,20916.3,12733.0,21175.0,32.19303273878169,False,20241.49217099876,2002582.5865190006,-1981582.5865190006,50.5,42.0,100.0,100.0,50.5,42.0
TailSitter_Bicopter_Big_OptWing,TMOTOR_U15L_KV43,47.0,Grepow_NMC811_24S1P_87Ah,87000,24,51177.3,20916.3,30261.0,32665.120000000003,74.74765383085614,False,20241.7819177723,2004569.9072224435,-1917569.9072224435,65.0,51.5,100.0,100.0,65.0,51.5
TailSitter_Bicopter_Big_OptWing,TMOTOR_U15L_KV43,47.0,Grepow_NMC811_24S2P_24Ah,24000,24,35288.3,20916.3,14372.0,21529.239999999998,34.5096035261028,False,20240.986654722714,2002783.9557244808,-1978783.9557244808,52.0,43.0,100.0,100.0,52.0,43.0
TailSitter_Bicopter_Big_OptWing,TMOTOR_U15L_KV43,47.0,Amprius_SA88_24S4P_42Ah,42000,24,38544.3,20916.3,17628.0,25063.0,53.60226865470016,False,20241.17234766808,2003110.1865642688,-1961110.1865642688,55.5,44.5,100.0,100.0,55.5,44.5
TailSitter_Bicopter_Big_OptWing,TMOTOR_U15L_KV43,47.0,Amprius_SA88_24S6P_63Ah,63000,24,43438.3,20916.3,22522.0,28951.0,68.17235073895081,False,20241.330557380228,2003646.9344616856,-1940646.9344616856,61.0,47.0,100.0,100.0,61.0,47.0
TailSitter_Bicopter_Big_OptWing,TMOTOR_U15L_KV43,47.0,Grepow_NMC811_small_24S4P_48Ah,48000,24,41820.3,20916.3,20904.0,25771.48,54.76874195367198,False,20241.701210723942,2003435.1207533781,-1955435.1207533781,59.5,46.0,100.0,100.0,59.5,46.0
TailSitter_Bicopter_Big_OptWing,TMOTOR_U15XL_KV38,52.0,YANGDA_XTurbo_24S_44Ah,44000,24,43534.8,21028.8,22506.0,32887.0,51.03956911728104,False,1076.546577358645,70769.38652645267,-26769.38652645267,51.5,44.0,100.0,86.0,51.5,44.0
TailSitter_Bicopter_Big_OptWing,TMOTOR_U15XL_KV38,52.0,TATTU_NEO_24S_30Ah,30000,24,47704.8,21028.8,26676.0,30755.98,30.753448362221018,False,1077.7187564279282,74010.64471595598,-44010.644715955976,54.0,46.0,100.0,89.0,54.0,46.0
TailSitter_Bicopter_Big_OptWing,TMOTOR_U15XL_KV38,52.0,MAD_24S_55Ah_solid_state,55000,24,47372.8,21028.8,26344.0,34459.0,56.92955273440543,False,1077.9351446155451,73840.3739763784,-18840.373976378396,54.0,45.5,100.0,89.0,54.0,45.5
TailSitter_Bicopter_Big_OptWing,TMOTOR_U15XL_KV38,52.0,MAD_24S_100Ah_solid_state,100000,24,61009.8,21028.8,39981.0,42127.0,72.406234486118,True,1087.8514920675675,86518.4137000177,13481.5862999823,65.0,50.5,100.0,99.0,65.0,50.5
TailSitter_Bicopter_Big_OptWing,TMOTOR_U15XL_KV38,52.0,12Sx2_series_24S_66Ah,66000,24,52104.8,21028.8,31076.0,36940.6,59.73690687346864,False,1078.5641498502087,77939.80976759437,-11939.809767594372,57.5,47.5,100.0,92.5,57.5,47.5
TailSitter_Bicopter_Big_OptWing,TMOTOR_U15XL_KV38,52.0,12Sx4_2P2S_24S_132Ah,132000,24,73504.8,21028.8,52476.0,48794.2,73.57721037476176,False,20243.28412383876,2006915.760568757,-1874915.760568757,72.0,55.0,100.0,100.0,72.0,55.0
TailSitter_Bicopter_Big_OptWing,TMOTOR_U15XL_KV38,52.0,Farasis_24S1P_53Ah,53000,24,52405.8,21028.8,31377.0,25951.0,47.57918600006038,False,1079.1500276485503,77986.20762262163,-24986.20762262163,58.0,47.5,100.0,92.5,58.0,47.5
TailSitter_Bicopter_Big_OptWing,TMOTOR_U15XL_KV38,52.0,Farasis_24S2P_106Ah,106000,24,74106.8,21028.8,53078.0,26815.0,58.41355374367426,False,20242.70766988878,2007024.3071085373,-1901024.3071085373,72.0,55.5,100.0,100.0,72.0,55.5
TailSitter_Bicopter_Big_OptWing,TMOTOR_U15XL_KV38,52.0,ZYE_UltraHV_24S_66Ah,66000,24,51704.8,21028.8,30676.0,27585.0,60.395019299220934,False,1079.6806680351212,77314.75976537619,-11314.759765376191,57.5,47.0,100.0,92.0,57.5,47.0
TailSitter_Bicopter_Big_OptWing,TMOTOR_U15XL_KV38,52.0,Grepow_TARBG_24S_30Ah,30000,24,40049.8,21028.8,19021.0,30389.78,38.84041362782959,False,1075.2178907153934,68266.04262596804,-38266.04262596804,50.0,42.5,100.0,84.5,50.0,42.5
TailSitter_Bicopter_Big_OptWing,TMOTOR_U15XL_KV38,52.0,Amprius_SA08_24S1P_11Ah,11050,24,33404.8,21028.8,12376.0,29727.0,16.3946587537092,False,1073.2876547827543,63556.7305618049,-52506.7305618049,46.5,40.0,100.0,83.0,46.5,40.0
TailSitter_Bicopter_Big_OptWing,TMOTOR_U15XL_KV38,52.0,Amprius_SA08_24S2P_22Ah,22100,24,36104.8,21028.8,15076.0,34367.0,32.75973187817512,False,1074.6732344773482,65261.15136599169,-43161.15136599169,47.5,40.5,100.0,83.5,47.5,40.5
TailSitter_Bicopter_Big_OptWing,TMOTOR_U15XL_KV38,52.0,Amprius_SA88_24S1P_10Ah,10500,24,33151.8,21028.8,12123.0,27031.0,15.578635014836797,False,1073.0548334306427,63547.430283654874,-53047.430283654874,46.5,40.0,100.0,83.0,46.5,40.0
TailSitter_Bicopter_Big_OptWing,TMOTOR_U15XL_KV38,52.0,Amprius_SA88_24S2P_21Ah,21000,24,35597.8,21028.8,14569.0,28975.0,31.157270029673594,False,1074.5720274688085,65168.41132268658,-44168.41132268658,47.5,40.0,100.0,83.5,47.5,40.0
TailSitter_Bicopter_Big_OptWing,TMOTOR_U15XL_KV38,52.0,Grepow_NMC811_24S1P_87Ah,87000,24,53125.8,21028.8,32097.0,40465.12,76.60046890582088,True,1080.0855414475127,78529.27443083422,8470.725569165777,58.5,47.5,100.0,93.0,58.5,47.5
TailSitter_Bicopter_Big_OptWing,TMOTOR_U15XL_KV38,52.0,Grepow_NMC811_24S2P_24Ah,24000,24,37236.8,21028.8,16208.0,29329.239999999998,34.167270076643526,False,1075.3440339239112,65404.96574284182,-41404.96574284182,48.5,41.0,100.0,83.5,48.5,41.0
TailSitter_Bicopter_Big_OptWing,TMOTOR_U15XL_KV38,52.0,Amprius_SA88_24S4P_42Ah,42000,24,40492.8,21028.8,19464.0,32863.0,53.600146380860274,False,1075.9819450773946,68295.17895277344,-26295.178952773436,50.0,42.5,100.0,84.5,50.0,42.5
TailSitter_Bicopter_Big_OptWing,TMOTOR_U15XL_KV38,52.0,Amprius_SA88_24S6P_63Ah,63000,24,45386.8,21028.8,24358.0,36751.0,69.11961683907215,False,1076.910919326296,72040.31572396168,-9040.315723961685,53.0,45.0,100.0,87.0,53.0,45.0
TailSitter_Bicopter_Big_OptWing,TMOTOR_U15XL_KV38,52.0,Grepow_NMC811_small_24S4P_48Ah,48000,24,43768.8,21028.8,22740.0,33571.479999999996,55.28385618288798,False,1076.8666563176798,70791.10115744719,-22791.101157447192,52.0,44.0,100.0,86.0,52.0,44.0
TailSitter_Bicopter_Big_OptWing,TMOTOR_U15XXL_KV29,62.0,YANGDA_XTurbo_24S_44Ah,44000,24,46183.8,21253.8,24930.0,37387.0,56.48267008985879,False,1074.7085406584777,59502.175837404255,-15502.175837404255,51.0,40.0,100.0,76.0,51.0,40.0
TailSitter_Bicopter_Big_OptWing,TMOTOR_U15XXL_KV29,62.0,TATTU_NEO_24S_30Ah,30000,24,50353.8,21253.8,29100.0,35255.979999999996,35.09167535318486,False,1074.8773902904725,62697.28926395772,-32697.28926395772,53.0,42.5,100.0,78.5,53.0,42.5
TailSitter_Bicopter_Big_OptWing,TMOTOR_U15XXL_KV29,62.0,MAD_24S_55Ah_solid_state,55000,24,50021.8,21253.8,28768.0,38959.0,64.91790280445554,False,1075.2225770639454,62616.30832078752,-7616.308320787517,52.5,42.0,100.0,78.5,52.5,42.0
TailSitter_Bicopter_Big_OptWing,TMOTOR_U15XXL_KV29,62.0,MAD_24S_100Ah_solid_state,100000,24,63658.8,21253.8,42405.0,46627.0,83.93088595874121,True,1076.5608455807112,72756.27694594134,27243.72305405866,59.0,49.0,100.0,84.5,59.0,49.0
TailSitter_Bicopter_Big_OptWing,TMOTOR_U15XXL_KV29,62.0,12Sx2_series_24S_66Ah,66000,24,54753.8,21253.8,33500.0,41440.6,68.77931018236335,False,1074.933432416702,66359.38013190997,-359.380131909973,55.0,45.0,100.0,81.0,55.0,45.0
TailSitter_Bicopter_Big_OptWing,TMOTOR_U15XXL_KV29,62.0,12Sx4_2P2S_24S_132Ah,132000,24,76153.8,21253.8,54900.0,53294.2,85.45445274060546,True,1078.8073484131355,82831.59819865343,49168.40180134657,65.5,53.5,100.0,89.5,65.5,53.5
TailSitter_Bicopter_Big_OptWing,TMOTOR_U15XXL_KV29,62.0,Farasis_24S1P_53Ah,53000,24,55054.8,21253.8,33801.0,30451.0,54.810051867517174,False,1075.507687826572,66380.75667684854,-13380.756676848541,55.0,45.0,100.0,81.0,55.0,45.0
TailSitter_Bicopter_Big_OptWing,TMOTOR_U15XXL_KV29,62.0,Farasis_24S2P_106Ah,106000,24,76755.8,21253.8,55502.0,31315.0,67.84300354356841,True,1077.5625301872954,83842.14479039468,22157.855209605317,65.5,54.0,100.0,90.0,65.5,54.0
TailSitter_Bicopter_Big_OptWing,TMOTOR_U15XXL_KV29,62.0,ZYE_UltraHV_24S_66Ah,66000,24,54353.8,21253.8,33100.0,32085.0,69.48669067909638,True,1076.0075437927164,65616.50341531368,383.4965846863197,55.0,44.5,100.0,80.5,55.0,44.5
TailSitter_Bicopter_Big_OptWing,TMOTOR_U15XXL_KV29,62.0,Grepow_TARBG_24S_30Ah,30000,24,42698.8,21253.8,21445.0,34889.78,38.51091142490372,False,1073.5205076191023,57452.60094743584,-27452.600947435843,48.5,40.0,98.5,74.0,48.5,40.0
TailSitter_Bicopter_Big_OptWing,TMOTOR_U15XXL_KV29,62.0,Amprius_SA08_24S1P_11Ah,11050,24,36053.8,21253.8,14800.0,34227.0,14.184852374839537,False,1071.6275973617246,54192.116336269915,-43142.116336269915,44.5,40.0,94.5,70.5,44.5,40.0
TailSitter_Bicopter_Big_OptWing,TMOTOR_U15XXL_KV29,62.0,Amprius_SA08_24S2P_22Ah,22100,24,38753.8,21253.8,17500.0,38867.0,28.369704749679073,False,1072.7947560462678,55348.53197709011,-33248.53197709011,46.0,40.0,96.0,71.5,46.0,40.0
TailSitter_Bicopter_Big_OptWing,TMOTOR_U15XXL_KV29,62.0,Amprius_SA88_24S1P_10Ah,10500,24,35800.8,21253.8,14547.0,31531.0,13.478818998716303,False,1071.376795159136,54180.5456481674,-43680.5456481674,44.5,40.0,94.5,70.5,44.5,40.0
TailSitter_Bicopter_Big_OptWing,TMOTOR_U15XXL_KV29,62.0,Amprius_SA88_24S2P_21Ah,21000,24,38246.8,21253.8,16993.0,33475.0,26.957637997432606,False,1072.0265111945237,55308.53159484847,-34308.53159484847,46.0,40.0,96.0,71.5,46.0,40.0
TailSitter_Bicopter_Big_OptWing,TMOTOR_U15XXL_KV29,62.0,Grepow_NMC811_24S1P_87Ah,87000,24,55774.8,21253.8,34521.0,44965.12,88.34502755408238,True,1076.0021453099812,66526.49604335503,20473.50395664497,55.5,45.5,100.0,81.0,55.5,45.5
TailSitter_Bicopter_Big_OptWing,TMOTOR_U15XXL_KV29,62.0,Grepow_NMC811_24S2P_24Ah,24000,24,39885.8,21253.8,18632.0,33829.24,30.808729139922978,False,1072.2917950804986,56190.313626392955,-32190.313626392955,47.0,40.0,97.0,72.5,47.0,40.0
TailSitter_Bicopter_Big_OptWing,TMOTOR_U15XXL_KV29,62.0,Amprius_SA88_24S4P_42Ah,42000,24,43141.8,21253.8,21888.0,37363.0,53.91527599486521,False,1073.1046873633693,57871.072458575036,-15871.072458575036,49.0,40.0,99.0,74.5,49.0,40.0
TailSitter_Bicopter_Big_OptWing,TMOTOR_U15XXL_KV29,62.0,Amprius_SA88_24S6P_63Ah,63000,24,48035.8,21253.8,26782.0,41251.0,78.58610976944045,True,1074.4932867071136,61271.75596652326,1728.244033476738,51.5,41.0,100.0,77.5,51.5,41.0
TailSitter_Bicopter_Big_OptWing,TMOTOR_U15XXL_KV29,62.0,Grepow_NMC811_small_24S4P_48Ah,48000,24,46417.8,21253.8,25164.0,38071.479999999996,61.617458279845955,False,1074.2751120042242,60006.5918237994,-12006.591823799397,51.0,40.0,100.0,76.5,51.0,40.0
